scenario_id,scenario,section,purpose,order,id,legacy_ids,pos,gender,pt,en,zh_hans,zh_hant,example_pt,example_en,example_zh_hans,example_zh_hant,note
agua_luz_gas,"Água, Luz e Gás",vocabulario,,,az-0137,m3-agua,noun,f,a água,water,水,水,Ponha água na panela.,Put water in the pot.,请把水倒进锅里。,請把水倒進鍋裡。,
agua_luz_gas,"Água, Luz e Gás",vocabulario,,,az-0160,m3-conta,noun,f,a conta,bill,账单,帳單,"Era a conta, se faz favor.","The bill, please.",请给我账单。,請給我帳單。,
agua_luz_gas,"Água, Luz e Gás",vocabulario,,,az-0162,m3-fatura,noun,f,a fatura,invoice,发票,發票,Pode dar-me uma fatura?,Can you give me an invoice?,可以给我一张发票吗？,可以給我一張發票嗎？,
agua_luz_gas,"Água, Luz e Gás",vocabulario,,,az-0231,m5-pagar-a-conta,,,pagar a conta,to pay the bill,支付账单,支付帳單,Queria pagar a conta da água.,I would like to pay the water bill.,我想付水费账单。,我想付水費帳單。,
agua_luz_gas,"Água, Luz e Gás",vocabulario,,,az-0602,situacao-o-iban,noun,m,o IBAN,IBAN (bank account number),IBAN（國际银行账号）,IBAN（國際銀行帳號）,,,,,"Needed for salary, rent, utilities"
agua_luz_gas,"Água, Luz e Gás",vocabulario,,,az-0606,situacao-a-transferencia-bancaria,noun,f,a transferência bancária,bank transfer,银行转账,銀行轉帳,,,,,
agua_luz_gas,"Água, Luz e Gás",vocabulario,,,az-0612,situacao-o-titular-da-conta,noun,m,o titular da conta,account holder,账户持有人,帳戶持有人,,,,,
agua_luz_gas,"Água, Luz e Gás",vocabulario,,,az-0613,situacao-o-homebanking-a-app-do-banco,noun,m,o homebanking / a app do banco,online banking / banking app,网上银行／银行应用程式,網上銀行／銀行應用程式,,,,,
agua_luz_gas,"Água, Luz e Gás",vocabulario,,,az-0626,situacao-as-guias-de-pagamento,noun,f-pl,as guias de pagamento,payment slips,缴费单,繳費單,,,,,
agua_luz_gas,"Água, Luz e Gás",vocabulario,,,az-0646,situacao-pagar-uma-taxa,,,pagar uma taxa,to pay a fee,缴納费用,繳納費用,,,,,
agua_luz_gas,"Água, Luz e Gás",vocabulario,,,az-0704,situacao-o-comprovativo,noun,m,o comprovativo,proof / receipt (of application),申请憑证,申請憑證,,,,,
agua_luz_gas,"Água, Luz e Gás",vocabulario,,,az-0713,situacao-despesas-incluidas,,,despesas incluídas,bills included,包水电杂费,包水電雜費,,,,,
agua_luz_gas,"Água, Luz e Gás",vocabulario,,,az-0796,situacao-o-debito-direto,noun,m,o débito direto,direct debit,自动扣款,自動扣款,,,,,How utilities are usually paid
agua_luz_gas,"Água, Luz e Gás",vocabulario,,,az-0805,situacao-a-comissao,noun,f,a comissão,fee / charge,手续费,手續費,,,,,
agua_luz_gas,"Água, Luz e Gás",vocabulario,,,az-0811,situacao-pagar-em-prestacoes,,,pagar em prestações,to pay in instalments,分期缴納,分期繳納,,,,,
agua_luz_gas,"Água, Luz e Gás",vocabulario,,,az-0967,situacao-o-aquecimento,noun,m,o aquecimento,heating,暖气,暖氣,,,,,
agua_luz_gas,"Água, Luz e Gás",vocabulario,,,az-0968,situacao-o-esquentador,noun,m,o esquentador,gas water heater,燃气热水器,燃氣熱水器,,,,,Very common in PT flats; learn this word
agua_luz_gas,"Água, Luz e Gás",vocabulario,,,az-0969,situacao-a-caldeira,noun,f,a caldeira,boiler,锅炉,鍋爐,,,,,
agua_luz_gas,"Água, Luz e Gás",vocabulario,,,az-0972,situacao-avariado-a,,,avariado/a,broken / out of order,坏了／故障,壞了／故障,,,,,
agua_luz_gas,"Água, Luz e Gás",vocabulario,,,az-1011,situacao-reportar-uma-avaria,,,reportar uma avaria,to report a fault,報修,報修,,,,,
agua_luz_gas,"Água, Luz e Gás",vocabulario,,,az-1267,situacao-o-contrato-de-fornecimento,noun,m,o contrato de fornecimento,utility supply contract,公用事业供应合同,公用事業供應合約,O contrato de fornecimento fica em nome da inquilina.,The utility contract is in the tenant's name.,公用事业合同登记在房客名下。,公用事業合約登記在房客名下。,
agua_luz_gas,"Água, Luz e Gás",vocabulario,,,az-1268,situacao-o-contador,noun,m,o contador,meter,计量表,計量錶,O contador da eletricidade fica no corredor.,The electricity meter is in the corridor.,电表在走廊里。,電錶在走廊裡。,
agua_luz_gas,"Água, Luz e Gás",vocabulario,,,az-1269,situacao-a-leitura-do-contador,noun,f,a leitura do contador,meter reading,抄表数值,抄錶數值,Enviei a leitura do contador pela aplicação.,I sent the meter reading through the app.,我通过应用程序提交了抄表数值。,我透過應用程式提交了抄錶數值。,
agua_luz_gas,"Água, Luz e Gás",vocabulario,,,az-1270,situacao-a-potencia-contratada,noun,f,a potência contratada,contracted power level,合同电力容量,合約電力容量,Esta potência contratada não chega para a casa toda.,This contracted power level is not enough for the whole home.,这个合同电力容量不够全屋使用。,這個合約電力容量不夠全屋使用。,
agua_luz_gas,"Água, Luz e Gás",vocabulario,,,az-1271,situacao-a-tarifa-bi-horaria,noun,f,a tarifa bi-horária,time-of-use tariff,分时电价,分時電價,A tarifa bi-horária fica mais barata durante a noite.,The time-of-use tariff is cheaper at night.,分时电价在夜间更便宜。,分時電價在夜間更便宜。,
agua_luz_gas,"Água, Luz e Gás",vocabulario,,,az-1272,situacao-a-falha-de-eletricidade,noun,f,a falha de eletricidade,power cut,停电,停電,Houve uma falha de eletricidade no prédio.,There was a power cut in the building.,这栋楼停电了。,這棟樓停電了。,
agua_luz_gas,"Água, Luz e Gás",vocabulario,,,az-1273,situacao-a-fuga-de-gas,noun,f,a fuga de gás,gas leak,燃气泄漏,燃氣洩漏,"Se sentir cheiro, feche o gás e comunique a fuga.","If you smell gas, turn it off and report the leak.",闻到气味时要关闭燃气并报告泄漏。,聞到氣味時要關閉燃氣並報告洩漏。,
agua_luz_gas,"Água, Luz e Gás",vocabulario,,,az-1274,situacao-mudar-o-titular,verb,,mudar o titular,to change the account holder,更改户名,更改戶名,Quero mudar o titular do contrato.,I want to change the account holder on the contract.,我想更改合同户名。,我想更改合約戶名。,
agua_luz_gas,"Água, Luz e Gás",vocabulario,,,az-1275,situacao-comunicar-a-leitura,,,comunicar a leitura,to submit a meter reading,提交抄表数值,提交抄錶數值,Pode comunicar a leitura por telefone.,You can submit the reading by phone.,您可以通过电话提交抄表数值。,您可以透過電話提交抄錶數值。,
agua_luz_gas,"Água, Luz e Gás",vocabulario,,,az-1276,situacao-a-data-limite-de-pagamento,noun,f,a data limite de pagamento,payment deadline,付款截止日期,付款截止日期,A data limite de pagamento é dia vinte.,The payment deadline is the twentieth.,付款截止日期是二十日。,付款截止日期是二十日。,
agua_luz_gas,"Água, Luz e Gás",dialogo,,435,dialogo-agua_luz_gas-boa-tarde-quero-por-o-contrato-da-eletricidade-em-meu-nome,,,,Boa tarde. Quero pôr o contrato da eletricidade em meu nome.,Good afternoon. I want to put the electricity contract in my name.,下午好。我想把电力合同改成我的名字。,午安。我想把電力合約改成我的名字。,,,,,
agua_luz_gas,"Água, Luz e Gás",dialogo,,436,dialogo-agua_luz_gas-tem-o-contrato-de-arrendamento-e-uma-leitura-do-contador,,,,Tem o contrato de arrendamento e uma leitura do contador?,Do you have the tenancy agreement and a meter reading?,您有租赁合同和抄表数值吗？,您有租賃合約和抄錶數值嗎？,,,,,
agua_luz_gas,"Água, Luz e Gás",dialogo,,437,dialogo-agua_luz_gas-tenho-tambem-queria-aderir-ao-debito-direto,,,,Tenho. Também queria aderir ao débito direto.,I do. I'd also like to set up direct debit.,有。我还想开通自动扣款。,有。我還想設定直接付款。,,,,,
agua_luz_gas,"Água, Luz e Gás",dialogo,,438,dialogo-agua_luz_gas-preciso-do-seu-iban-e-documento-de-identificacao,,,,Preciso do seu IBAN e documento de identificação.,I need your IBAN and identity document.,我需要您的IBAN和身份证件。,我需要您的IBAN和身份證明文件。,,,,,
agua_luz_gas,"Água, Luz e Gás",dialogo,,439,dialogo-agua_luz_gas-qual-e-a-potencia-contratada-mais-indicada,,,,Qual é a potência contratada mais indicada?,Which contracted power level is most suitable?,哪种合同电力容量最合适？,哪種合約電力容量最合適？,,,,,
agua_luz_gas,"Água, Luz e Gás",dialogo,,440,dialogo-agua_luz_gas-para-duas-pessoas-3-45-kva-costuma-ser-suficiente,,,,"Para duas pessoas, 3,45 kVA costuma ser suficiente.","For two people, 3.45 kVA is usually enough.",两个人通常3.45千伏安就够了。,兩個人通常3.45千伏安就夠了。,,,,,
agua_luz_gas,"Água, Luz e Gás",dialogo,,441,dialogo-agua_luz_gas-quando-comeca-o-fornecimento,,,,Quando começa o fornecimento?,When does the supply start?,什么时候开始供电？,甚麼時候開始供電？,,,,,
agua_luz_gas,"Água, Luz e Gás",dialogo,,442,dialogo-agua_luz_gas-se-nao-houver-problemas-fica-ativo-amanha,,,,"Se não houver problemas, o contrato fica ativo amanhã.","If there are no issues, the contract will be active tomorrow.",如果没有问题，合同明天就会生效。,如果沒有問題，合約明天就會生效。,,,,,
agua_luz_gas,"Água, Luz e Gás",dialogo,expanded real-world coverage,663,dialogo-agua_luz_gas-a-fatura-deste-mes-e-muito-mais-alta-do-que-o-habitual,,,,A fatura deste mês é muito mais alta do que o habitual.,This month's bill is much higher than usual.,这个月的账单比平时高很多。,這個月的賬單比平時高很多。,,,,,
agua_luz_gas,"Água, Luz e Gás",dialogo,expanded real-world coverage,664,dialogo-agua_luz_gas-pode-confirmar-se-a-leitura-e-real-ou-estimada,,,,Pode confirmar se a leitura é real ou estimada?,Can you check whether the reading is actual or estimated?,您能确认这是实际读数还是估算读数吗？,您能確認這是實際讀數還是估算讀數嗎？,,,,,
agua_luz_gas,"Água, Luz e Gás",dialogo,expanded real-world coverage,665,dialogo-agua_luz_gas-diz-que-e-estimada-posso-comunicar-a-leitura-agora,,,,Diz que é estimada. Posso comunicar a leitura agora?,It says it is estimated. Can I submit the reading now?,上面写的是估算。我现在可以提交读数吗？,上面寫的是估算。我現在可以提交讀數嗎？,,,,,
agua_luz_gas,"Água, Luz e Gás",dialogo,expanded real-world coverage,666,dialogo-agua_luz_gas-sim-diga-os-numeros-que-aparecem-no-contador,,,,Sim. Diga os números que aparecem no contador.,Yes. Tell me the numbers shown on the meter.,可以。请告诉我计量表上显示的数字。,可以。請告訴我錶上顯示的數字。,,,,,
agua_luz_gas,"Água, Luz e Gás",dialogo,expanded real-world coverage,667,dialogo-agua_luz_gas-tambem-ficamos-sem-eletricidade-so-neste-apartamento,,,,Também ficámos sem eletricidade só neste apartamento.,We have also lost power only in this flat.,另外，只有我们这套公寓停电了。,另外，只有我們這個單位停電了。,,,,,
agua_luz_gas,"Água, Luz e Gás",dialogo,expanded real-world coverage,668,dialogo-agua_luz_gas-verifique-primeiro-o-disjuntor-e-se-ha-avisos-de-avaria-na-zona,,,,Verifique primeiro o disjuntor e se há avisos de avaria na zona.,First check the circuit breaker and whether there are outage notices for the area.,请先检查断路器，并查看该地区是否有故障通知。,請先檢查斷路器，並查看該區是否有故障通知。,,,,,
agua_luz_gas,"Água, Luz e Gás",dialogo,expanded real-world coverage,669,dialogo-agua_luz_gas-o-disjuntor-volta-a-desligar-quando-ligo-o-esquentador,,,,O disjuntor volta a desligar quando ligo o esquentador.,The breaker trips again when I switch on the water heater.,一开热水器，断路器就再次跳闸。,一開熱水爐，斷路器就再次跳掣。,,,,,
agua_luz_gas,"Água, Luz e Gás",dialogo,expanded real-world coverage,670,dialogo-agua_luz_gas-desligue-o-aparelho-e-chame-um-tecnico-qualificado,,,,Desligue o aparelho e chame um técnico qualificado.,Switch off the appliance and call a qualified technician.,请关闭设备并联系合资格技术人员。,請關掉設備並聯絡合資格技術人員。,,,,,
agua_luz_gas,"Água, Luz e Gás",dialogo,expanded real-world coverage,671,dialogo-agua_luz_gas-senti-cheiro-a-gas-no-patamar-do-predio,,,,Senti cheiro a gás no patamar do prédio.,I smelled gas on the building landing.,我在楼层走廊闻到燃气味。,我在樓層走廊聞到煤氣味。,,,,,
agua_luz_gas,"Água, Luz e Gás",dialogo,expanded real-world coverage,672,dialogo-agua_luz_gas-nao-acenda-luzes-ventile-se-for-seguro-e-ligue-para-a-emergencia-do-gas,,,,"Não acenda luzes, ventile se for seguro e ligue para a emergência do gás.",Do not switch on lights; ventilate if safe and call the gas emergency line.,不要开灯；在安全情况下通风，并拨打燃气紧急电话。,不要開燈；在安全情況下通風，並致電煤氣緊急熱線。,,,,,
agua_luz_gas,"Água, Luz e Gás",dialogo,expanded real-world coverage,673,dialogo-agua_luz_gas-tenho-de-sair-do-predio,,,,Tenho de sair do prédio?,Do I need to leave the building?,我需要离开大楼吗？,我需要離開大廈嗎？,,,,,
agua_luz_gas,"Água, Luz e Gás",dialogo,expanded real-world coverage,674,dialogo-agua_luz_gas-siga-as-instrucoes-da-linha-de-emergencia-e-avise-os-vizinhos-sem-usar-campainhas,,,,Siga as instruções da linha de emergência e avise os vizinhos sem usar campainhas.,Follow the emergency line's instructions and warn neighbours without using doorbells.,请遵循紧急热线指示，并不要使用门铃，通知邻居。,請遵從緊急熱線指示，並不要使用門鐘，通知鄰居。,,,,,
agua_luz_gas,"Água, Luz e Gás",cartao,,287,cartao-agua_luz_gas-quero-mudar-o-titular-do-contrato,,,,Quero mudar o titular do contrato.,I want to change the account holder.,我想更改合同户名。,我想更改合約戶名。,,,,,
agua_luz_gas,"Água, Luz e Gás",cartao,,288,cartao-agua_luz_gas-quero-comunicar-a-leitura-do-contador,,,,Quero comunicar a leitura do contador.,I want to submit a meter reading.,我想提交抄表数值。,我想提交抄錶數值。,,,,,
agua_luz_gas,"Água, Luz e Gás",cartao,,289,cartao-agua_luz_gas-a-fatura-parece-estar-errada,,,,A fatura parece estar errada.,The bill seems to be wrong.,账单似乎有误。,賬單似乎有誤。,,,,,
agua_luz_gas,"Água, Luz e Gás",cartao,,290,cartao-agua_luz_gas-estamos-sem-eletricidade,,,,Estamos sem eletricidade.,We have no electricity.,我们停电了。,我們停電了。,,,,,
agua_luz_gas,"Água, Luz e Gás",cartao,,291,cartao-agua_luz_gas-sinto-cheiro-a-gas,,,,Sinto cheiro a gás.,I can smell gas.,我闻到燃气味。,我聞到燃氣味。,,,,,
agua_luz_gas,"Água, Luz e Gás",cartao,useful situation example,606,cartao-agua_luz_gas-pode-dar-me-informacoes-sobre-o-titular-da-conta,,,,Quero alterar o titular da conta.,I want to change the account holder.,我想更改账户持有人。,我想更改帳戶持有人。,,,,,
agua_luz_gas,"Água, Luz e Gás",cartao,useful situation example,607,cartao-agua_luz_gas-onde-posso-encontrar-informacoes-sobre-o-iban,,,,Onde posso atualizar o IBAN?,Where can I update the IBAN?,我可以在哪里更新 IBAN？,我可以在哪裡更新 IBAN？,,,,,
agua_luz_gas,"Água, Luz e Gás",cartao,useful situation example,608,cartao-agua_luz_gas-pode-dar-me-informacoes-sobre-o-esquentador,,,,O esquentador não acende.,The water heater will not light.,热水器点不着。,熱水爐點不著。,,,,,
agua_luz_gas,"Água, Luz e Gás",cartao,useful situation example,609,cartao-agua_luz_gas-preciso-de-esclarecer-uma-duvida-sobre-o-debito-direto,,,,Preciso de esclarecer uma dúvida sobre o débito direto.,I have a question about direct debit.,我需要咨询有关自动扣款的问题。,我需要查詢有關自動扣款的問題。,,,,,
agua_luz_gas,"Água, Luz e Gás",cartao,useful situation example,610,cartao-agua_luz_gas-com-quem-devo-falar-sobre-as-guias-de-pagamento,,,,Onde posso obter as guias de pagamento?,Where can I get the payment slips?,我可以在哪里取得缴费单？,我可以在哪裡取得繳費單？,,,,,
agua_luz_gas,"Água, Luz e Gás",cartao,useful situation example,611,cartao-agua_luz_gas-queria-informacoes-sobre-a-transferencia-bancaria,,,,Posso pagar por transferência bancária?,Can I pay by bank transfer?,可以银行转账付款吗？,可以銀行轉帳付款嗎？,,,,,
agua_luz_gas,"Água, Luz e Gás",cartao,useful situation example,612,cartao-agua_luz_gas-preciso-de-esclarecer-uma-duvida-sobre-a-caldeira,,,,Gostaria de saber mais sobre a caldeira.,I would like to know more about boiler.,我想进一步了解锅炉。,我想進一步了解鍋爐。,,,,,
agua_luz_gas,"Água, Luz e Gás",cartao,useful situation example,613,cartao-agua_luz_gas-com-quem-devo-falar-sobre-a-comissao,,,,Esta forma de pagamento tem comissão?,Is there a fee for this payment method?,这种付款方式收手续费吗？,這種付款方式收手續費嗎？,,,,,
agua_luz_gas,"Água, Luz e Gás",cartao,useful situation example,614,cartao-agua_luz_gas-queria-informacoes-sobre-o-comprovativo,,,,Preciso de um comprovativo de pagamento.,I need proof of payment.,我需要付款凭证。,我需要付款證明。,,,,,
agua_luz_gas,"Água, Luz e Gás",cartao,useful situation example,615,cartao-agua_luz_gas-pode-dar-me-uma-fatura,,,,Pode dar-me uma fatura?,Can you give me an invoice?,可以给我一张发票吗？,可以給我一張發票嗎？,,,,,
agua_luz_gas,"Água, Luz e Gás",cartao,useful situation example,616,cartao-agua_luz_gas-queria-informacoes-sobre-o-aquecimento,,,,O aquecimento não está a funcionar.,The heating is not working.,暖气坏了。,暖氣壞了。,,,,,
agua_luz_gas,"Água, Luz e Gás",cartao,useful situation example,617,cartao-agua_luz_gas-queria-pagar-em-prestacoes-por-favor,,,,"Queria pagar em prestações, por favor.","I would like to pay in instalments, please.",我想分期缴納。,我想分期繳納。,,,,,
agua_luz_gas,"Água, Luz e Gás",cartao,useful situation example,618,cartao-agua_luz_gas-queria-reportar-uma-avaria-por-favor,,,,"Queria reportar uma avaria, por favor.","I would like to report a fault, please.",我想報修。,我想報修。,,,,,
agua_luz_gas,"Água, Luz e Gás",cartao,useful situation example,619,cartao-agua_luz_gas-pode-comunicar-a-leitura-por-telefone,,,,Pode comunicar a leitura por telefone.,You can submit the reading by phone.,您可以通过电话提交抄表数值。,您可以透過電話提交抄錶數值。,,,,,
agua_luz_gas,"Água, Luz e Gás",cartao,useful situation example,620,cartao-agua_luz_gas-queria-pagar-uma-taxa-por-favor,,,,"Queria pagar uma taxa, por favor.","I would like to pay a fee, please.",我想缴納费用。,我想繳納費用。,,,,,
aima,AIMA,vocabulario,,,az-0658,situacao-a-aima,noun,,AIMA,"Agency for Integration, Migration and Asylum",移民与庇护融合署,移民與庇護融合署,,,,,
aima,AIMA,vocabulario,,,az-0659,situacao-a-autorizacao-de-residencia-ar,noun,f,a autorização de residência (AR),residence permit,居留許可,居留許可,,,,,
aima,AIMA,vocabulario,,,az-0660,situacao-o-titulo-de-residencia,noun,m,o título de residência,residence card (the physical document),居留证（实体证件）,居留證（實體證件）,,,,,
aima,AIMA,vocabulario,,,az-0661,situacao-a-renovacao,noun,f,a renovação,renewal,续期,續期,,,,,"Apply from 90 days, up to 30 days before expiry"
aima,AIMA,vocabulario,,,az-0662,situacao-o-portal-das-renovacoes,noun,m,o Portal das Renovações,the online Renewals Portal,线上续期平台,線上續期平台,,,,,portal-renovacoes.aima.gov.pt; opened month by month
aima,AIMA,vocabulario,,,az-0663,situacao-a-marcacao-o-agendamento,noun,f,a marcação / o agendamento,appointment / booking,预约,預約,,,,,
aima,AIMA,vocabulario,,,az-0664,situacao-a-recolha-de-dados-biometricos,noun,f,a recolha de dados biométricos,biometric data collection,採集生物识別资料（按指紋等）,採集生物識別資料（按指紋等）,,,,,
aima,AIMA,vocabulario,,,az-0665,situacao-o-comprovativo-de-meios-de-subsistencia,noun,m,o comprovativo de meios de subsistência,proof of means of subsistence,生活來源证明,生活來源證明,,,,,"Work contract, payslips or bank statement"
aima,AIMA,vocabulario,,,az-0240,situacao-o-registo-criminal,noun,m,o registo criminal,criminal record (check),无犯罪记录,無犯罪記錄,,,,,Consent for lookup usually given at the counter
aima,AIMA,vocabulario,,,az-0566,,noun,m,o reagrupamento familiar,family reunification,家庭团聚,家庭團聚,,,,,
aima,AIMA,vocabulario,,,az-0667,situacao-o-processo-pendente,noun,m,o processo pendente,pending case/process,待处理的申请,待處理的申請,,,,,
aima,AIMA,vocabulario,,,az-0668,situacao-caducado-a,,,caducado/a,expired,已过期,已過期,,,,,AR expired <6 months can still renew
aima,AIMA,vocabulario,,,az-0669,situacao-as-taxas,noun,f-pl,as taxas,fees,费用,費用,,,,,
aima,AIMA,vocabulario,,,az-0886,situacao-o-pedido-de-nacionalidade,noun,m,o pedido de nacionalidade,citizenship application,入籍申请,入籍申請,,,,,
aima,AIMA,vocabulario,,,az-0887,situacao-a-apostila-de-haia,noun,f,a apostila (de Haia),(Hague) apostille,海牙认证,海牙認證,,,,,Foreign documents must be apostilled
aima,AIMA,vocabulario,,,az-0888,situacao-a-traducao-certificada,noun,f,a tradução certificada,certified translation,认证翻译,認證翻譯,,,,,
aima,AIMA,vocabulario,,,az-0889,situacao-a-certidao-de-nascimento,noun,f,a certidão de nascimento,birth certificate,出生证明,出生證明,,,,,
aima,AIMA,vocabulario,,,az-0890,situacao-o-registo-criminal-do-pais-de-origem,noun,m,o registo criminal do país de origem,criminal record from home country,原籍國无犯罪记录,原籍國無犯罪記錄,,,,,
aima,AIMA,vocabulario,,,az-0891,situacao-o-visto-de-trabalho-de-estudo,noun,m,o visto de trabalho / de estudo,work / study visa,工作签证／学生签证,工作簽證／學生簽證,,,,,
aima,AIMA,vocabulario,,,az-0892,situacao-a-prorrogacao-de-permanencia,noun,f,a prorrogação de permanência,extension of stay,延期居留,延期居留,,,,,
aima,AIMA,vocabulario,,,az-0893,situacao-o-comprovativo-de-agendamento,noun,m,o comprovativo de agendamento,proof of appointment,预约憑证,預約憑證,,,,,
aima,AIMA,vocabulario,,,az-0894,situacao-o-numero-de-processo,noun,m,o número de processo,case number,案件編号,案件編號,,,,,
aima,AIMA,vocabulario,,,az-0895,situacao-o-estado-do-processo,noun,m,o estado do processo,case status,案件状态,案件狀態,,,,,
aima,AIMA,vocabulario,,,az-0896,situacao-a-notificacao,noun,f,a notificação,official notification,官方通知,官方通知,,,,,
aima,AIMA,vocabulario,,,az-0529,,noun,m,o prazo,deadline,期限,期限,,,,,
aima,AIMA,vocabulario,,,az-0897,situacao-em-analise,,,em análise,under review,审核中,審核中,,,,,
aima,AIMA,vocabulario,,,az-0898,situacao-deferido-indeferido,,,deferido / indeferido,approved / rejected,获批／被拒,獲批／被拒,,,,,
aima,AIMA,vocabulario,,,az-0899,situacao-o-vinculo-laboral,noun,m,o vínculo laboral,employment relationship,劳动关係（在职证明）,勞動關係（在職證明）,,,,,
aima,AIMA,vocabulario,,,az-0900,situacao-o-seguro-de-viagem-de-saude,noun,m,o seguro de viagem / de saúde,travel / health insurance,旅行保险／医疗保险,旅行保險／醫療保險,,,,,
aima,AIMA,vocabulario,,,az-0901,situacao-a-declaracao-da-entidade-patronal,noun,f,a declaração da entidade patronal,employer's declaration,雇主声明,僱主聲明,,,,,
aima,AIMA,vocabulario,,,az-0902,situacao-o-agregado-familiar,noun,m,o agregado familiar,household / family unit,家庭成员,家庭成員,,,,,
aima,AIMA,vocabulario,,,az-0903,situacao-a-residencia-legal,noun,f,a residência legal,legal residence,合法居留,合法居留,,,,,
aima,AIMA,vocabulario,,,az-0904,situacao-o-atendimento-presencial,noun,m,o atendimento presencial,in-person service,现场办理,現場辦理,,,,,
aima,AIMA,dialogo,,39,dialogo-aima-bom-dia-tenho-uma-marcacao-para-renovar-a-autorizacao-,,,,"Bom dia, tenho uma marcação para renovar a autorização de residência.","Good morning, I have an appointment to renew my residence permit.",早上好，我有续居留許可的预约。,早上好，我有續居留許可的預約。,,,,,
aima,AIMA,dialogo,,40,dialogo-aima-pode-mostrar-o-titulo-de-residencia-e-o-passaporte,,,,Pode mostrar o título de residência e o passaporte?,Can you show me your residence card and passport?,可以出示您的居留证和护照吗？,可以出示您的居留證和護照嗎？,,,,,
aima,AIMA,dialogo,,41,dialogo-aima-aqui-estao-tambem-trouxe-o-comprovativo-de-morada-e-os,,,,Aqui estão. Também trouxe o comprovativo de morada e os recibos de vencimento.,Here they are. I also brought proof of address and my payslips.,在这里。我还带了住址证明和工资单。,在這裡。我還帶了住址證明和工資單。,,,,,
aima,AIMA,dialogo,,42,dialogo-aima-autoriza-a-consulta-do-seu-registo-criminal,,,,Autoriza a consulta do seu registo criminal?,Do you authorise us to check your criminal record?,您授权我们查询您的无犯罪记录吗？,您授權我們查詢您的無犯罪記錄嗎？,,,,,
aima,AIMA,dialogo,,43,dialogo-aima-sim-autorizo,,,,"Sim, autorizo.","Yes, I do.",是的，我授权。,是的，我授權。,,,,,
aima,AIMA,dialogo,,44,dialogo-aima-vamos-agora-recolher-os-dados-biometricos,,,,Vamos agora recolher os dados biométricos.,We'll now collect your biometric data.,现在我们採集您的生物识別资料。,現在我們採集您的生物識別資料。,,,,,
aima,AIMA,dialogo,,45,dialogo-aima-quando-recebo-o-novo-titulo,,,,Quando recebo o novo título?,When will I receive the new card?,新证件什么时候能拿到？,新證件什麼時候能拿到？,,,,,
aima,AIMA,dialogo,,46,dialogo-aima-e-enviado-por-correio-para-a-sua-morada-guarde-o-compr,,,,É enviado por correio para a sua morada. Guarde o comprovativo do pedido.,It's sent by post to your address. Keep the proof of application.,会邮寄到您的地址。请保存好申请憑证。,會郵寄到您的地址。請保存好申請憑證。,,,,,
aima,AIMA,dialogo,,179,dialogo-aima-bom-dia-queria-saber-o-estado-do-meu-processo,,,,"Bom dia, queria saber o estado do meu processo.","Good morning, I'd like to know the status of my case.",早上好，我想查询我的案件状态。,早上好，我想查詢我的案件狀態。,,,,,
aima,AIMA,dialogo,,180,dialogo-aima-tem-o-numero-de-processo,,,,Tem o número de processo?,Do you have the case number?,您有案件編号吗？,您有案件編號嗎？,,,,,
aima,AIMA,dialogo,,181,dialogo-aima-tenho-esta-neste-comprovativo,,,,"Tenho, está neste comprovativo.","Yes, it's on this receipt.",有，在这张憑证上。,有，在這張憑證上。,,,,,
aima,AIMA,dialogo,,182,dialogo-aima-o-processo-esta-em-analise-falta-um-documento-o-regist,,,,O processo está em análise. Falta um documento: o registo criminal apostilado.,The case is under review. One document is missing: the apostilled criminal record.,案件正在审核。缺一份文件：经海牙认证的无犯罪记录。,案件正在審核。缺一份文件：經海牙認證的無犯罪記錄。,,,,,
aima,AIMA,dialogo,,183,dialogo-aima-posso-entregar-por-email-ou-tem-de-ser-presencial,,,,Posso entregar por email ou tem de ser presencial?,Can I submit it by email or must it be in person?,可以邮件提交还是必须到场？,可以郵件提交還是必須到場？,,,,,
aima,AIMA,dialogo,,184,dialogo-aima-pode-carregar-no-portal-com-o-numero-de-processo,,,,"Pode carregar no portal, com o número de processo.","You can upload it on the portal, with your case number.",可以用案件編号在网站上上传。,可以用案件編號在網站上上傳。,,,,,
aima,AIMA,dialogo,,185,dialogo-aima-quero-pedir-a-nacionalidade-que-documentos-preciso,,,,Quero pedir a nacionalidade. Que documentos preciso?,I want to apply for citizenship. What documents do I need?,我想申请入籍。需要哪些文件？,我想申請入籍。需要哪些文件？,,,,,
aima,AIMA,dialogo,,186,dialogo-aima-certidao-de-nascimento-apostilada-e-traduzida-e-regist,,,,"Certidão de nascimento apostilada e traduzida, e registo criminal.","Apostilled and translated birth certificate, and criminal record.",经海牙认证并翻译的出生证明，以及无犯罪记录。,經海牙認證並翻譯的出生證明，以及無犯罪記錄。,,,,,
aima,AIMA,dialogo,,187,dialogo-aima-a-traducao-tem-de-ser-certificada,,,,A tradução tem de ser certificada?,Does the translation have to be certified?,翻译必须是认证的吗？,翻譯必須是認證的嗎？,,,,,
aima,AIMA,dialogo,,188,dialogo-aima-sim-feita-por-tradutor-certificado-ou-notario,,,,"Sim, feita por tradutor certificado ou notário.","Yes, done by a certified translator or notary.",是的，由认证翻译或公证处出具。,是的，由認證翻譯或公證處出具。,,,,,
aima,AIMA,dialogo,,189,dialogo-aima-e-preciso-de-prova-de-residencia-legal-de-cinco-anos,,,,E preciso de prova de residência legal de cinco anos?,And do I need proof of five years' legal residence?,还需要五年合法居留证明吗？,還需要五年合法居留證明嗎？,,,,,
aima,AIMA,dialogo,,190,dialogo-aima-sim-contam-os-anos-com-autorizacao-de-residencia-valid,,,,"Sim, contam os anos com autorização de residência válida.","Yes, years with a valid residence permit count.",是的，持有效居留許可的年份都计算在内。,是的，持有效居留許可的年份都計算在內。,,,,,
aima,AIMA,cartao,,29,cartao-aima-tenho-marcacao-as-hora-em-nome-de-nome,,,,"Tenho marcação às [hora], em nome de [nome].","I have an appointment at [time], under the name [name].",我有[时间]的预约，名字是[姓名]。,我有[時間]的預約，名字是[姓名]。,,,,,
aima,AIMA,cartao,,30,cartao-aima-venho-renovar-a-autorizacao-de-residencia,,,,Venho renovar a autorização de residência.,I'm here to renew my residence permit.,我來续居留許可。,我來續居留許可。,,,,,
aima,AIMA,cartao,,31,cartao-aima-trago-passaporte-titulo-comprovativo-de-morada-e-recib,,,,"Trago passaporte, título, comprovativo de morada e recibos.","I have my passport, residence card, proof of address and payslips.",我带了护照、居留证、住址证明和工资单。,我帶了護照、居留證、住址證明和工資單。,,,,,
aima,AIMA,cartao,,32,cartao-aima-autorizo-a-consulta-do-registo-criminal,,,,Autorizo a consulta do registo criminal.,I authorise the criminal record check.,我授权查询无犯罪记录。,我授權查詢無犯罪記錄。,,,,,
aima,AIMA,cartao,,33,cartao-aima-o-meu-processo-esta-pendente-este-e-o-comprovativo,,,,O meu processo está pendente — este é o comprovativo.,My case is pending — here's the proof.,我的申请还在处理中——这是憑证。,我的申請還在處理中——這是憑證。,,,,,
aima,AIMA,cartao,,34,cartao-aima-podem-confirmar-a-minha-morada-no-sistema,,,,Podem confirmar a minha morada no sistema?,Can you confirm my address in the system?,可以确认一下系统里我的地址吗？,可以確認一下系統裡我的地址嗎？,,,,,
aima,AIMA,cartao,,116,cartao-aima-qual-e-o-estado-do-meu-processo-numero,,,,Qual é o estado do meu processo? Número: […],What's my case status? Number: […],我的案件状态如何？編号：……,我的案件狀態如何？編號：……,,,,,
aima,AIMA,cartao,,117,cartao-aima-recebi-esta-notificacao-o-que-devo-fazer,,,,Recebi esta notificação — o que devo fazer?,I received this notification — what should I do?,我收到这份通知——该怎么办？,我收到這份通知——該怎麼辦？,,,,,
aima,AIMA,cartao,,118,cartao-aima-os-documentos-estao-apostilados-e-traduzidos,,,,Os documentos estão apostilados e traduzidos.,The documents are apostilled and translated.,文件已做海牙认证并翻译。,文件已做海牙認證並翻譯。,,,,,
aima,AIMA,cartao,,119,cartao-aima-posso-carregar-o-documento-no-portal,,,,Posso carregar o documento no portal?,Can I upload the document on the portal?,可以在网站上上传文件吗？,可以在網站上上傳文件嗎？,,,,,
aima,AIMA,cartao,,120,cartao-aima-quero-atualizar-a-morada-no-processo,,,,Quero atualizar a morada no processo.,I want to update the address on my case.,我想更新案件中的地址。,我想更新案件中的地址。,,,,,
aima,AIMA,cartao,useful situation example,392,cartao-aima-onde-posso-encontrar-informacoes-sobre-a-declaracao-da-entidade-patronal,,,,Onde posso encontrar informações sobre a declaração da entidade patronal?,Where can I find information about employer's declaration?,我可以在哪里查到有关雇主声明的信息？,我可以在哪裡查到有關僱主聲明的資訊？,,,,,
aima,AIMA,cartao,useful situation example,393,cartao-aima-onde-posso-encontrar-informacoes-sobre-a-prorrogacao-de-permanencia,,,,Gostaria de saber mais sobre a prorrogação de permanência.,I would like to know more about extension of stay.,我想进一步了解延期居留。,我想進一步了解延期居留。,,,,,
aima,AIMA,cartao,useful situation example,394,cartao-aima-onde-posso-encontrar-informacoes-sobre-o-portal-das-renovacoes,,,,Quem me pode orientar sobre o Portal das Renovações?,Who can advise me about the online Renewals Portal?,关于线上续期平台，谁可以给我指引？,關於線上續期平台，誰可以給我指引？,,,,,
aima,AIMA,cartao,useful situation example,395,cartao-aima-pode-dar-me-informacoes-sobre-a-recolha-de-dados-biometricos,,,,Pode dar-me informações sobre a recolha de dados biométricos?,Could you give me information about biometric data collection?,可以告诉我有关採集生物识別资料（按指紋等）的信息吗？,可以告訴我有關採集生物識別資料（按指紋等）的資訊嗎？,,,,,
aima,AIMA,cartao,useful situation example,396,cartao-aima-pode-dar-me-informacoes-sobre-a-certidao-de-nascimento,,,,Tenho uma questão relacionada com a certidão de nascimento.,I have a question related to birth certificate.,我有一个与出生证明有关的问题。,我有一個與出生證明有關的問題。,,,,,
aima,AIMA,cartao,useful situation example,397,cartao-aima-preciso-de-esclarecer-uma-duvida-sobre-o-comprovativo-de-meios-de-subsistencia,,,,Preciso de esclarecer uma dúvida sobre o comprovativo de meios de subsistência.,I have a question about proof of means of subsistence.,我需要咨询有关生活來源证明的问题。,我需要查詢有關生活來源證明的問題。,,,,,
aima,AIMA,cartao,useful situation example,398,cartao-aima-pode-dar-me-informacoes-sobre-o-numero-de-processo,,,,Consegue ajudar-me com uma dúvida sobre o número de processo?,Can you help me with a question about case number?,您能帮我解答一个有关案件編号的问题吗？,您能幫我解答一個有關案件編號的問題嗎？,,,,,
aima,AIMA,cartao,useful situation example,399,cartao-aima-pode-dar-me-informacoes-sobre-a-residencia-legal,,,,A quem posso pedir esclarecimentos sobre a residência legal?,Who can I ask for clarification about legal residence?,关于合法居留，我可以向谁咨询？,關於合法居留，我可以向誰查詢？,,,,,
aima,AIMA,cartao,useful situation example,400,cartao-aima-preciso-de-esclarecer-uma-duvida-sobre-o-registo-criminal-do-pais-de-origem,,,,Pode explicar-me melhor o que preciso de saber sobre o registo criminal do país de origem?,Could you explain what I need to know about criminal record from home country?,您能说明我需要了解原籍國无犯罪记录的哪些信息吗？,您能說明我需要了解原籍國無犯罪記錄的哪些資訊嗎？,,,,,
arrendamento,Arrendamento,vocabulario,,,az-0705,situacao-arrendar-um-quarto-um-apartamento,,,arrendar um quarto / um apartamento,to rent a room / a flat,租一个房间／一套公寓,租一個房間／一套公寓,,,,,
arrendamento,Arrendamento,vocabulario,,,az-0706,situacao-o-t0-t1-t2,noun,m,o T0 / T1 / T2,studio / 1-bed / 2-bed flat,开间／一房／两房公寓,開間／一房／兩房公寓,,,,,T = number of bedrooms
arrendamento,Arrendamento,vocabulario,,,az-0707,situacao-o-senhorio-a-senhoria,noun,m,o senhorio / a senhoria,landlord / landlady,房东,房東,,,,,
arrendamento,Arrendamento,vocabulario,,,az-0708,situacao-o-inquilino-a-inquilina,noun,m,o inquilino / a inquilina,tenant,房客,房客,,,,,
arrendamento,Arrendamento,vocabulario,,,az-0085,situacao-a-renda,noun,f,a renda,the rent,租金,租金,,,,,
arrendamento,Arrendamento,vocabulario,,,az-0710,situacao-a-caucao,noun,f,a caução,deposit,押金,押金,,,,,Usually 1–2 months' rent
arrendamento,Arrendamento,vocabulario,,,az-0711,situacao-o-fiador,noun,m,o fiador,guarantor,担保人,擔保人,,,,,Often asked of newcomers without payslips
arrendamento,Arrendamento,vocabulario,,,az-0643,situacao-o-contrato-de-arrendamento,noun,m,o contrato de arrendamento,rental contract,租赁合同,租賃合同,,,,,Needed as proof of address everywhere
arrendamento,Arrendamento,vocabulario,,,az-0712,situacao-o-recibo-de-renda-eletronico,noun,m,o recibo de renda (eletrónico),(electronic) rent receipt,（电子）租金收据,（電子）租金收據,,,,,Ask for it — proves address and protects you
arrendamento,Arrendamento,vocabulario,,,az-0713,situacao-despesas-incluidas,,,despesas incluídas,bills included,包水电杂费,包水電雜費,,,,,
arrendamento,Arrendamento,vocabulario,,,az-0714,situacao-mobilado-sem-mobilia,,,mobilado / sem mobília,furnished / unfurnished,带家私／不带家私,帶傢俬／不帶傢俬,,,,,
arrendamento,Arrendamento,vocabulario,,,az-0715,situacao-o-condominio,noun,m,o condomínio,building service charge,大厦管理费,大廈管理費,,,,,
arrendamento,Arrendamento,vocabulario,,,az-0716,situacao-rescindir-o-contrato,,,rescindir o contrato,to terminate the contract,解除合同,解除合同,,,,,
arrendamento,Arrendamento,vocabulario,,,az-0717,situacao-a-visita-ao-imovel,noun,f,a visita (ao imóvel),viewing,看房,看房,,,,,
arrendamento,Arrendamento,vocabulario,,,az-0963,situacao-o-anuncio,noun,m,o anúncio,listing / advert,租房广告,租房廣告,,,,,
arrendamento,Arrendamento,vocabulario,,,az-0261,situacao-a-imobiliaria,noun,f,a imobiliária,real estate agency,房产中介公司,房產中介公司,,,,,
arrendamento,Arrendamento,vocabulario,,,az-0965,situacao-o-agente-imobiliario,noun,m,o agente imobiliário,real estate agent,房产中介,房產中介,,,,,
arrendamento,Arrendamento,vocabulario,,,az-0966,situacao-o-quarto-individual-duplo,noun,m,o quarto individual / duplo,single / double room,单人房／双人房,單人房／雙人房,,,,,
arrendamento,Arrendamento,vocabulario,,,az-0967,situacao-o-aquecimento,noun,m,o aquecimento,heating,暖气,暖氣,,,,,
arrendamento,Arrendamento,vocabulario,,,az-0968,situacao-o-esquentador,noun,m,o esquentador,gas water heater,燃气热水器,燃氣熱水器,,,,,Very common in PT flats; learn this word
arrendamento,Arrendamento,vocabulario,,,az-0969,situacao-a-caldeira,noun,f,a caldeira,boiler,锅炉,鍋爐,,,,,
arrendamento,Arrendamento,vocabulario,,,az-0970,situacao-o-eletrodomestico,noun,m,o eletrodoméstico,household appliance,家用电器,家用電器,,,,,
arrendamento,Arrendamento,vocabulario,,,az-0971,situacao-a-maquina-de-lavar-roupa-loica,noun,f,a máquina de lavar roupa / loiça,washing machine / dishwasher,洗衣机／洗碗机,洗衣機／洗碗機,,,,,
arrendamento,Arrendamento,vocabulario,,,az-0972,situacao-avariado-a,,,avariado/a,broken / out of order,坏了／故障,壞了／故障,,,,,
arrendamento,Arrendamento,vocabulario,,,az-0973,situacao-a-reparacao-o-arranjo,noun,f,a reparação / o arranjo,repair,维修,維修,,,,,
arrendamento,Arrendamento,vocabulario,,,az-0974,situacao-a-humidade,noun,f,a humidade,damp,潮湿,潮濕,,,,,Chronic issue in Portuguese housing
arrendamento,Arrendamento,vocabulario,,,az-0975,situacao-o-bolor-o-mofo,noun,m,o bolor / o mofo,mould,霉菌,霉菌,,,,,
arrendamento,Arrendamento,vocabulario,,,az-0976,situacao-a-renda-em-atraso,noun,f,a renda em atraso,overdue rent,拖欠租金,拖欠租金,,,,,
arrendamento,Arrendamento,vocabulario,,,az-0977,situacao-o-aumento-da-renda,noun,m,o aumento da renda,rent increase,租金上涨,租金上漲,,,,,
arrendamento,Arrendamento,vocabulario,,,az-0978,situacao-a-vistoria-o-inventario,noun,f,a vistoria / o inventário,inspection / inventory,验房／物品清单,驗房／物品清單,,,,,
arrendamento,Arrendamento,vocabulario,,,az-0979,situacao-entregar-as-chaves,,,entregar as chaves,to hand over the keys,交还钥匙,交還鑰匙,,,,,
arrendamento,Arrendamento,vocabulario,,,az-0980,situacao-a-denuncia-do-contrato,noun,f,a denúncia do contrato,termination notice (of tenancy),解约通知,解約通知,,,,,
arrendamento,Arrendamento,vocabulario,,,az-0981,situacao-a-devolucao-da-caucao,noun,f,a devolução da caução,return of the deposit,退还押金,退還押金,,,,,
arrendamento,Arrendamento,vocabulario,,,az-0982,situacao-o-colega-de-casa,noun,m,o colega de casa,flatmate,室友,室友,,,,,
arrendamento,Arrendamento,dialogo,,71,dialogo-arrendamento-boa-tarde-venho-ver-o-t1-anunciado-ainda-esta-disponiv,,,,"Boa tarde, venho ver o T1 anunciado. Ainda está disponível?","Good afternoon, I've come to see the advertised one-bed flat. Is it still available?",下午好，我來看广告上的一房公寓。还在出租吗？,下午好，我來看廣告上的一房公寓。還在出租嗎？,,,,,
arrendamento,Arrendamento,dialogo,,72,dialogo-arrendamento-esta-sim-a-renda-e-de-850-euros-com-um-mes-de-caucao,,,,"Está, sim. A renda é de 850 euros, com um mês de caução.","It is. The rent is 850 euros, with one month's deposit.",还在。租金850欧元，押金一个月。,還在。租金850歐元，押金一個月。,,,,,
arrendamento,Arrendamento,dialogo,,73,dialogo-arrendamento-as-despesas-estao-incluidas,,,,As despesas estão incluídas?,Are bills included?,包水电杂费吗？,包水電雜費嗎？,,,,,
arrendamento,Arrendamento,dialogo,,74,dialogo-arrendamento-a-agua-sim-a-luz-e-a-internet-sao-a-parte,,,,A água sim; a luz e a internet são à parte.,Water yes; electricity and internet are separate.,包水费；电费和网费另算。,包水費；電費和網費另算。,,,,,
arrendamento,Arrendamento,dialogo,,75,dialogo-arrendamento-precisa-de-fiador-ainda-nao-tenho-recibos-de-venciment,,,,Precisa de fiador? Ainda não tenho recibos de vencimento cá.,Do you need a guarantor? I don't have payslips here yet.,需要担保人吗？我在这里还没有工资单。,需要擔保人嗎？我在這裡還沒有工資單。,,,,,
arrendamento,Arrendamento,dialogo,,76,dialogo-arrendamento-nesse-caso-pedia-dois-meses-de-caucao-com-contrato-e-r,,,,"Nesse caso pedia dois meses de caução, com contrato e recibos de renda.","In that case I'd ask for two months' deposit, with a contract and rent receipts.",那样的话押金要两个月，会签合同、开租金收据。,那樣的話押金要兩個月，會簽合同、開租金收據。,,,,,
arrendamento,Arrendamento,dialogo,,77,dialogo-arrendamento-combinado-quando-posso-assinar-o-contrato,,,,Combinado. Quando posso assinar o contrato?,Agreed. When can I sign the contract?,可以。什么时候可以签合同？,可以。什麼時候可以簽合同？,,,,,
arrendamento,Arrendamento,dialogo,,227,dialogo-arrendamento-boa-tarde-o-esquentador-esta-avariado-nao-temos-agua-q,,,,"Boa tarde, o esquentador está avariado. Não temos água quente.","Good afternoon, the water heater is broken. We have no hot water.",下午好，热水器坏了。我们没有热水。,下午好，熱水器壞了。我們沒有熱水。,,,,,
arrendamento,Arrendamento,dialogo,,228,dialogo-arrendamento-desde-quando,,,,Desde quando?,Since when?,从什么时候开始的？,從什麼時候開始的？,,,,,
arrendamento,Arrendamento,dialogo,,229,dialogo-arrendamento-desde-ontem-e-tambem-ha-bolor-no-quarto-na-parede-da-j,,,,"Desde ontem. E também há bolor no quarto, na parede da janela.","Since yesterday. And there's also mould in the bedroom, on the window wall.",从昨天开始。另外臥室窗边墙上还有霉菌。,從昨天開始。另外臥室窗邊牆上還有霉菌。,,,,,
arrendamento,Arrendamento,dialogo,,230,dialogo-arrendamento-vou-mandar-la-o-tecnico-esta-semana,,,,Vou mandar lá o técnico esta semana.,I'll send the technician this week.,我这周安排技師过去。,我這週安排技師過去。,,,,,
arrendamento,Arrendamento,dialogo,,231,dialogo-arrendamento-a-reparacao-e-por-conta-do-senhorio-certo,,,,"A reparação é por conta do senhorio, certo?","The repair is at the landlord's expense, right?",维修费由房东承担，对吧？,維修費由房東承擔，對吧？,,,,,
arrendamento,Arrendamento,dialogo,,232,dialogo-arrendamento-sim-avarias-do-equipamento-sao-responsabilidade-minha,,,,"Sim, avarias do equipamento são responsabilidade minha.","Yes, equipment failures are my responsibility.",对，设備故障由我负责。,對，設備故障由我負責。,,,,,
arrendamento,Arrendamento,dialogo,,233,dialogo-arrendamento-queria-avisar-que-vou-sair-da-casa-no-fim-do-contrato,,,,Queria avisar que vou sair da casa no fim do contrato.,I'd like to give notice that I'm leaving at the end of the contract.,我想通知您，合同到期后我要退租。,我想通知您，合同到期後我要退租。,,,,,
arrendamento,Arrendamento,dialogo,,234,dialogo-arrendamento-esta-bem-tem-de-enviar-a-denuncia-por-carta-registada,,,,Está bem. Tem de enviar a denúncia por carta registada.,Alright. You must send the termination notice by registered letter.,好的。您需要用挂号信寄解约通知。,好的。您需要用掛號信寄解約通知。,,,,,
arrendamento,Arrendamento,dialogo,,235,dialogo-arrendamento-com-quanto-tempo-de-antecedencia,,,,Com quanto tempo de antecedência?,With how much notice?,要提前多久？,要提前多久？,,,,,
arrendamento,Arrendamento,dialogo,,236,dialogo-arrendamento-depende-da-duracao-do-contrato-verifique-a-clausula,,,,Depende da duração do contrato — verifique a cláusula.,It depends on the contract length — check the clause.,取决于合同期限——请查看相关条款。,取決於合同期限——請查看相關條款。,,,,,
arrendamento,Arrendamento,dialogo,,237,dialogo-arrendamento-e-a-caucao-quando-e-devolvida,,,,E a caução? Quando é devolvida?,And the deposit? When is it returned?,那押金什么时候退？,那押金什麼時候退？,,,,,
arrendamento,Arrendamento,dialogo,,238,dialogo-arrendamento-depois-da-vistoria-se-a-casa-estiver-como-no-inventari,,,,"Depois da vistoria, se a casa estiver como no inventário.","After the inspection, if the flat matches the inventory.",验房之后，如果房子和物品清单一致就退。,驗房之後，如果房子和物品清單一致就退。,,,,,
arrendamento,Arrendamento,dialogo,expanded real-world coverage,588,dialogo-arrendamento-faco-a-vistoria-consigo-e-envio-a-transferencia-depois-de-entregar-as-chaves,,,,Faço a vistoria consigo e envio a transferência depois de entregar as chaves.,I will inspect the property with you and transfer the deposit after you return the keys.,我会和您一起验房，交还钥匙后转还押金。,我會和您一起驗樓，交還鎖匙後轉還按金。,,,,,
arrendamento,Arrendamento,cartao,,52,cartao-arrendamento-vi-o-anuncio-posso-marcar-uma-visita,,,,Vi o anúncio — posso marcar uma visita?,I saw the listing — can I book a viewing?,我看到了广告——可以约看房吗？,我看到了廣告——可以約看房嗎？,,,,,
arrendamento,Arrendamento,cartao,,53,cartao-arrendamento-a-renda-inclui-despesas,,,,A renda inclui despesas?,Does the rent include bills?,租金包水电杂费吗？,租金包水電雜費嗎？,,,,,
arrendamento,Arrendamento,cartao,,54,cartao-arrendamento-quanto-e-a-caucao,,,,Quanto é a caução?,How much is the deposit?,押金是多少？,押金是多少？,,,,,
arrendamento,Arrendamento,cartao,,55,cartao-arrendamento-faz-contrato-e-recibos-de-renda,,,,Faz contrato e recibos de renda?,Do you provide a contract and rent receipts?,会签合同、开租金收据吗？,會簽合同、開租金收據嗎？,,,,,
arrendamento,Arrendamento,cartao,,56,cartao-arrendamento-preciso-do-contrato-como-comprovativo-de-morada,,,,Preciso do contrato como comprovativo de morada.,I need the contract as proof of address.,我需要合同做住址证明。,我需要合同做住址證明。,,,,,
arrendamento,Arrendamento,cartao,,57,cartao-arrendamento-com-quanto-tempo-devo-avisar-antes-de-sair,,,,Com quanto tempo devo avisar antes de sair?,How much notice must I give before leaving?,退租前需要提前多久通知？,退租前需要提前多久通知？,,,,,
arrendamento,Arrendamento,cartao,,136,cartao-arrendamento-o-esquentador-esta-avariado-pode-mandar-arranjar,,,,O esquentador está avariado — pode mandar arranjar?,The water heater is broken — can you have it repaired?,热水器坏了——可以安排维修吗？,熱水器壞了——可以安排維修嗎？,,,,,
arrendamento,Arrendamento,cartao,,137,cartao-arrendamento-ha-humidade-e-bolor-no-quarto,,,,Há humidade e bolor no quarto.,There's damp and mould in the bedroom.,臥室里有潮湿和霉菌。,臥室裡有潮濕和霉菌。,,,,,
arrendamento,Arrendamento,cartao,,138,cartao-arrendamento-a-reparacao-e-por-conta-do-senhorio,,,,A reparação é por conta do senhorio.,The repair is at the landlord's expense.,维修费由房东承担。,維修費由房東承擔。,,,,,
arrendamento,Arrendamento,cartao,,139,cartao-arrendamento-quando-e-devolvida-a-caucao,,,,Quando é devolvida a caução?,When is the deposit returned?,押金什么时候退还？,押金什麼時候退還？,,,,,
arrendamento,Arrendamento,cartao,,140,cartao-arrendamento-envio-a-denuncia-por-carta-registada,,,,Envio a denúncia por carta registada.,I'll send the termination notice by registered letter.,我会用挂号信寄解约通知。,我會用掛號信寄解約通知。,,,,,
arrendamento,Arrendamento,cartao,useful situation example,501,cartao-arrendamento-onde-posso-encontrar-informacoes-sobre-o-esquentador,,,,Onde posso encontrar informações sobre o esquentador?,Where can I find information about gas water heater?,我可以在哪里查到有关燃气热水器的信息？,我可以在哪裡查到有關燃氣熱水器的資訊？,,,,,
arrendamento,Arrendamento,cartao,useful situation example,502,cartao-arrendamento-pode-dar-me-informacoes-sobre-a-denuncia-do-contrato,,,,Pode dar-me informações sobre a denúncia do contrato?,Could you give me information about termination notice (of tenancy)?,可以告诉我有关解约通知的信息吗？,可以告訴我有關解約通知的資訊嗎？,,,,,
arrendamento,Arrendamento,cartao,useful situation example,503,cartao-arrendamento-pode-dar-me-informacoes-sobre-o-agente-imobiliario,,,,Gostaria de saber mais sobre o agente imobiliário.,I would like to know more about real estate agent.,我想进一步了解房产中介。,我想進一步了解房產中介。,,,,,
arrendamento,Arrendamento,cartao,useful situation example,504,cartao-arrendamento-onde-posso-encontrar-informacoes-sobre-o-anuncio,,,,Quem me pode orientar sobre o anúncio?,Who can advise me about listing / advert?,关于租房广告，谁可以给我指引？,關於租房廣告，誰可以給我指引？,,,,,
arrendamento,Arrendamento,cartao,useful situation example,505,cartao-arrendamento-pode-dar-me-informacoes-sobre-o-eletrodomestico,,,,Tenho uma questão relacionada com o eletrodoméstico.,I have a question related to household appliance.,我有一个与家用电器有关的问题。,我有一個與家用電器有關的問題。,,,,,
arrendamento,Arrendamento,cartao,useful situation example,506,cartao-arrendamento-pode-dar-me-informacoes-sobre-o-condominio,,,,Consegue ajudar-me com uma dúvida sobre o condomínio?,Can you help me with a question about building service charge?,您能帮我解答一个有关大厦管理费的问题吗？,您能幫我解答一個有關大廈管理費的問題嗎？,,,,,
arrendamento,Arrendamento,cartao,useful situation example,507,cartao-arrendamento-pode-dar-me-informacoes-sobre-o-fiador,,,,A quem posso pedir esclarecimentos sobre o fiador?,Who can I ask for clarification about guarantor?,关于担保人，我可以向谁咨询？,關於擔保人，我可以向誰查詢？,,,,,
arrendamento,Arrendamento,cartao,useful situation example,508,cartao-arrendamento-preciso-de-esclarecer-uma-duvida-sobre-o-contrato-de-arrendamento,,,,Preciso de esclarecer uma dúvida sobre o contrato de arrendamento.,I have a question about rental contract.,我需要咨询有关租赁合同的问题。,我需要查詢有關租賃合同的問題。,,,,,
arrendamento,Arrendamento,cartao,useful situation example,509,cartao-arrendamento-preciso-de-esclarecer-uma-duvida-sobre-a-devolucao-da-caucao,,,,Pode explicar-me melhor o que preciso de saber sobre a devolução da caução?,Could you explain what I need to know about return of the deposit?,您能说明我需要了解退还押金的哪些信息吗？,您能說明我需要了解退還押金的哪些資訊嗎？,,,,,
banco,Banco,vocabulario,,,az-0601,situacao-abrir-uma-conta-a-ordem,,,abrir uma conta à ordem,to open a current account,开一个活期账户,開一個活期帳戶,,,,,
banco,Banco,vocabulario,,,az-0602,situacao-o-iban,noun,m,o IBAN,IBAN (bank account number),IBAN（國际银行账号）,IBAN（國際銀行帳號）,,,,,"Needed for salary, rent, utilities"
banco,Banco,vocabulario,,,az-0154,situacao-o-cartao-multibanco,noun,m,o cartão multibanco,debit card (Multibanco),多功能提款卡（Multibanco）,多功能提款卡（Multibanco）,,,,,
banco,Banco,vocabulario,,,az-0604,situacao-o-cartao-de-debito-de-credito,noun,m,o cartão de débito / de crédito,debit card / credit card,扣账卡／信用卡,扣賬卡／信用卡,,,,,
banco,Banco,vocabulario,,,az-0605,situacao-o-extrato-bancario,noun,m,o extrato bancário,bank statement,银行对账单,銀行對帳單,,,,,Often requested as proof of funds
banco,Banco,vocabulario,,,az-0606,situacao-a-transferencia-bancaria,noun,f,a transferência bancária,bank transfer,银行转账,銀行轉帳,,,,,
banco,Banco,vocabulario,,,az-0607,situacao-levantar-dinheiro,,,levantar dinheiro,to withdraw money,提款,提款,,,,,
banco,Banco,vocabulario,,,az-0608,situacao-depositar-dinheiro,,,depositar dinheiro,to deposit money,存款,存款,,,,,
banco,Banco,vocabulario,,,az-0609,situacao-o-saldo,noun,m,o saldo,account balance,账户余额,帳戶餘額,,,,,
banco,Banco,vocabulario,,,az-0610,situacao-a-comissao-de-manutencao,noun,f,a comissão de manutenção,account maintenance fee,账户管理费,帳戶管理費,,,,,
banco,Banco,vocabulario,,,az-0611,situacao-o-comprovativo-de-morada,noun,m,o comprovativo de morada,proof of address,住址证明,住址證明,,,,,"Utility bill, rental contract or junta attestation"
banco,Banco,vocabulario,,,az-0612,situacao-o-titular-da-conta,noun,m,o titular da conta,account holder,账户持有人,帳戶持有人,,,,,
banco,Banco,vocabulario,,,az-0613,situacao-o-homebanking-a-app-do-banco,noun,m,o homebanking / a app do banco,online banking / banking app,网上银行／银行应用程式,網上銀行／銀行應用程式,,,,,
banco,Banco,vocabulario,,,az-0614,situacao-o-codigo-pin,noun,m,o código PIN,PIN code,密码（PIN码）,密碼（PIN碼）,,,,,
banco,Banco,vocabulario,,,az-0787,situacao-a-conta-poupanca,noun,f,a conta poupança,savings account,储蓄账户,儲蓄帳戶,,,,,
banco,Banco,vocabulario,,,az-0788,situacao-o-emprestimo,noun,m,o empréstimo,loan,貸款,貸款,,,,,
banco,Banco,vocabulario,,,az-0789,situacao-o-credito-habitacao,noun,m,o crédito habitação,mortgage,房屋貸款,房屋貸款,,,,,
banco,Banco,vocabulario,,,az-0790,situacao-a-taxa-de-juro,noun,f,a taxa de juro,interest rate,利率,利率,,,,,
banco,Banco,vocabulario,,,az-0791,situacao-a-prestacao,noun,f,a prestação,monthly instalment,每月分期还款,每月分期還款,,,,,
banco,Banco,vocabulario,,,az-0792,situacao-o-mb-way,noun,m,o MB Way,MB Way (mobile payment app),MB Way（手机支付应用）,MB Way（手機支付應用）,,,,,Ubiquitous in PT; ask the bank to activate it
banco,Banco,vocabulario,,,az-0793,situacao-o-multibanco-a-caixa-automatica,noun,m,o multibanco / a caixa automática,ATM,自动柜员机（ATM）,自動櫃員機（ATM）,,,,,
banco,Banco,vocabulario,,,az-0161,situacao-o-talao,noun,m,o talão,receipt slip (from ATM),（柜员机）憑条,（櫃員機）憑條,,,,,
banco,Banco,vocabulario,,,az-0795,situacao-o-movimento,noun,m,o movimento,account transaction,账户交易记录,帳戶交易記錄,,,,,
banco,Banco,vocabulario,,,az-0796,situacao-o-debito-direto,noun,m,o débito direto,direct debit,自动扣款,自動扣款,,,,,How utilities are usually paid
banco,Banco,vocabulario,,,az-0797,situacao-a-transferencia-imediata,noun,f,a transferência imediata,instant transfer,即时转账,即時轉帳,,,,,
banco,Banco,vocabulario,,,az-0798,situacao-o-pagamento-sem-contacto-contactless,noun,m,o pagamento sem contacto / contactless,contactless payment,感应式支付,感應式支付,,,,,
banco,Banco,vocabulario,,,az-0799,situacao-o-limite-de-levantamento,noun,m,o limite de levantamento,withdrawal limit,提款限额,提款限額,,,,,
banco,Banco,vocabulario,,,az-0800,situacao-bloquear-o-cartao,,,bloquear o cartão,to block the card,挂失／冻结银行卡,掛失／凍結銀行卡,,,,,
banco,Banco,vocabulario,,,az-0801,situacao-o-cartao-foi-retido,noun,m,o cartão foi retido,the card was retained (by the ATM),卡被柜员机吞了,卡被櫃員機吞了,,,,,
banco,Banco,vocabulario,,,az-0802,situacao-a-assinatura,noun,f,a assinatura,signature,签名,簽名,,,,,
banco,Banco,vocabulario,,,az-0803,situacao-o-gestor-de-conta,noun,m,o gestor de conta,account manager,客户经理,客戶經理,,,,,
banco,Banco,vocabulario,,,az-0804,situacao-a-agencia-o-balcao,noun,f,a agência / o balcão,branch / counter,分行／柜台,分行／櫃檯,,,,,
banco,Banco,vocabulario,,,az-0805,situacao-a-comissao,noun,f,a comissão,fee / charge,手续费,手續費,,,,,
banco,Banco,vocabulario,,,az-0806,situacao-levantar-sem-cartao-mb-way,,,levantar sem cartão (MB Way),cardless withdrawal,无卡提款,無卡提款,,,,,
banco,Banco,dialogo,,0,dialogo-banco-boa-tarde-queria-abrir-uma-conta-a-ordem,,,,"Boa tarde, queria abrir uma conta à ordem.","Good afternoon, I'd like to open a current account.",下午好，我想开一个活期账户。,下午好，我想開一個活期帳戶。,,,,,
banco,Banco,dialogo,,1,dialogo-banco-com-certeza-tem-o-passaporte-o-nif-e-um-comprovativo-d,,,,"Com certeza. Tem o passaporte, o NIF e um comprovativo de morada?","Of course. Do you have your passport, tax number and proof of address?",当然可以。您有护照、税号和住址证明吗？,當然可以。您有護照、稅號和住址證明嗎？,,,,,
banco,Banco,dialogo,,2,dialogo-banco-tenho-esta-tudo-aqui,,,,"Tenho, está tudo aqui.","Yes, it's all here.",有，都在这里。,有，都在這裡。,,,,,
banco,Banco,dialogo,,3,dialogo-banco-e-preciso-um-deposito-inicial-pode-ser-em-numerario-ou,,,,É preciso um depósito inicial. Pode ser em numerário ou por transferência.,An initial deposit is required. It can be in cash or by transfer.,需要一笔开户存款，可以用现金或转账。,需要一筆開戶存款，可以用現金或轉帳。,,,,,
banco,Banco,dialogo,,4,dialogo-banco-quanto-e-a-comissao-de-manutencao-mensal,,,,Quanto é a comissão de manutenção mensal?,How much is the monthly maintenance fee?,每月的账户管理费是多少？,每月的帳戶管理費是多少？,,,,,
banco,Banco,dialogo,,5,dialogo-banco-o-cartao-multibanco-chega-por-correio-dentro-de-uma-a-,,,,O cartão multibanco chega por correio dentro de uma a duas semanas.,The debit card arrives by post within one to two weeks.,提款卡会在一到两周内邮寄给您。,提款卡會在一到兩週內郵寄給您。,,,,,
banco,Banco,dialogo,,6,dialogo-banco-como-ativo-o-homebanking,,,,Como ativo o homebanking?,How do I activate online banking?,我怎样开通网上银行？,我怎樣開通網上銀行？,,,,,
banco,Banco,dialogo,,7,dialogo-banco-recebe-um-sms-com-o-codigo-de-ativacao-para-a-app,,,,Recebe um SMS com o código de ativação para a app.,You'll receive an SMS with the activation code for the app.,您会收到一条含应用程式启用码的短信。,您會收到一條含應用程式啟用碼的短信。,,,,,
banco,Banco,dialogo,,119,dialogo-banco-boa-tarde-o-multibanco-reteve-o-meu-cartao,,,,"Boa tarde, o multibanco reteve o meu cartão.","Good afternoon, the ATM retained my card.",下午好，柜员机把我的卡吞了。,下午好，櫃員機把我的卡吞了。,,,,,
banco,Banco,dialogo,,120,dialogo-banco-foi-nesta-agencia-tem-um-documento-de-identificacao,,,,Foi nesta agência? Tem um documento de identificação?,Was it at this branch? Do you have ID?,是在这家分行吗？您有身份证件吗？,是在這家分行嗎？您有身份證件嗎？,,,,,
banco,Banco,dialogo,,121,dialogo-banco-foi-sim-aqui-esta-o-meu-titulo-de-residencia,,,,"Foi, sim. Aqui está o meu título de residência.","Yes, it was. Here's my residence permit.",是的。这是我的居留证。,是的。這是我的居留證。,,,,,
banco,Banco,dialogo,,122,dialogo-banco-vou-verificar-entretanto-quer-bloquear-o-cartao-por-se,,,,"Vou verificar. Entretanto, quer bloquear o cartão por segurança?","I'll check. Meanwhile, do you want to block the card for safety?",我查一下。这期间，为安全起见要冻结卡片吗？,我查一下。這期間，為安全起見要凍結卡片嗎？,,,,,
banco,Banco,dialogo,,123,dialogo-banco-sim-por-favor-e-posso-levantar-dinheiro-sem-cartao,,,,"Sim, por favor. E posso levantar dinheiro sem cartão?","Yes, please. And can I withdraw money without the card?",好的，麻煩您。那我可以无卡取款吗？,好的，麻煩您。那我可以無卡取款嗎？,,,,,
banco,Banco,dialogo,,124,dialogo-banco-pode-pelo-mb-way-com-o-telemovel,,,,"Pode, pelo MB Way, com o telemóvel.","You can, via MB Way, with your phone.",可以，用手机通过MB Way操作。,可以，用手機通過MB Way操作。,,,,,
banco,Banco,dialogo,,125,dialogo-banco-queria-ativar-o-debito-direto-para-a-conta-da-luz,,,,Queria ativar o débito direto para a conta da luz.,I'd like to set up a direct debit for the electricity bill.,我想给电费设置自动扣款。,我想給電費設置自動扣款。,,,,,
banco,Banco,dialogo,,126,dialogo-banco-trouxe-a-fatura-precisamos-da-entidade-e-da-referencia,,,,Trouxe a fatura? Precisamos da entidade e da referência.,Did you bring the bill? We need the entity and reference numbers.,您带账单了吗？我们需要单位代码和缴费編号。,您帶賬單了嗎？我們需要單位代碼和繳費編號。,,,,,
banco,Banco,dialogo,,127,dialogo-banco-esta-aqui-tambem-queria-ativar-o-mb-way,,,,Está aqui. Também queria ativar o MB Way.,Here it is. I'd also like to activate MB Way.,在这里。我还想开通MB Way。,在這裡。我還想開通MB Way。,,,,,
banco,Banco,dialogo,,128,dialogo-banco-com-certeza-associa-se-ao-seu-numero-de-telemovel,,,,Com certeza. Associa-se ao seu número de telemóvel.,Certainly. It's linked to your mobile number.,当然可以。它会绑定您的手机号码。,當然可以。它會綁定您的手機號碼。,,,,,
banco,Banco,dialogo,,129,dialogo-banco-ha-alguma-comissao-mensal,,,,Há alguma comissão mensal?,Is there a monthly fee?,有月费吗？,有月費嗎？,,,,,
banco,Banco,dialogo,,130,dialogo-banco-nao-o-servico-e-gratuito-no-nosso-banco,,,,"Não, o serviço é gratuito no nosso banco.","No, the service is free at our bank.",没有，我们银行这项服务免费。,沒有，我們銀行這項服務免費。,,,,,
banco,Banco,cartao,,0,cartao-banco-queria-abrir-uma-conta-por-favor,,,,"Queria abrir uma conta, por favor.","I'd like to open an account, please.",我想开个账户，麻煩您。,我想開個帳戶，麻煩您。,,,,,
banco,Banco,cartao,,1,cartao-banco-trago-o-passaporte-o-nif-e-o-comprovativo-de-morada,,,,"Trago o passaporte, o NIF e o comprovativo de morada.","I have my passport, NIF and proof of address with me.",我带了护照、税号和住址证明。,我帶了護照、稅號和住址證明。,,,,,
banco,Banco,cartao,,2,cartao-banco-qual-e-o-valor-minimo-do-deposito-inicial,,,,Qual é o valor mínimo do depósito inicial?,What is the minimum initial deposit?,开户最低存款是多少？,開戶最低存款是多少？,,,,,
banco,Banco,cartao,,3,cartao-banco-ha-comissoes-mensais-nesta-conta,,,,Há comissões mensais nesta conta?,Are there monthly fees on this account?,这个账户有月费吗？,這個帳戶有月費嗎？,,,,,
banco,Banco,cartao,,4,cartao-banco-pode-dar-me-o-comprovativo-do-iban,,,,Pode dar-me o comprovativo do IBAN?,Could you give me proof of my IBAN?,可以给我一份IBAN证明吗？,可以給我一份IBAN證明嗎？,,,,,
banco,Banco,cartao,,5,cartao-banco-quando-chega-o-cartao,,,,Quando chega o cartão?,When will the card arrive?,卡什么时候寄到？,卡什麼時候寄到？,,,,,
banco,Banco,cartao,,91,cartao-banco-o-multibanco-reteve-o-meu-cartao,,,,O multibanco reteve o meu cartão.,The ATM retained my card.,柜员机把我的卡吞了。,櫃員機把我的卡吞了。,,,,,
banco,Banco,cartao,,92,cartao-banco-quero-bloquear-o-cartao-perdi-o-foi-roubado,,,,Quero bloquear o cartão — perdi-o / foi roubado.,I want to block my card — I lost it / it was stolen.,我要挂失银行卡——卡丟了／被偷了。,我要掛失銀行卡——卡丟了／被偷了。,,,,,
banco,Banco,cartao,,93,cartao-banco-queria-ativar-o-mb-way-o-debito-direto,,,,Queria ativar o MB Way / o débito direto.,I'd like to activate MB Way / direct debit.,我想开通MB Way／自动扣款。,我想開通MB Way／自動扣款。,,,,,
banco,Banco,cartao,,94,cartao-banco-qual-e-o-limite-de-levantamento-diario,,,,Qual é o limite de levantamento diário?,What's the daily withdrawal limit?,每日提款限额是多少？,每日提款限額是多少？,,,,,
banco,Banco,cartao,,95,cartao-banco-posso-falar-com-o-meu-gestor-de-conta,,,,Posso falar com o meu gestor de conta?,May I speak with my account manager?,我可以和我的客户经理谈谈吗？,我可以和我的客戶經理談談嗎？,,,,,
banco,Banco,cartao,useful situation example,355,cartao-banco-onde-posso-encontrar-informacoes-sobre-a-comissao-de-manutencao,,,,Onde posso encontrar informações sobre a comissão de manutenção?,Where can I find information about account maintenance fee?,我可以在哪里查到有关账户管理费的信息？,我可以在哪裡查到有關帳戶管理費的資訊？,,,,,
banco,Banco,cartao,useful situation example,356,cartao-banco-onde-posso-encontrar-informacoes-sobre-a-transferencia-imediata,,,,Gostaria de saber mais sobre a transferência imediata.,I would like to know more about instant transfer.,我想进一步了解即时转账。,我想進一步了解即時轉帳。,,,,,
banco,Banco,cartao,useful situation example,357,cartao-banco-onde-posso-encontrar-informacoes-sobre-o-extrato-bancario,,,,Quem me pode orientar sobre o extrato bancário?,Who can advise me about bank statement?,关于银行对账单，谁可以给我指引？,關於銀行對帳單，誰可以給我指引？,,,,,
banco,Banco,cartao,useful situation example,358,cartao-banco-onde-posso-encontrar-informacoes-sobre-a-conta-poupanca,,,,Tenho uma questão relacionada com a conta poupança.,I have a question related to savings account.,我有一个与储蓄账户有关的问题。,我有一個與儲蓄帳戶有關的問題。,,,,,
banco,Banco,cartao,useful situation example,359,cartao-banco-pode-dar-me-informacoes-sobre-o-limite-de-levantamento,,,,Pode dar-me informações sobre o limite de levantamento?,Could you give me information about withdrawal limit?,可以告诉我有关提款限额的信息吗？,可以告訴我有關提款限額的資訊嗎？,,,,,
banco,Banco,cartao,useful situation example,360,cartao-banco-onde-posso-encontrar-informacoes-sobre-a-assinatura,,,,Consegue ajudar-me com uma dúvida sobre a assinatura?,Can you help me with a question about signature?,您能帮我解答一个有关签名的问题吗？,您能幫我解答一個有關簽名的問題嗎？,,,,,
banco,Banco,cartao,useful situation example,361,cartao-banco-pode-dar-me-informacoes-sobre-o-credito-habitacao,,,,A quem posso pedir esclarecimentos sobre o crédito habitação?,Who can I ask for clarification about mortgage?,关于房屋貸款，我可以向谁咨询？,關於房屋貸款，我可以向誰查詢？,,,,,
banco,Banco,cartao,useful situation example,362,cartao-banco-pode-dar-me-informacoes-sobre-o-titular-da-conta,,,,Pode explicar-me melhor o que preciso de saber sobre o titular da conta?,Could you explain what I need to know about account holder?,您能说明我需要了解账户持有人的哪些信息吗？,您能說明我需要了解帳戶持有人的哪些資訊嗎？,,,,,
banco,Banco,cartao,useful situation example,363,cartao-banco-onde-posso-encontrar-informacoes-sobre-o-mb-way,,,,Onde posso obter ajuda para questões sobre o MB Way?,Where can I get help with questions about MB Way (mobile payment app)?,我可以在哪里获得有关MB Way（手机支付应用）的帮助？,我可以在哪裡獲得有關MB Way（手機支付應用）的協助？,,,,,
cabeleireiro_barbeiro,Cabeleireiro e Barbeiro,vocabulario,,,az-1212,situacao-o-cabeleireiro,noun,m,o cabeleireiro,hairdresser / hair salon,理发师,理髮師,Vou ao cabeleireiro amanhã.,I'm going to the hairdresser tomorrow.,我明天去理发。,我明天去理髮。,
cabeleireiro_barbeiro,Cabeleireiro e Barbeiro,vocabulario,,,az-1213,situacao-o-barbeiro,noun,m,o barbeiro,barber,男士理发师,男士理髮師,O barbeiro corta bem.,The barber cuts well.,这位理发师剪得好。,這位理髮師剪得好。,
cabeleireiro_barbeiro,Cabeleireiro e Barbeiro,vocabulario,,,az-1214,situacao-a-barbearia,noun,f,a barbearia,barbershop,理发店,理髮店,A barbearia é ali.,The barbershop is over there.,理发店在那边。,理髮店在那邊。,
cabeleireiro_barbeiro,Cabeleireiro e Barbeiro,vocabulario,,,az-1215,situacao-o-salao,noun,m,o salão,salon,美发沙龙,美髮沙龍,O salão está cheio.,The hall is full.,店里客满了。,店裡客滿了。,
cabeleireiro_barbeiro,Cabeleireiro e Barbeiro,vocabulario,,,az-1216,situacao-a-marcacao,noun,f,a marcação,appointment,预约,預約,Tenho marcação às três.,I have an appointment at three.,我约了三点。,我約了三點。,
cabeleireiro_barbeiro,Cabeleireiro e Barbeiro,vocabulario,,,az-1217,situacao-marcar,verb,,marcar,to book,预约,預約,Quero marcar para sábado.,I want to make an appointment for Saturday.,我想预约周六。,我想預約週六。,
cabeleireiro_barbeiro,Cabeleireiro e Barbeiro,vocabulario,,,az-1218,situacao-o-corte,noun,m,o corte,haircut,剪发,剪髮,O corte ficou ótimo.,The cut was great.,这发型剪得很好。,這髮型剪得很好。,
cabeleireiro_barbeiro,Cabeleireiro e Barbeiro,vocabulario,,,az-1219,situacao-cortar,verb,,cortar,to cut,剪,剪,Corta só um pouco.,Cut just a little.,只剪一点点。,只剪一點點。,
cabeleireiro_barbeiro,Cabeleireiro e Barbeiro,vocabulario,,,az-1220,situacao-aparar,verb,,aparar,to trim,修剪,修剪,Só quero aparar as pontas.,I just want to trim the ends.,我只想修发尾。,我只想修髮尾。,
cabeleireiro_barbeiro,Cabeleireiro e Barbeiro,vocabulario,,,az-1221,situacao-as-pontas,noun,f-pl,as pontas,ends (of hair),发尾,髮尾,As pontas estão secas.,The ends are dry.,发尾很干。,髮尾很乾。,
cabeleireiro_barbeiro,Cabeleireiro e Barbeiro,vocabulario,,,az-1222,situacao-curto,,,curto,short,短,短,Prefiro o cabelo curto.,I prefer short hair.,我喜欢短发。,我喜歡短髮。,
cabeleireiro_barbeiro,Cabeleireiro e Barbeiro,vocabulario,,,az-1223,situacao-comprido,,,comprido,long,长,長,O cabelo está muito comprido.,The hair is very long.,头发太长了。,頭髮太長了。,
cabeleireiro_barbeiro,Cabeleireiro e Barbeiro,vocabulario,,,az-1224,situacao-a-franja,noun,f,a franja,bangs / fringe,刘海,瀏海,A franja tapa-me os olhos.,The bangs cover my eyes.,刘海遮到眼睛了。,瀏海遮到眼睛了。,
cabeleireiro_barbeiro,Cabeleireiro e Barbeiro,vocabulario,,,az-1225,situacao-o-risco,noun,m,o risco,parting,分线,分線,Faço o risco ao lado.,I make the risk on the side.,我旁分。,我旁分。,
cabeleireiro_barbeiro,Cabeleireiro e Barbeiro,vocabulario,,,az-1153,situacao-a-maquina,noun,f,a máquina,clippers,电剪,電剪,Usa a máquina dos lados.,Use the machine on the sides.,两侧用电剪。,兩側用電剪。,
cabeleireiro_barbeiro,Cabeleireiro e Barbeiro,vocabulario,,,az-1226,situacao-o-numero,noun,m,o número,clipper guard number,号数,號數,"Número três, por favor.","Number three, please.",三号，麻烦了。,三號，麻煩了。,
cabeleireiro_barbeiro,Cabeleireiro e Barbeiro,vocabulario,,,az-0364,,noun,f,a tesoura,scissors,剪刀,剪刀,"Em cima, só tesoura.","On top, just scissors.",上面只用剪刀。,上面只用剪刀。,
cabeleireiro_barbeiro,Cabeleireiro e Barbeiro,vocabulario,,,az-1227,situacao-lavar,verb,,lavar,to wash,洗,洗,Lavamos primeiro o cabelo.,We wash our hair first.,我们先洗头。,我們先洗頭。,
cabeleireiro_barbeiro,Cabeleireiro e Barbeiro,vocabulario,,,az-1228,situacao-secar,verb,,secar,to blow-dry,吹干,吹乾,"Pode secar, por favor?","Can you dry, please?",可以吹干吗？,可以吹乾嗎？,
cabeleireiro_barbeiro,Cabeleireiro e Barbeiro,vocabulario,,,az-1229,situacao-o-secador,noun,m,o secador,hairdryer,吹风机,吹風機,O secador está quente.,The dryer is hot.,吹风机很烫。,吹風機很燙。,
cabeleireiro_barbeiro,Cabeleireiro e Barbeiro,vocabulario,,,az-0367,,verb,,pentear,to comb / style,梳头,梳頭,"Penteia para trás, por favor.","Comb it back, please.",请往后梳。,請往後梳。,
cabeleireiro_barbeiro,Cabeleireiro e Barbeiro,vocabulario,,,az-1230,situacao-o-penteado,noun,m,o penteado,hairstyle,发型,髮型,Gosto do teu penteado.,I like your hairstyle.,我喜欢你的发型。,我喜歡你的髮型。,
cabeleireiro_barbeiro,Cabeleireiro e Barbeiro,vocabulario,,,az-1231,situacao-a-barba,noun,f,a barba,beard,胡子,鬍子,A barba cresce depressa.,The beard grows quickly.,胡子长得快。,鬍子長得快。,
cabeleireiro_barbeiro,Cabeleireiro e Barbeiro,vocabulario,,,az-1232,situacao-fazer-a-barba,,,fazer a barba,to shave,刮胡子,刮鬍子,Faço a barba em casa.,I shave at home.,我在家刮胡子。,我在家刮鬍子。,
cabeleireiro_barbeiro,Cabeleireiro e Barbeiro,vocabulario,,,az-1233,situacao-o-bigode,noun,m,o bigode,mustache,小胡子,小鬍子,Deixe o bigode assim.,Leave the mustache like this.,小胡子就这样留着。,小鬍子就這樣留著。,
cabeleireiro_barbeiro,Cabeleireiro e Barbeiro,vocabulario,,,az-1234,situacao-pintar,verb,,pintar,to dye,染发,染髮,Quero pintar de castanho.,I want to paint it brown.,我想染成棕色。,我想染成棕色。,
cabeleireiro_barbeiro,Cabeleireiro e Barbeiro,vocabulario,,,az-1235,situacao-a-cor,noun,f,a cor,color,颜色,顏色,Que cor prefere?,What color do you prefer?,您想要什么颜色？,您想要什麼顏色？,
cabeleireiro_barbeiro,Cabeleireiro e Barbeiro,vocabulario,,,az-1236,situacao-as-madeixas,noun,f-pl,as madeixas,highlights,挑染,挑染,Fiz madeixas no verão.,I got highlights in the summer.,我夏天做了挑染。,我夏天做了挑染。,
cabeleireiro_barbeiro,Cabeleireiro e Barbeiro,vocabulario,,,az-1237,situacao-o-tom,noun,m,o tom,shade / tone,色调,色調,Quero um tom mais claro.,I want a lighter tone.,我想要浅一点的色调。,我想要淺一點的色調。,
cabeleireiro_barbeiro,Cabeleireiro e Barbeiro,vocabulario,,,az-1238,situacao-claro,,,claro,light (color),浅,淺,Prefiro um tom claro.,I prefer a light tone.,我喜欢浅色调。,我喜歡淺色調。,
cabeleireiro_barbeiro,Cabeleireiro e Barbeiro,vocabulario,,,az-1239,situacao-escuro,,,escuro,dark (color),深,深,Pinto de castanho escuro.,Paint dark brown.,我染深棕色。,我染深棕色。,
cabeleireiro_barbeiro,Cabeleireiro e Barbeiro,vocabulario,,,az-1240,situacao-liso,,,liso,straight (hair),直,直,O meu cabelo é liso.,My hair is straight.,我的头发是直的。,我的頭髮是直的。,
cabeleireiro_barbeiro,Cabeleireiro e Barbeiro,vocabulario,,,az-1241,situacao-encaracolado,,,encaracolado,curly,卷,捲,Ela tem cabelo encaracolado.,She has curly hair.,她是卷发。,她是捲髮。,
cabeleireiro_barbeiro,Cabeleireiro e Barbeiro,vocabulario,,,az-1242,situacao-o-gel,noun,m,o gel,hair gel,发胶,髮膠,Não uso gel.,I don't use gel.,我不用发胶。,我不用髮膠。,
cabeleireiro_barbeiro,Cabeleireiro e Barbeiro,dialogo,,370,dialogo-cabeleireiro_barbeiro-boa-tarde-tem-marcacao,,,,Boa tarde! Tem marcação?,Good afternoon! Do you have an appointment?,下午好！有预约吗？,午安！有預約嗎？,,,,,
cabeleireiro_barbeiro,Cabeleireiro e Barbeiro,dialogo,,371,dialogo-cabeleireiro_barbeiro-nao-e-preciso-marcar,,,,Não. É preciso marcar?,No. Do I need to book?,没有。需要预约吗？,沒有。需要預約嗎？,,,,,
cabeleireiro_barbeiro,Cabeleireiro e Barbeiro,dialogo,,372,dialogo-cabeleireiro_barbeiro-hoje-nao-espere-so-dez-minutos,,,,"Hoje não, espere só dez minutos.","Not today, just wait ten minutes.",今天不用，等十分钟就好。,今天不用，等十分鐘就好。,,,,,
cabeleireiro_barbeiro,Cabeleireiro e Barbeiro,dialogo,,373,dialogo-cabeleireiro_barbeiro-esta-bem-eu-espero,,,,"Está bem, eu espero.","Alright, I'll wait.",好，我等。,好，我等。,,,,,
cabeleireiro_barbeiro,Cabeleireiro e Barbeiro,dialogo,,374,dialogo-cabeleireiro_barbeiro-entao-o-que-vamos-fazer,,,,"Então, o que vamos fazer?","So, what are we doing today?",那今天想怎么弄？,那今天想怎麼弄？,,,,,
cabeleireiro_barbeiro,Cabeleireiro e Barbeiro,dialogo,,375,dialogo-cabeleireiro_barbeiro-queria-cortar-mas-nao-muito-curto,,,,"Queria cortar, mas não muito curto.","I'd like a cut, but not too short.",想剪发，但别太短。,想剪髮，但別太短。,,,,,
cabeleireiro_barbeiro,Cabeleireiro e Barbeiro,dialogo,,376,dialogo-cabeleireiro_barbeiro-so-aparar-as-pontas,,,,Só aparar as pontas?,Just trim the ends?,只修发尾吗？,只修髮尾嗎？,,,,,
cabeleireiro_barbeiro,Cabeleireiro e Barbeiro,dialogo,,377,dialogo-cabeleireiro_barbeiro-sim-uns-dois-dedos-e-a-franja,,,,"Sim, uns dois dedos. E a franja.","Yes, about two fingers. And the bangs.",对，大概两指。刘海也要。,對，大概兩指。瀏海也要。,,,,,
cabeleireiro_barbeiro,Cabeleireiro e Barbeiro,dialogo,,378,dialogo-cabeleireiro_barbeiro-quer-lavar-primeiro,,,,Quer lavar primeiro?,Do you want a wash first?,要先洗头吗？,要先洗頭嗎？,,,,,
cabeleireiro_barbeiro,Cabeleireiro e Barbeiro,dialogo,,379,dialogo-cabeleireiro_barbeiro-sim-por-favor,,,,"Sim, por favor.","Yes, please.",好，麻烦了。,好，麻煩了。,,,,,
cabeleireiro_barbeiro,Cabeleireiro e Barbeiro,dialogo,,380,dialogo-cabeleireiro_barbeiro-dos-lados-uso-a-maquina,,,,"Dos lados, uso a máquina?",Shall I use the clippers on the sides?,两侧用电剪吗？,兩側用電剪嗎？,,,,,
cabeleireiro_barbeiro,Cabeleireiro e Barbeiro,dialogo,,381,dialogo-cabeleireiro_barbeiro-pode-ser-numero-tres,,,,"Pode ser, número três.","Sure, number three.",可以，三号。,可以，三號。,,,,,
cabeleireiro_barbeiro,Cabeleireiro e Barbeiro,dialogo,,382,dialogo-cabeleireiro_barbeiro-e-a-barba-aparamos,,,,"E a barba, aparamos?","And the beard, shall we trim it?",胡子要修吗？,鬍子要修嗎？,,,,,
cabeleireiro_barbeiro,Cabeleireiro e Barbeiro,dialogo,,383,dialogo-cabeleireiro_barbeiro-sim-mas-deixe-o-bigode,,,,"Sim, mas deixe o bigode.","Yes, but leave the mustache.",要，但小胡子留着。,要，但小鬍子留著。,,,,,
cabeleireiro_barbeiro,Cabeleireiro e Barbeiro,dialogo,,384,dialogo-cabeleireiro_barbeiro-pronto-o-que-acha,,,,Pronto! O que acha?,Done! What do you think?,好了！您觉得呢？,好了！您覺得呢？,,,,,
cabeleireiro_barbeiro,Cabeleireiro e Barbeiro,dialogo,,385,dialogo-cabeleireiro_barbeiro-ficou-otimo-quanto-e,,,,Ficou ótimo. Quanto é?,It looks great. How much is it?,很好看。多少钱？,很好看。多少錢？,,,,,
cabeleireiro_barbeiro,Cabeleireiro e Barbeiro,dialogo,expanded real-world coverage,608,dialogo-cabeleireiro_barbeiro-queria-tambem-fazer-madeixas-mas-num-tom-natural,,,,"Queria também fazer madeixas, mas num tom natural.","I would also like highlights, but in a natural shade.",我还想挑染，但希望颜色自然。,我還想挑染，但希望顏色自然。,,,,,
cabeleireiro_barbeiro,Cabeleireiro e Barbeiro,dialogo,expanded real-world coverage,609,dialogo-cabeleireiro_barbeiro-podemos-escolher-a-cor-e-fazer-primeiro-um-teste-numa-madeixa,,,,Podemos escolher a cor e fazer primeiro um teste numa madeixa.,We can choose the colour and test it on one strand first.,我们可以先选颜色，再用一小束头发测试。,我們可以先選顏色，再用一小束頭髮測試。,,,,,
cabeleireiro_barbeiro,Cabeleireiro e Barbeiro,dialogo,expanded real-world coverage,610,dialogo-cabeleireiro_barbeiro-quanto-tempo-demora-o-corte-e-a-coloracao,,,,Quanto tempo demora o corte e a coloração?,How long will the cut and colour take?,剪发和染发需要多长时间？,剪髮和染髮需要多長時間？,,,,,
cabeleireiro_barbeiro,Cabeleireiro e Barbeiro,dialogo,expanded real-world coverage,611,dialogo-cabeleireiro_barbeiro-conte-com-cerca-de-duas-horas-aviso-antes-de-comecar,,,,Conte com cerca de duas horas; aviso antes de começar.,Allow about two hours; I will let you know before we start.,大约需要两小时；开始前我会告诉您。,大約需要兩小時；開始前我會告訴您。,,,,,
cabeleireiro_barbeiro,Cabeleireiro e Barbeiro,cartao,,235,cartao-cabeleireiro_barbeiro-queria-marcar-um-corte,,,,Queria marcar um corte.,I'd like to book a haircut.,我想预约剪发。,我想預約剪髮。,,,,,
cabeleireiro_barbeiro,Cabeleireiro e Barbeiro,cartao,,236,cartao-cabeleireiro_barbeiro-e-preciso-marcacao,,,,É preciso marcação?,Do I need an appointment?,需要预约吗？,需要預約嗎？,,,,,
cabeleireiro_barbeiro,Cabeleireiro e Barbeiro,cartao,,237,cartao-cabeleireiro_barbeiro-so-aparar-as-pontas,,,,Só aparar as pontas.,Just trim the ends.,只修发尾。,只修髮尾。,,,,,
cabeleireiro_barbeiro,Cabeleireiro e Barbeiro,cartao,,238,cartao-cabeleireiro_barbeiro-nao-muito-curto-por-favor,,,,"Não muito curto, por favor.","Not too short, please.",别剪太短。,別剪太短。,,,,,
cabeleireiro_barbeiro,Cabeleireiro e Barbeiro,cartao,,239,cartao-cabeleireiro_barbeiro-uns-dois-dedos,,,,Uns dois dedos.,About two fingers' worth.,大概两指长。,大概兩指長。,,,,,
cabeleireiro_barbeiro,Cabeleireiro e Barbeiro,cartao,,240,cartao-cabeleireiro_barbeiro-corte-a-franja-tambem,,,,Corte a franja também.,Cut the bangs too.,刘海也剪一下。,瀏海也剪一下。,,,,,
cabeleireiro_barbeiro,Cabeleireiro e Barbeiro,cartao,,241,cartao-cabeleireiro_barbeiro-maquina-numero-tres-dos-lados,,,,Máquina número três dos lados.,Number three clippers on the sides.,两侧用三号电剪。,兩側用三號電剪。,,,,,
cabeleireiro_barbeiro,Cabeleireiro e Barbeiro,cartao,,242,cartao-cabeleireiro_barbeiro-quero-mudar-de-visual,,,,Quero mudar de visual.,I want a new look.,我想换造型。,我想換造型。,,,,,
cabeleireiro_barbeiro,Cabeleireiro e Barbeiro,cartao,,243,cartao-cabeleireiro_barbeiro-queria-pintar-o-cabelo,,,,Queria pintar o cabelo.,I'd like to dye my hair.,我想染发。,我想染髮。,,,,,
cabeleireiro_barbeiro,Cabeleireiro e Barbeiro,cartao,,244,cartao-cabeleireiro_barbeiro-um-tom-mais-claro,,,,Um tom mais claro.,A lighter shade.,浅一点的颜色。,淺一點的顏色。,,,,,
cabeleireiro_barbeiro,Cabeleireiro e Barbeiro,cartao,,245,cartao-cabeleireiro_barbeiro-pode-aparar-a-barba,,,,Pode aparar a barba?,Can you trim my beard?,可以修胡子吗？,可以修鬍子嗎？,,,,,
cabeleireiro_barbeiro,Cabeleireiro e Barbeiro,cartao,,246,cartao-cabeleireiro_barbeiro-deixe-o-bigode,,,,Deixe o bigode.,Leave the mustache.,小胡子留着。,小鬍子留著。,,,,,
cabeleireiro_barbeiro,Cabeleireiro e Barbeiro,cartao,,247,cartao-cabeleireiro_barbeiro-sem-gel-obrigado,,,,"Sem gel, obrigado.","No gel, thanks.",不用发胶，谢谢。,不用髮膠，謝謝。,,,,,
cabeleireiro_barbeiro,Cabeleireiro e Barbeiro,cartao,,248,cartao-cabeleireiro_barbeiro-pode-secar,,,,Pode secar?,Can you blow-dry it?,可以吹干吗？,可以吹乾嗎？,,,,,
cabeleireiro_barbeiro,Cabeleireiro e Barbeiro,cartao,,249,cartao-cabeleireiro_barbeiro-assim-esta-perfeito,,,,Assim está perfeito.,It's perfect like this.,这样就很好。,這樣就很好。,,,,,
cabeleireiro_barbeiro,Cabeleireiro e Barbeiro,cartao,,250,cartao-cabeleireiro_barbeiro-quanto-custa-o-corte,,,,Quanto custa o corte?,How much is the haircut?,剪发多少钱？,剪髮多少錢？,,,,,
cabeleireiro_barbeiro,Cabeleireiro e Barbeiro,cartao,useful situation example,538,cartao-cabeleireiro_barbeiro-pode-secar-por-favor,,,,"Pode secar, por favor?","Could you blow-dry it, please?",可以帮我吹干吗？,可以幫我吹乾嗎？,,,,,
cabeleireiro_barbeiro,Cabeleireiro e Barbeiro,cartao,useful situation example,539,cartao-cabeleireiro_barbeiro-quero-marcar-para-sabado,,,,Quero marcar para sábado.,I want to make an appointment for Saturday.,我想预约周六。,我想預約週六。,,,,,
cabeleireiro_barbeiro,Cabeleireiro e Barbeiro,cartao,useful situation example,540,cartao-cabeleireiro_barbeiro-quero-pintar-de-castanho,,,,Quero pintar o cabelo de castanho.,I want to dye my hair brown.,我想把头发染成棕色。,我想把頭髮染成啡色。,,,,,
cabeleireiro_barbeiro,Cabeleireiro e Barbeiro,cartao,useful situation example,541,cartao-cabeleireiro_barbeiro-quero-um-tom-mais-claro,,,,Quero um tom mais claro.,I want a lighter tone.,我想要浅一点的色调。,我想要淺一點的色調。,,,,,
cafe_restaurante,Café e Restaurante,vocabulario,,,az-0159,m3-restaurante,noun,m,o restaurante,restaurant,餐厅,餐廳,Vamos jantar num restaurante português.,We are going to have dinner at a Portuguese restaurant.,我们去一家葡萄牙餐厅吃晚饭。,我們去一家葡萄牙餐廳吃晚餐。,
cafe_restaurante,Café e Restaurante,vocabulario,,,az-0164,m3-ementa,noun,f,a ementa,menu,菜单,選單,Pode trazer a ementa?,Can you bring the menu?,可以拿菜单给我吗？,可以拿菜單給我嗎？,
cafe_restaurante,Café e Restaurante,vocabulario,,,az-0744,situacao-a-ementa-o-menu,noun,f,a ementa / o menu,menu,菜单,菜單,,,,,
cafe_restaurante,Café e Restaurante,vocabulario,,,az-0745,situacao-o-prato-do-dia,noun,m,o prato do dia,dish of the day,今日特餐,今日特餐,,,,,
cafe_restaurante,Café e Restaurante,vocabulario,,,az-1022,situacao-o-couvert,noun,m,o couvert,"couvert (bread/olives, charged)",餐前小食（收费）,餐前小食（收費）,,,,,Charged if touched — a PT peculiarity to explain to tourists
cafe_restaurante,Café e Restaurante,vocabulario,,,az-1023,situacao-a-entrada,noun,f,a entrada,starter,前菜,前菜,,,,,
cafe_restaurante,Café e Restaurante,vocabulario,,,az-1024,situacao-o-prato-principal,noun,m,o prato principal,main course,主菜,主菜,,,,,
cafe_restaurante,Café e Restaurante,vocabulario,,,az-1025,situacao-a-sobremesa,noun,f,a sobremesa,dessert,甜品,甜品,,,,,
cafe_restaurante,Café e Restaurante,vocabulario,,,az-1026,situacao-a-dose-a-meia-dose,noun,f,a dose / a meia dose,full / half portion,整份／半份,整份／半份,,,,,PT portion system — meia dose feeds one
cafe_restaurante,Café e Restaurante,vocabulario,,,az-1027,situacao-para-partilhar,,,para partilhar,to share,分享（合吃）,分享（合吃）,,,,,
cafe_restaurante,Café e Restaurante,vocabulario,,,az-1028,situacao-a-imperial-o-fino,noun,f,a imperial / o fino,draught beer (Lisbon / Porto term),生啤（里斯本叫imperial，波爾图叫fino）,生啤（里斯本叫imperial，波爾圖叫fino）,,,,,
cafe_restaurante,Café e Restaurante,vocabulario,,,az-1029,situacao-mal-passado-no-ponto-bem-passado,,,mal passado / no ponto / bem passado,rare / medium / well done,三分熟／五分熟／全熟,三分熟／五分熟／全熟,,,,,
cafe_restaurante,Café e Restaurante,vocabulario,,,az-1030,situacao-vegetariano-sem-gluten,,,vegetariano / sem glúten,vegetarian / gluten-free,素食／无麩质,素食／無麩質,,,,,
cafe_restaurante,Café e Restaurante,vocabulario,,,az-1031,situacao-a-alergia-alimentar,noun,f,a alergia alimentar,food allergy,食物过敏,食物過敏,,,,,
cafe_restaurante,Café e Restaurante,vocabulario,,,az-1032,situacao-a-maquina-de-pagamento,noun,f,a máquina (de pagamento),card machine,刷卡机,刷卡機,,,,,
cafe_restaurante,Café e Restaurante,vocabulario,,,az-1033,situacao-pagar-em-dinheiro-com-cartao,,,pagar em dinheiro / com cartão,to pay cash / by card,现金支付／刷卡,現金支付／刷卡,,,,,
cafe_restaurante,Café e Restaurante,vocabulario,,,az-1034,situacao-pagar-em-separado-junto,,,pagar em separado / junto,to pay separately / together,分开付／一起付,分開付／一起付,,,,,
cafe_restaurante,Café e Restaurante,vocabulario,,,az-0754,situacao-bom-proveito,,,Bom proveito!,Enjoy your meal!,请慢用！,請慢用！,,,,,
cafe_restaurante,Café e Restaurante,vocabulario,,,az-0746,situacao-anotar-o-pedido,,,anotar o pedido,to take the order,记录点单,記錄點單,,,,,
cafe_restaurante,Café e Restaurante,vocabulario,,,az-0747,situacao-a-esplanada,noun,f,a esplanada,outdoor terrace,露天座位,露天座位,,,,,
cafe_restaurante,Café e Restaurante,vocabulario,,,az-0749,situacao-os-talheres-o-guardanapo,noun,m-pl,os talheres / o guardanapo,cutlery / napkin,餐具／餐巾,餐具／餐巾,,,,,
cafe_restaurante,Café e Restaurante,vocabulario,,,az-0751,situacao-a-gorjeta,noun,f,a gorjeta,tip,小费,小費,,,,,
cafe_restaurante,Café e Restaurante,vocabulario,,,az-0532,m11-chavena,noun,f,a chávena,cup,杯子,杯子,Use uma chávena de açúcar.,Use a cup of sugar.,使用一杯糖。,使用一杯糖。,
cafe_restaurante,Café e Restaurante,vocabulario,,,az-0531,m11-ingrediente,noun,m,o ingrediente,ingredient,成分,成分,Misture os ingredientes.,Mix the ingredients.,把这些食材混合起来。,把這些食材混合起來。,
cafe_restaurante,Café e Restaurante,vocabulario,,,az-0151,m3-sandes,noun,f,a sandes,sandwich,三明治,三明治,Como uma sandes.,I eat a sandwich.,我吃一个三明治。,我吃一個三明治。,
cafe_restaurante,Café e Restaurante,vocabulario,,,az-0136,m3-cafe,noun,m,o café,coffee; cafe,咖啡/咖啡馆,咖啡/咖啡館,Queria uma bica.,I would like an espresso.,我想要一杯意式浓缩咖啡。,我想要一杯義式濃縮咖啡。,
cafe_restaurante,Café e Restaurante,vocabulario,,,az-0166,m3-pedir,,,pedir,to ask for; to order,请求/点餐,請求/點餐,Vou pedir a conta.,I am going to ask for the bill.,我要结账。,我要結帳。,
cafe_restaurante,Café e Restaurante,vocabulario,,,az-0231,m5-pagar-a-conta,,,pagar a conta,to pay the bill,支付账单,支付帳單,Queria pagar a conta da água.,I would like to pay the water bill.,我想付水费账单。,我想付水費帳單。,
cafe_restaurante,Café e Restaurante,vocabulario,,,az-0160,m3-conta,noun,f,a conta,bill,账单,帳單,"Era a conta, se faz favor.","The bill, please.",请给我账单。,請給我帳單。,
cafe_restaurante,Café e Restaurante,vocabulario,,,az-0260,m5-troco,noun,m,o troco,change,找零,找零,Ele dá-me o troco.,He gives me the change.,他把零钱找给我。,他把零錢找給我。,
cafe_restaurante,Café e Restaurante,dialogo,,411,dialogo-cafe_restaurante-boa-tarde-tem-mesa-para-duas-pessoas,,,,Boa tarde. Tem mesa para duas pessoas?,Good afternoon. Do you have a table for two?,下午好。有两个人的桌位吗？,午安。有兩個人的座位嗎？,,,,,
cafe_restaurante,Café e Restaurante,dialogo,,412,dialogo-cafe_restaurante-tenho-uma-mesa-la-dentro-ou-outra-na-esplanada,,,,Temos uma mesa lá dentro e outra na esplanada.,We have one table inside and another on the terrace.,里面和露台各有一张桌子。,室內和露台各有一張桌子。,,,,,
cafe_restaurante,Café e Restaurante,dialogo,,413,dialogo-cafe_restaurante-preferimos-a-esplanada-qual-e-o-prato-do-dia,,,,Preferimos a esplanada. Qual é o prato do dia?,We prefer the terrace. What's today's special?,我们想坐露台。今日特餐是什么？,我們想坐露台。今日特餐是甚麼？,,,,,
cafe_restaurante,Café e Restaurante,dialogo,,414,dialogo-cafe_restaurante-e-peixe-grelhado-com-arroz-e-salada,,,,É peixe grelhado com arroz e salada.,It's grilled fish with rice and salad.,是烤鱼配米饭和沙拉。,是烤魚配飯和沙律。,,,,,
cafe_restaurante,Café e Restaurante,dialogo,,415,dialogo-cafe_restaurante-este-prato-contem-frutos-secos-tenho-alergia,,,,Este prato contém frutos secos? Tenho alergia.,Does this dish contain nuts? I have an allergy.,这道菜含坚果吗？我过敏。,這道菜含果仁嗎？我有敏感。,,,,,
cafe_restaurante,Café e Restaurante,dialogo,,416,dialogo-cafe_restaurante-nao-contem-mas-vou-confirmar-com-a-cozinha,,,,"Não contém, mas vou confirmar com a cozinha.","It doesn't, but I'll confirm with the kitchen.",不含，但我会向厨房确认。,不含，但我會向廚房確認。,,,,,
cafe_restaurante,Café e Restaurante,dialogo,,417,dialogo-cafe_restaurante-podemos-pagar-em-separado,,,,Podemos pagar em separado?,Can we pay separately?,我们可以分开付款吗？,我們可以分開付款嗎？,,,,,
cafe_restaurante,Café e Restaurante,dialogo,,418,dialogo-cafe_restaurante-sim-querem-pagar-com-cartao-ou-em-dinheiro,,,,Sim. Querem pagar com cartão ou em dinheiro?,Yes. Would you like to pay by card or cash?,可以。刷卡还是现金？,可以。用卡還是現金？,,,,,
cafe_restaurante,Café e Restaurante,dialogo,expanded real-world coverage,627,dialogo-cafe_restaurante-queria-reservar-uma-mesa-para-seis-no-sabado-a-noite,,,,Queria reservar uma mesa para seis no sábado à noite.,I would like to book a table for six on Saturday evening.,我想预订星期六晚上六个人的桌位。,我想預訂星期六晚上六個人的座位。,,,,,
cafe_restaurante,Café e Restaurante,dialogo,expanded real-world coverage,628,dialogo-cafe_restaurante-a-que-horas-e-em-nome-de-quem,,,,A que horas e em nome de quem?,"At what time, and under what name?",几点？用谁的名字预订？,幾點？用誰的名字預訂？,,,,,
cafe_restaurante,Café e Restaurante,dialogo,expanded real-world coverage,629,dialogo-cafe_restaurante-as-oito-em-nome-de-li-vamos-levar-uma-crianca-pequena,,,,"Às oito, em nome de Li. Vamos levar uma criança pequena.","At eight, under Li. We will have a young child with us.",八点，姓 Li。我们会带一个小孩。,八點，姓 Li。我們會帶一個小孩。,,,,,
cafe_restaurante,Café e Restaurante,dialogo,expanded real-world coverage,630,dialogo-cafe_restaurante-temos-cadeira-de-bebe-quer-a-mesa-numa-zona-mais-tranquila,,,,Temos cadeira de bebé. Quer a mesa numa zona mais tranquila?,We have a high chair. Would you like a table in a quieter area?,我们有儿童椅。您想坐在安静一点的区域吗？,我們有兒童椅。您想坐在安靜一點的位置嗎？,,,,,
cafe_restaurante,Café e Restaurante,dialogo,expanded real-world coverage,631,dialogo-cafe_restaurante-sim-por-favor-uma-pessoa-do-grupo-e-vegetariana,,,,"Sim, por favor. Uma pessoa do grupo é vegetariana.","Yes, please. One person in the group is vegetarian.",好的。我们有一位素食者。,好的。我們有一位素食者。,,,,,
cafe_restaurante,Café e Restaurante,dialogo,expanded real-world coverage,632,dialogo-cafe_restaurante-temos-duas-opcoes-vegetarianas-e-sopa-sem-carne,,,,Temos duas opções vegetarianas e sopa sem carne.,We have two vegetarian options and a meat-free soup.,我们有两种素食选择和不含肉的汤。,我們有兩款素食選擇和不含肉的湯。,,,,,
cafe_restaurante,Café e Restaurante,dialogo,expanded real-world coverage,633,dialogo-cafe_restaurante-podemos-encomendar-uma-dose-para-levar,,,,Podemos encomendar uma dose para levar?,Can we order a portion to take away?,我们可以点一份外带吗？,我們可以點一份外賣嗎？,,,,,
cafe_restaurante,Café e Restaurante,dialogo,expanded real-world coverage,634,dialogo-cafe_restaurante-pode-mas-a-embalagem-tem-um-custo-de-cinquenta-centimos,,,,"Pode, mas a embalagem tem um custo de cinquenta cêntimos.","Yes, but the container costs fifty cents.",可以，但餐盒收费五十欧分。,可以，但餐盒收費五十歐仙。,,,,,
cafe_restaurante,Café e Restaurante,dialogo,expanded real-world coverage,635,dialogo-cafe_restaurante-o-cafe-esta-incluido-no-menu-de-almoco,,,,O café está incluído no menu de almoço?,Is coffee included in the lunch menu?,午餐套餐包括咖啡吗？,午餐套餐包括咖啡嗎？,,,,,
cafe_restaurante,Café e Restaurante,dialogo,expanded real-world coverage,636,dialogo-cafe_restaurante-inclui-cafe-ou-cha-mas-nao-inclui-sobremesa,,,,"Inclui café ou chá, mas não inclui sobremesa.","It includes coffee or tea, but not dessert.",包括咖啡或茶，但不包括甜点。,包括咖啡或茶，但不包括甜品。,,,,,
cafe_restaurante,Café e Restaurante,dialogo,expanded real-world coverage,637,dialogo-cafe_restaurante-pode-trazer-a-conta-quando-tiver-um-momento,,,,Pode trazer a conta quando tiver um momento?,Could you bring the bill when you have a moment?,您方便时可以把账单拿来吗？,您方便時可以把帳單拿來嗎？,,,,,
cafe_restaurante,Café e Restaurante,dialogo,expanded real-world coverage,638,dialogo-cafe_restaurante-claro-quer-deixar-a-gorjeta-no-cartao-ou-em-dinheiro,,,,Claro. Quer deixar a gorjeta no cartão ou em dinheiro?,Of course. Would you like to leave the tip by card or in cash?,好的。小费要刷卡还是付现金？,好的。小費想用卡還是現金支付？,,,,,
cafe_restaurante,Café e Restaurante,cartao,,272,cartao-cafe_restaurante-tem-mesa-para-duas-pessoas,,,,Tem mesa para duas pessoas?,Do you have a table for two?,有两个人的桌位吗？,有兩個人的座位嗎？,,,,,
cafe_restaurante,Café e Restaurante,cartao,,273,cartao-cafe_restaurante-qual-e-o-prato-do-dia,,,,Qual é o prato do dia?,What's today's special?,今日特餐是什么？,今日特餐是甚麼？,,,,,
cafe_restaurante,Café e Restaurante,cartao,,274,cartao-cafe_restaurante-tenho-alergia-a-frutos-secos,,,,Tenho alergia a frutos secos.,I'm allergic to nuts.,我对坚果过敏。,我對果仁敏感。,,,,,
cafe_restaurante,Café e Restaurante,cartao,,275,cartao-cafe_restaurante-podemos-pagar-em-separado,,,,Podemos pagar em separado?,Can we pay separately?,可以分开付款吗？,可以分開付款嗎？,,,,,
cafe_restaurante,Café e Restaurante,cartao,,276,cartao-cafe_restaurante-a-conta-por-favor,,,,"A conta, por favor.","The bill, please.",请结账。,唔該埋單。,,,,,
cafe_restaurante,Café e Restaurante,cartao,useful situation example,561,cartao-cafe_restaurante-pode-explicar-me-o-que-devo-fazer-para-anotar-o-pedido,,,,Pode anotar o nosso pedido?,Could you take our order?,可以帮我们点餐吗？,可以幫我們點餐嗎？,,,,,
cafe_restaurante,Café e Restaurante,cartao,useful situation example,562,cartao-cafe_restaurante-onde-posso-encontrar-informacoes-sobre-a-esplanada,,,,Onde posso encontrar informações sobre a esplanada?,Where can I find information about outdoor terrace?,我可以在哪里查到有关露天座位的信息？,我可以在哪裡查到有關露天座位的資訊？,,,,,
cafe_restaurante,Café e Restaurante,cartao,useful situation example,563,cartao-cafe_restaurante-onde-posso-encontrar-informacoes-sobre-o-couvert,,,,Gostaria de saber mais sobre o couvert.,"I would like to know more about couvert (bread/olives, charged).",我想进一步了解餐前小食（收费）。,我想進一步了解餐前小食（收費）。,,,,,
cafe_restaurante,Café e Restaurante,cartao,useful situation example,564,cartao-cafe_restaurante-pode-dar-me-informacoes-sobre-o-prato-principal,,,,Quais são os pratos principais?,What main courses do you have?,你们有哪些主菜？,你們有哪些主菜？,,,,,
cafe_restaurante,Café e Restaurante,cartao,useful situation example,565,cartao-cafe_restaurante-pode-dar-me-informacoes-sobre-a-gorjeta,,,,A gorjeta está incluída?,Is the tip included?,小费包括在内吗？,小費包括在內嗎？,,,,,
cafe_restaurante,Café e Restaurante,cartao,useful situation example,566,cartao-cafe_restaurante-com-quem-devo-falar-sobre-a-alergia-alimentar,,,,Com quem devo falar sobre a alergia alimentar?,Who should I speak to about food allergy?,关于食物过敏，我应该和谁联系？,關於食物過敏，我應該聯絡誰？,,,,,
cafe_restaurante,Café e Restaurante,cartao,useful situation example,567,cartao-cafe_restaurante-preciso-de-esclarecer-uma-duvida-sobre-a-sobremesa,,,,Preciso de esclarecer uma dúvida sobre a sobremesa.,I have a question about dessert.,我需要咨询有关甜品的问题。,我需要查詢有關甜品的問題。,,,,,
cafe_restaurante,Café e Restaurante,cartao,useful situation example,568,cartao-cafe_restaurante-com-quem-devo-falar-sobre-o-prato-do-dia,,,,Pode dizer-me o que inclui o prato do dia?,Could you tell me what today's special includes?,您能告诉我今日特色菜包括什么吗？,您能告訴我今日特色菜包括什麼嗎？,,,,,
cafe_restaurante,Café e Restaurante,cartao,useful situation example,569,cartao-cafe_restaurante-pode-trazer-a-ementa,,,,Pode trazer a ementa?,Can you bring the menu?,可以拿菜单给我吗？,可以拿菜單給我嗎？,,,,,
cafe_restaurante,Café e Restaurante,cartao,useful situation example,570,cartao-cafe_restaurante-queria-informacoes-sobre-a-entrada,,,,Que entradas têm?,What starters do you have?,你们有哪些前菜？,你們有哪些前菜？,,,,,
cafe_restaurante,Café e Restaurante,cartao,useful situation example,571,cartao-cafe_restaurante-queria-pagar-a-conta-da-agua,,,,"Podia trazer-me a conta, por favor?","Could you bring me the bill, please?",请把账单拿给我，好吗？,請把帳單拿給我，好嗎？,,,,,
cafe_restaurante,Café e Restaurante,cartao,useful situation example,572,cartao-cafe_restaurante-vamos-jantar-num-restaurante-portugues,,,,Vamos jantar num restaurante português.,We are going to have dinner at a Portuguese restaurant.,我们去一家葡萄牙餐厅吃晚饭。,我們去一家葡萄牙餐廳吃晚餐。,,,,,
cafe_restaurante,Café e Restaurante,cartao,useful situation example,573,cartao-cafe_restaurante-use-uma-chavena-de-acucar,,,,Este prato contém açúcar?,Does this dish contain sugar?,这道菜含糖吗？,這道菜含糖嗎？,,,,,
cafe_restaurante,Café e Restaurante,cartao,useful situation example,574,cartao-cafe_restaurante-como-uma-sandes,,,,"Queria uma sandes, por favor.","I would like a sandwich, please.",我想要一份三明治。,我想要一份三文治。,,,,,
cafe_restaurante,Café e Restaurante,cartao,useful situation example,575,cartao-cafe_restaurante-queria-uma-bica,,,,Queria uma bica.,I would like an espresso.,我想要一杯意式浓缩咖啡。,我想要一杯義式濃縮咖啡。,,,,,
camara_municipal,Câmara Municipal,vocabulario,,,az-0594,m12-camara-municipal,noun,f,a Câmara Municipal,city council,市议会,市議會,É candidato à presidência da Câmara Municipal.,He is a candidate for president of the City Council.,他是市政厅主席职位的候选人。,他是市政廳主席職位的候選人。,
camara_municipal,Câmara Municipal,vocabulario,,,az-0581,m12-comunidade,noun,f,a comunidade,community,社区/共同体,社區/共同體,Participa na vida da comunidade.,Participate in community life.,参与社区生活。,參與社區生活。,
camara_municipal,Câmara Municipal,vocabulario,,,az-0586,m12-residir,,,residir,to reside,居住,居住,Pode residir no espaço europeu.,You can reside in the European area.,可以在欧洲空间居住。,可以在歐洲空間居住。,
camara_municipal,Câmara Municipal,vocabulario,,,az-0592,m12-sugestao,noun,f,a sugestão,suggestion,建议,建議,Pode apresentar sugestões.,You can make suggestions.,可以提出建议。,可以提出建議。,
camara_municipal,Câmara Municipal,vocabulario,,,az-0596,m12-informar-se,,,informar-se,to get informed,了解情况,了解情況,Tenta informar-se sobre os candidatos.,He tries to find out about the candidates.,他试图了解候选人的情况。,他試圖了解候選人的情況。,
camara_municipal,Câmara Municipal,vocabulario,,,az-0645,situacao-o-carimbo,noun,m,o carimbo,official stamp,公章,公章,,,,,
camara_municipal,Câmara Municipal,vocabulario,,,az-0646,situacao-pagar-uma-taxa,,,pagar uma taxa,to pay a fee,缴納费用,繳納費用,,,,,
camara_municipal,Câmara Municipal,vocabulario,,,az-0760,situacao-o-lixo-a-reciclagem,noun,m,o lixo / a reciclagem,rubbish / recycling,垃圾／回收,垃圾／回收,,,,,
camara_municipal,Câmara Municipal,vocabulario,,,az-0846,situacao-o-horario-de-funcionamento,noun,m,o horário de funcionamento,opening hours,營业时间,營業時間,,,,,
camara_municipal,Câmara Municipal,vocabulario,,,az-0854,situacao-o-horario-de-atendimento,noun,m,o horário de atendimento,office hours,办公时间,辦公時間,,,,,
camara_municipal,Câmara Municipal,vocabulario,,,az-0855,situacao-a-senha-de-atendimento,noun,f,a senha de atendimento,queue ticket,排队取号,排隊取號,,,,,
camara_municipal,Câmara Municipal,vocabulario,,,az-0857,situacao-a-declaracao,noun,f,a declaração,declaration / statement,声明书,聲明書,,,,,
camara_municipal,Câmara Municipal,vocabulario,,,az-0859,situacao-a-freguesia,noun,f,a freguesia,parish (administrative area),堂区（行政区）,堂區（行政區）,,,,,
camara_municipal,Câmara Municipal,vocabulario,,,az-0860,situacao-o-municipe-o-morador,noun,m,o munícipe / o morador,resident,居民,居民,,,,,
camara_municipal,Câmara Municipal,vocabulario,,,az-0862,situacao-o-formulario,noun,m,o formulário,form,表格,表格,,,,,
camara_municipal,Câmara Municipal,vocabulario,,,az-0863,situacao-assinar,,,assinar,to sign,签名,簽名,,,,,
camara_municipal,Câmara Municipal,vocabulario,,,az-0864,situacao-o-comprovativo-de-pagamento,noun,m,o comprovativo de pagamento,proof of payment,缴费憑证,繳費憑證,,,,,
camara_municipal,Câmara Municipal,vocabulario,,,az-0865,situacao-levantar-o-documento,,,levantar o documento,to collect the document,领取文件,領取文件,,,,,
camara_municipal,Câmara Municipal,vocabulario,,,az-1095,situacao-estacionar,,,estacionar,to park,停车,停車,,,,,
camara_municipal,Câmara Municipal,vocabulario,,,az-1196,situacao-o-lixo,noun,m,o lixo,trash,垃圾,垃圾,Já pus o lixo fora.,I already took out the trash.,我已经把垃圾拿出去了。,我已經把垃圾拿出去了。,
camara_municipal,Câmara Municipal,vocabulario,,,az-1197,situacao-a-reciclagem,noun,f,a reciclagem,recycling,回收,回收,A reciclagem é ao fundo.,Recycling is in the background.,回收站在最里面。,回收站在最裡面。,
camara_municipal,Câmara Municipal,vocabulario,,,az-1198,situacao-o-contentor,noun,m,o contentor,bin / container,垃圾箱,垃圾箱,O contentor está cheio.,The container is full.,垃圾箱满了。,垃圾箱滿了。,
camara_municipal,Câmara Municipal,vocabulario,,,az-1203,situacao-a-garagem,noun,f,a garagem,garage,车库,車庫,O carro está na garagem.,The car is in the garage.,车在车库里。,車在車庫裡。,
camara_municipal,Câmara Municipal,vocabulario,,,az-1204,situacao-o-lugar-de-estacionamento,noun,m,o lugar de estacionamento,parking spot,停车位,停車位,O meu lugar é o dez.,My place is ten.,我的车位是十号。,我的車位是十號。,
camara_municipal,Câmara Municipal,vocabulario,,,az-1072,situacao-o-entulho,noun,m,o entulho,rubble / construction waste,建筑垃圾,建築垃圾,,,,,
camara_municipal,Câmara Municipal,vocabulario,,,az-1010,situacao-a-reclamacao,noun,f,a reclamação,complaint,投诉,投訴,,,,,
camara_municipal,Câmara Municipal,vocabulario,,,az-0533,m11-reclamar,,,reclamar,to complain,抱怨/投诉,抱怨/投訴,Temos de reclamar.,We have to complain.,我们必须投诉。,我們必須投訴。,
camara_municipal,Câmara Municipal,vocabulario,,,az-1328,situacao-o-municipio,noun,m,o município,municipality,市镇,市鎮,O serviço é gerido pelo município.,The service is managed by the municipality.,该服务由市镇管理。,該服務由市鎮管理。,
camara_municipal,Câmara Municipal,vocabulario,,,az-1329,situacao-o-distico-de-residente,noun,m,o dístico de residente,resident parking permit,居民停车证,居民泊車證,Pedi o dístico de residente para esta zona.,I applied for a resident parking permit for this area.,我申请了这个区域的居民停车证。,我申請了這個區域的居民泊車證。,
camara_municipal,Câmara Municipal,vocabulario,,,az-1330,situacao-os-monos,noun,m-pl,os monos,bulky household waste,大件垃圾,大型家居廢物,A Câmara recolhe os monos mediante marcação.,The council collects bulky waste by appointment.,市政府预约上门收取大件垃圾。,市政府預約上門收取大型家居廢物。,
camara_municipal,Câmara Municipal,dialogo,opening,497,dialogo-camara_municipal-bom-dia-quero-comunicar-um-buraco-perigoso-no-passeio,,,,Bom dia. Quero comunicar um buraco perigoso no passeio.,Good morning. I want to report a dangerous hole in the pavement.,早上好。我想报告人行道上一个危险的坑。,早晨。我想報告行人路上一個危險的坑。,,,,,
camara_municipal,Câmara Municipal,dialogo,details,498,dialogo-camara_municipal-pode-indicar-a-rua-e-o-numero-de-porta-mais-proximo,,,,Pode indicar a rua e o número de porta mais próximo?,Can you give the street and nearest door number?,可以提供街道和最近的门牌号吗？,可以提供街道和最近的門牌號碼嗎？,,,,,
camara_municipal,Câmara Municipal,dialogo,details,499,dialogo-camara_municipal-e-na-rua-das-flores-em-frente-ao-numero-vinte,,,,"É na Rua das Flores, em frente ao número vinte.","It is on Rua das Flores, opposite number twenty.",在花街二十号对面。,在花街二十號對面。,,,,,
camara_municipal,Câmara Municipal,dialogo,evidence,500,dialogo-camara_municipal-tem-uma-fotografia-que-mostre-o-problema,,,,Tem uma fotografia que mostre o problema?,Do you have a photograph showing the problem?,您有显示问题的照片吗？,您有顯示問題的相片嗎？,,,,,
camara_municipal,Câmara Municipal,dialogo,evidence,501,dialogo-camara_municipal-sim-posso-anexa-la-ao-pedido,,,,Sim. Posso anexá-la ao pedido.,Yes. I can attach it to the report.,有。我可以把照片附在报告中。,有。我可以把相片附在報告中。,,,,,
camara_municipal,Câmara Municipal,dialogo,submission,502,dialogo-camara_municipal-pode-submeter-no-portal-do-municipio-ou-deixa-la-aqui-no-atendimento,,,,Pode submeter no portal do município ou deixá-la aqui no atendimento.,You can submit it on the municipal portal or leave it here at the service desk.,可以在市政府网站提交，也可以在这里办理。,可以在市政府網站提交，也可以在這裡辦理。,,,,,
camara_municipal,Câmara Municipal,dialogo,priority,503,dialogo-camara_municipal-ha-risco-de-alguem-cair-pode-ser-tratado-como-urgente,,,,Há risco de alguém cair. Pode ser tratado como urgente?,Someone could fall. Can it be treated as urgent?,有人可能摔倒。可以按紧急情况处理吗？,有人可能跌倒。可以按緊急情況處理嗎？,,,,,
camara_municipal,Câmara Municipal,dialogo,priority,504,dialogo-camara_municipal-vou-assinalar-o-risco-a-equipa-responsavel,,,,Vou assinalar o risco à equipa responsável.,I will flag the risk to the responsible team.,我会向负责部门标明这一风险。,我會向負責部門標明這項風險。,,,,,
camara_municipal,Câmara Municipal,dialogo,tracking,505,dialogo-camara_municipal-pode-dar-me-o-numero-da-ocorrencia,,,,Pode dar-me o número da ocorrência?,Can you give me the report reference number?,可以给我报告编号吗？,可以給我報告編號嗎？,,,,,
camara_municipal,Câmara Municipal,dialogo,tracking,506,dialogo-camara_municipal-sim-com-este-numero-pode-acompanhar-a-resposta-do-municipio,,,,Sim. Com este número pode acompanhar a resposta do município.,Yes. You can use this number to follow the council's response.,可以。您可以用这个编号查询市政府的处理进度。,可以。您可以用這個編號查詢市政府的處理進度。,,,,,
camara_municipal,Câmara Municipal,dialogo,expanded real-world coverage,558,dialogo-camara_municipal-tambem-preciso-de-mandar-recolher-um-sofa-velho,,,,Também preciso de mandar recolher um sofá velho.,I also need to arrange collection of an old sofa.,我还需要预约回收一张旧沙发。,我還需要預約回收一張舊梳化。,,,,,
camara_municipal,Câmara Municipal,dialogo,expanded real-world coverage,559,dialogo-camara_municipal-a-recolha-de-monos-e-marcada-pelo-telefone-ou-pelo-portal-municipal,,,,A recolha de monos é marcada pelo telefone ou pelo portal municipal.,Bulky-waste collection is booked by phone or on the municipal portal.,大件垃圾回收可通过电话或市政府网站预约。,大型廢物回收可透過電話或市政府網站預約。,,,,,
camara_municipal,Câmara Municipal,dialogo,expanded real-world coverage,560,dialogo-camara_municipal-posso-deixa-lo-junto-aos-contentores-esta-noite,,,,Posso deixá-lo junto aos contentores esta noite?,Can I leave it beside the bins tonight?,今晚可以把它放在垃圾箱旁吗？,今晚可以把它放在垃圾箱旁嗎？,,,,,
camara_municipal,Câmara Municipal,dialogo,expanded real-world coverage,561,dialogo-camara_municipal-so-depois-de-receber-a-data-e-as-instrucoes-da-recolha,,,,Só depois de receber a data e as instruções da recolha.,Only after you receive the collection date and instructions.,请先等到收到回收日期和指示后再放。,請先等到收到回收日期和指示後再放。,,,,,
camara_municipal,Câmara Municipal,dialogo,expanded real-world coverage,562,dialogo-camara_municipal-ha-algum-custo-para-uma-recolha-domestica,,,,Há algum custo para uma recolha doméstica?,Is there a fee for a household collection?,家庭大件垃圾回收收费吗？,家居大型廢物回收收費嗎？,,,,,
camara_municipal,Câmara Municipal,dialogo,expanded real-world coverage,563,dialogo-camara_municipal-consulte-as-condicoes-do-seu-municipio-quando-fizer-a-marcacao,,,,Consulte as condições do seu município quando fizer a marcação.,Check your municipality's conditions when you book.,预约时请查看您所在市政府的规定。,預約時請查看您所屬市政府的規定。,,,,,
camara_municipal,Câmara Municipal,dialogo,expanded real-world coverage,564,dialogo-camara_municipal-quero-ainda-comunicar-barulho-de-obras-fora-do-horario,,,,Quero ainda comunicar barulho de obras fora do horário.,I also want to report building noise outside permitted hours.,我还想投诉非施工时段的装修噪音。,我還想投訴非施工時段的裝修噪音。,,,,,
camara_municipal,Câmara Municipal,dialogo,expanded real-world coverage,565,dialogo-camara_municipal-registe-os-dias-as-horas-e-a-morada-onde-ocorre-o-ruido,,,,"Registe os dias, as horas e a morada onde ocorre o ruído.","Record the dates, times, and address where the noise occurs.",请记录噪音发生的日期、时间和地址。,請記錄噪音發生的日期、時間和地址。,,,,,
camara_municipal,Câmara Municipal,dialogo,expanded real-world coverage,566,dialogo-camara_municipal-a-situacao-acontece-quase-todas-as-noites,,,,A situação acontece quase todas as noites.,It happens almost every night.,这种情况几乎每晚都发生。,這種情況幾乎每晚都發生。,,,,,
camara_municipal,Câmara Municipal,dialogo,expanded real-world coverage,567,dialogo-camara_municipal-se-estiver-a-acontecer-agora-contacte-tambem-as-autoridades-policiais,,,,"Se estiver a acontecer agora, contacte também as autoridades policiais.","If it is happening now, also contact the police authorities.",如果现在正在发生，也请联系警方。,如果現在正在發生，也請聯絡警方。,,,,,
camara_municipal,Câmara Municipal,cartao,parking,331,cartao-camara_municipal-quero-pedir-um-distico-de-estacionamento-para-residente,,,,Quero pedir um dístico de estacionamento para residente.,I want to apply for a resident parking permit.,我想申请居民停车证。,我想申請居民泊車證。,,,,,
camara_municipal,Câmara Municipal,cartao,waste,332,cartao-camara_municipal-como-marco-a-recolha-de-um-sofa-e-de-um-colchao,,,,Como marco a recolha de um sofá e de um colchão?,How do I arrange collection of a sofa and mattress?,怎样预约收取沙发和床垫？,怎樣預約收取梳化和床褥？,,,,,
camara_municipal,Câmara Municipal,cartao,licence,333,cartao-camara_municipal-preciso-de-licenca-para-fazer-estas-obras,,,,Preciso de licença para fazer estas obras?,Do I need a permit for this building work?,进行这些工程需要许可证吗？,進行這些工程需要許可證嗎？,,,,,
camara_municipal,Câmara Municipal,cartao,noise,334,cartao-camara_municipal-quero-apresentar-uma-reclamacao-por-causa-do-ruido,,,,Quero apresentar uma reclamação por causa do ruído.,I want to make a complaint about noise.,我想投诉噪音问题。,我想投訴噪音問題。,,,,,
camara_municipal,Câmara Municipal,cartao,appointment,335,cartao-camara_municipal-este-assunto-precisa-de-marcacao-no-atendimento-municipal,,,,Este assunto precisa de marcação no atendimento municipal?,Does this matter require an appointment at the municipal office?,这项事务需要预约市政府服务吗？,這項事務需要預約市政府服務嗎？,,,,,
camara_municipal,Câmara Municipal,cartao,documents,336,cartao-camara_municipal-que-comprovativos-tenho-de-juntar-ao-requerimento,,,,Que comprovativos tenho de juntar ao requerimento?,Which supporting documents must I attach to the application?,申请需要附上哪些证明文件？,申請需要附上哪些證明文件？,,,,,
camara_municipal,Câmara Municipal,cartao,cost,337,cartao-camara_municipal-onde-posso-consultar-as-taxas-municipais,,,,Onde posso consultar as taxas municipais?,Where can I check the municipal fees?,在哪里可以查询市政费用？,在哪裡可以查詢市政費用？,,,,,
camara_municipal,Câmara Municipal,cartao,tracking,338,cartao-camara_municipal-ainda-nao-recebi-resposta-ao-meu-requerimento,,,,Ainda não recebi resposta ao meu requerimento.,I have not yet received a response to my application.,我的申请还没有收到回复。,我的申請還沒有收到回覆。,,,,,
camara_municipal,Câmara Municipal,cartao,useful situation example,447,cartao-camara_municipal-onde-posso-encontrar-informacoes-sobre-o-horario-de-atendimento,,,,Onde posso encontrar informações sobre o horário de atendimento?,Where can I find information about office hours?,我可以在哪里查到有关办公时间的信息？,我可以在哪裡查到有關辦公時間的資訊？,,,,,
camara_municipal,Câmara Municipal,cartao,useful situation example,448,cartao-camara_municipal-pode-dar-me-informacoes-sobre-o-comprovativo-de-pagamento,,,,Pode dar-me informações sobre o comprovativo de pagamento?,Could you give me information about proof of payment?,可以告诉我有关缴费憑证的信息吗？,可以告訴我有關繳費憑證的資訊嗎？,,,,,
camara_municipal,Câmara Municipal,cartao,useful situation example,449,cartao-camara_municipal-onde-posso-encontrar-informacoes-sobre-o-formulario,,,,Gostaria de saber mais sobre o formulário.,I would like to know more about form.,我想进一步了解表格。,我想進一步了解表格。,,,,,
camara_municipal,Câmara Municipal,cartao,useful situation example,450,cartao-camara_municipal-pode-explicar-me-o-que-devo-fazer-para-estacionar,,,,Pode explicar-me o que devo fazer para estacionar?,Could you explain what I need to do to park?,可以说明我要怎样停车吗？,可以說明我要怎樣停車嗎？,,,,,
camara_municipal,Câmara Municipal,cartao,useful situation example,451,cartao-camara_municipal-onde-posso-encontrar-informacoes-sobre-o-entulho,,,,Quem me pode orientar sobre o entulho?,Who can advise me about rubble / construction waste?,关于建筑垃圾，谁可以给我指引？,關於建築垃圾，誰可以給我指引？,,,,,
camara_municipal,Câmara Municipal,cartao,useful situation example,452,cartao-camara_municipal-pode-dar-me-informacoes-sobre-a-declaracao,,,,Tenho uma questão relacionada com a declaração.,I have a question related to declaration / statement.,我有一个与声明书有关的问题。,我有一個與聲明書有關的問題。,,,,,
camara_municipal,Câmara Municipal,cartao,useful situation example,453,cartao-camara_municipal-com-quem-devo-falar-sobre-o-horario-de-funcionamento,,,,Com quem devo falar sobre o horário de funcionamento?,Who should I speak to about opening hours?,关于營业时间，我应该和谁联系？,關於營業時間，我應該聯絡誰？,,,,,
camara_municipal,Câmara Municipal,cartao,useful situation example,454,cartao-camara_municipal-preciso-de-esclarecer-uma-duvida-sobre-a-freguesia,,,,Preciso de esclarecer uma dúvida sobre a freguesia.,I have a question about parish (administrative area).,我需要咨询有关堂区（行政区）的问题。,我需要查詢有關堂區（行政區）的問題。,,,,,
camara_municipal,Câmara Municipal,cartao,useful situation example,455,cartao-camara_municipal-queria-informacoes-sobre-a-senha-de-atendimento,,,,Queria informações sobre a senha de atendimento.,I would like information about queue ticket.,我想了解排队取号。,我想了解排隊取號。,,,,,
camara_municipal,Câmara Municipal,cartao,useful situation example,456,cartao-camara_municipal-e-possivel-levantar-o-documento-aqui,,,,É possível levantar o documento aqui?,Is it possible to collect the document here?,可以在这里领取文件吗？,可以在這裡領取文件嗎？,,,,,
camara_municipal,Câmara Municipal,cartao,useful situation example,457,cartao-camara_municipal-queria-informacoes-sobre-a-reclamacao,,,,Consegue ajudar-me com uma dúvida sobre a reclamação?,Can you help me with a question about complaint?,您能帮我解答一个有关投诉的问题吗？,您能幫我解答一個有關投訴的問題嗎？,,,,,
camara_municipal,Câmara Municipal,cartao,useful situation example,458,cartao-camara_municipal-preciso-de-ajuda-para-pagar-uma-taxa,,,,Preciso de ajuda para pagar uma taxa.,I need help to pay a fee.,我需要协助缴納费用。,我需要協助繳納費用。,,,,,
casa_reparacoes,Casa: Avarias e Reparações,vocabulario,,,az-0967,situacao-o-aquecimento,noun,m,o aquecimento,heating,暖气,暖氣,,,,,
casa_reparacoes,Casa: Avarias e Reparações,vocabulario,,,az-0968,situacao-o-esquentador,noun,m,o esquentador,gas water heater,燃气热水器,燃氣熱水器,,,,,Very common in PT flats; learn this word
casa_reparacoes,Casa: Avarias e Reparações,vocabulario,,,az-0969,situacao-a-caldeira,noun,f,a caldeira,boiler,锅炉,鍋爐,,,,,
casa_reparacoes,Casa: Avarias e Reparações,vocabulario,,,az-0970,situacao-o-eletrodomestico,noun,m,o eletrodoméstico,household appliance,家用电器,家用電器,,,,,
casa_reparacoes,Casa: Avarias e Reparações,vocabulario,,,az-0971,situacao-a-maquina-de-lavar-roupa-loica,noun,f,a máquina de lavar roupa / loiça,washing machine / dishwasher,洗衣机／洗碗机,洗衣機／洗碗機,,,,,
casa_reparacoes,Casa: Avarias e Reparações,vocabulario,,,az-0972,situacao-avariado-a,,,avariado/a,broken / out of order,坏了／故障,壞了／故障,,,,,
casa_reparacoes,Casa: Avarias e Reparações,vocabulario,,,az-0973,situacao-a-reparacao-o-arranjo,noun,f,a reparação / o arranjo,repair,维修,維修,,,,,
casa_reparacoes,Casa: Avarias e Reparações,vocabulario,,,az-0974,situacao-a-humidade,noun,f,a humidade,damp,潮湿,潮濕,,,,,Chronic issue in Portuguese housing
casa_reparacoes,Casa: Avarias e Reparações,vocabulario,,,az-0975,situacao-o-bolor-o-mofo,noun,m,o bolor / o mofo,mould,霉菌,霉菌,,,,,
casa_reparacoes,Casa: Avarias e Reparações,vocabulario,,,az-1011,situacao-reportar-uma-avaria,,,reportar uma avaria,to report a fault,報修,報修,,,,,
casa_reparacoes,Casa: Avarias e Reparações,vocabulario,,,az-1012,situacao-a-manutencao,noun,f,a manutenção,maintenance,维修部,維修部,,,,,
casa_reparacoes,Casa: Avarias e Reparações,vocabulario,,,az-1060,situacao-o-martelo,noun,m,o martelo,hammer,錘子,錘子,,,,,
casa_reparacoes,Casa: Avarias e Reparações,vocabulario,,,az-1061,situacao-o-berbequim-a-broca,noun,m,o berbequim / a broca,drill / drill bit,电钻／钻头,電鑽／鑽頭,,,,,
casa_reparacoes,Casa: Avarias e Reparações,vocabulario,,,az-1062,situacao-a-serra,noun,f,a serra,saw,锯子,鋸子,,,,,
casa_reparacoes,Casa: Avarias e Reparações,vocabulario,,,az-1063,situacao-a-chave-de-fendas,noun,f,a chave de fendas,screwdriver,螺絲刀,螺絲刀,,,,,
casa_reparacoes,Casa: Avarias e Reparações,vocabulario,,,az-1064,situacao-a-escada,noun,f,a escada,ladder,梯子,梯子,,,,,
casa_reparacoes,Casa: Avarias e Reparações,vocabulario,,,az-1065,situacao-o-ladrilho-o-azulejo,noun,m,o ladrilho / o azulejo,floor tile / wall tile,地砖／瓷砖,地磚／瓷磚,,,,,
casa_reparacoes,Casa: Avarias e Reparações,vocabulario,,,az-1066,situacao-o-pladur-o-gesso,noun,m,o pladur / o gesso,drywall / plaster,石膏板／石膏,石膏板／石膏,,,,,
casa_reparacoes,Casa: Avarias e Reparações,vocabulario,,,az-1067,situacao-a-tinta-pintar,noun,f,a tinta / pintar,paint / to paint,油漆／刷漆,油漆／刷漆,,,,,
casa_reparacoes,Casa: Avarias e Reparações,vocabulario,,,az-1068,situacao-o-rolo-o-pincel,noun,m,o rolo / o pincel,roller / brush,滾筒／刷子,滾筒／刷子,,,,,
casa_reparacoes,Casa: Avarias e Reparações,vocabulario,,,az-1069,situacao-o-eletricista,noun,m,o eletricista,electrician,电工,電工,,,,,
casa_reparacoes,Casa: Avarias e Reparações,vocabulario,,,az-1070,situacao-o-canalizador,noun,m,o canalizador,plumber,水管工,水管工,,,,,
casa_reparacoes,Casa: Avarias e Reparações,vocabulario,,,az-1071,situacao-a-remodelacao,noun,f,a remodelação,renovation,翻新装修,翻新裝修,,,,,Most immigrant construction work is renovations
casa_reparacoes,Casa: Avarias e Reparações,vocabulario,,,az-1077,situacao-o-orcamento,noun,m,o orçamento,quote / estimate,報价,報價,,,,,
casa_reparacoes,Casa: Avarias e Reparações,vocabulario,,,az-1052,situacao-a-chave-de-casa,noun,f,a chave de casa,house key,家门钥匙,家門鑰匙,,,,,
casa_reparacoes,Casa: Avarias e Reparações,vocabulario,,,az-1096,situacao-o-elevador-esta-avariado,noun,m,o elevador está avariado,the lift is broken,电梯坏了,電梯壞了,,,,,
casa_reparacoes,Casa: Avarias e Reparações,vocabulario,,,az-0715,situacao-o-condominio,noun,m,o condomínio,building service charge,大厦管理费,大廈管理費,,,,,
casa_reparacoes,Casa: Avarias e Reparações,vocabulario,,,az-0643,situacao-o-contrato-de-arrendamento,noun,m,o contrato de arrendamento,rental contract,租赁合同,租賃合同,,,,,
casa_reparacoes,Casa: Avarias e Reparações,vocabulario,,,az-0707,situacao-o-senhorio-a-senhoria,noun,m,o senhorio / a senhoria,landlord / landlady,房东,房東,,,,,
casa_reparacoes,Casa: Avarias e Reparações,vocabulario,,,az-0708,situacao-o-inquilino-a-inquilina,noun,m,o inquilino / a inquilina,tenant,房客,房客,,,,,
casa_reparacoes,Casa: Avarias e Reparações,dialogo,,427,dialogo-casa_reparacoes-bom-dia-estou-a-ligar-por-causa-de-uma-avaria-em-casa,,,,Bom dia. Estou a ligar por causa de uma avaria em casa.,Good morning. I'm calling about a fault at home.,早上好。我打电话是因为家里出了故障。,早晨。我致電是因為家裡出了故障。,,,,,
casa_reparacoes,Casa: Avarias e Reparações,dialogo,,428,dialogo-casa_reparacoes-pode-explicar-o-que-aconteceu,,,,Pode explicar o que aconteceu?,Can you explain what happened?,可以说明发生了什么吗？,可以說明發生了甚麼嗎？,,,,,
casa_reparacoes,Casa: Avarias e Reparações,dialogo,,429,dialogo-casa_reparacoes-ha-uma-fuga-de-agua-debaixo-do-lava-loica,,,,Há uma fuga de água debaixo do lava-loiça.,There's a water leak under the kitchen sink.,厨房水槽下面漏水。,廚房洗手盆下面漏水。,,,,,
casa_reparacoes,Casa: Avarias e Reparações,dialogo,,430,dialogo-casa_reparacoes-ja-fechou-a-torneira-de-seguranca,,,,Já fechou a torneira de corte?,Have you turned off the stopcock?,您已经关掉总水阀了吗？,您已經關掉總水掣了嗎？,,,,,
casa_reparacoes,Casa: Avarias e Reparações,dialogo,,431,dialogo-casa_reparacoes-sim-mas-agora-nao-temos-agua-em-casa,,,,"Sim, mas agora não temos água em casa.","Yes, but now we have no water at home.",关了，但现在家里没水。,關了，但現在家裡沒有水。,,,,,
casa_reparacoes,Casa: Avarias e Reparações,dialogo,,432,dialogo-casa_reparacoes-o-canalizador-pode-ir-ai-entre-as-duas-e-as-quatro,,,,O canalizador pode ir aí entre as duas e as quatro.,The plumber can go there between two and four.,水管工可以在两点到四点之间到。,水喉匠可以在兩點至四點之間到。,,,,,
casa_reparacoes,Casa: Avarias e Reparações,dialogo,,433,dialogo-casa_reparacoes-pode-enviar-me-primeiro-o-orcamento,,,,Pode enviar-me primeiro o orçamento?,Can you send me the quote first?,可以先把报价发给我吗？,可以先把報價傳給我嗎？,,,,,
casa_reparacoes,Casa: Avarias e Reparações,dialogo,,434,dialogo-casa_reparacoes-sim-ele-verifica-a-avaria-e-envia-lhe-o-valor,,,,Sim. Ele verifica a avaria e depois envia-lhe o orçamento.,Yes. He'll inspect the fault and then send you the quote.,可以。他会检查故障，然后把报价发给您。,可以。他會檢查故障，然後把報價傳給您。,,,,,
casa_reparacoes,Casa: Avarias e Reparações,dialogo,expanded real-world coverage,651,dialogo-casa_reparacoes-a-tomada-da-cozinha-faz-faisca-quando-ligo-o-forno,,,,A tomada da cozinha faz faísca quando ligo o forno.,The kitchen socket sparks when I switch on the oven.,我打开烤箱时，厨房插座会冒火花。,我開焗爐時，廚房插座會冒火花。,,,,,
casa_reparacoes,Casa: Avarias e Reparações,dialogo,expanded real-world coverage,652,dialogo-casa_reparacoes-nao-volte-a-usa-la-e-desligue-esse-circuito-no-quadro-eletrico,,,,Não volte a usá-la e desligue esse circuito no quadro elétrico.,"Do not use it again, and switch off that circuit at the fuse box.",请不要再使用，并在配电箱关闭该回路。,請不要再使用，並在電箱關掉該電路。,,,,,
casa_reparacoes,Casa: Avarias e Reparações,dialogo,expanded real-world coverage,653,dialogo-casa_reparacoes-o-eletricista-consegue-vir-hoje,,,,O eletricista consegue vir hoje?,Can the electrician come today?,电工今天能来吗？,電工今天能來嗎？,,,,,
casa_reparacoes,Casa: Avarias e Reparações,dialogo,expanded real-world coverage,654,dialogo-casa_reparacoes-consigo-marcar-uma-urgencia-para-o-fim-da-tarde,,,,Consigo marcar uma urgência para o fim da tarde.,I can book an emergency visit for late afternoon.,我可以预约今天傍晚的紧急上门服务。,我可以預約今天傍晚的緊急上門服務。,,,,,
casa_reparacoes,Casa: Avarias e Reparações,dialogo,expanded real-world coverage,655,dialogo-casa_reparacoes-a-deslocacao-tem-um-preco-fixo,,,,A deslocação tem um preço fixo?,Is there a fixed call-out fee?,上门费是固定的吗？,上門費是固定的嗎？,,,,,
casa_reparacoes,Casa: Avarias e Reparações,dialogo,expanded real-world coverage,656,dialogo-casa_reparacoes-sim-a-reparacao-e-as-pecas-sao-orcamentadas-depois-do-diagnostico,,,,Sim. A reparação e as peças são orçamentadas depois do diagnóstico.,Yes. The repair and parts are quoted after diagnosis.,是的。检查后会另行报价维修和零件费用。,是的。檢查後會另行報價維修和零件費用。,,,,,
casa_reparacoes,Casa: Avarias e Reparações,dialogo,expanded real-world coverage,657,dialogo-casa_reparacoes-o-autoclismo-tambem-fica-sempre-a-correr,,,,O autoclismo também fica sempre a correr.,The toilet cistern also keeps running.,马桶水箱也一直流水。,坐廁水箱也一直流水。,,,,,
casa_reparacoes,Casa: Avarias e Reparações,dialogo,expanded real-world coverage,658,dialogo-casa_reparacoes-peca-ao-canalizador-para-verificar-a-valvula-quando-estiver-ai,,,,Peça ao canalizador para verificar a válvula quando estiver aí.,Ask the plumber to check the valve while there.,水管工到时请他也检查一下阀门。,水喉匠到時請他也檢查一下水掣。,,,,,
casa_reparacoes,Casa: Avarias e Reparações,dialogo,expanded real-world coverage,659,dialogo-casa_reparacoes-pode-enviar-me-a-fatura-e-a-garantia-por-email,,,,Pode enviar-me a fatura e a garantia por email?,Can you email me the invoice and warranty?,可以把发票和保修通过邮件发给我吗？,可以把發票和保養證明透過電郵傳給我嗎？,,,,,
casa_reparacoes,Casa: Avarias e Reparações,dialogo,expanded real-world coverage,660,dialogo-casa_reparacoes-claro-confirme-o-email-quando-assinar-a-folha-de-servico,,,,Claro. Confirme o email quando assinar a folha de serviço.,Of course. Confirm the email when you sign the service sheet.,可以。签服务单时请确认邮箱。,可以。簽署服務單時請確認電郵。,,,,,
casa_reparacoes,Casa: Avarias e Reparações,dialogo,expanded real-world coverage,661,dialogo-casa_reparacoes-se-a-avaria-voltar-ha-nova-cobranca,,,,"Se a avaria voltar, há nova cobrança?","If the fault returns, will there be another charge?",如果故障再次出现，还会收费吗？,如果故障再次出現，還會收費嗎？,,,,,
casa_reparacoes,Casa: Avarias e Reparações,dialogo,expanded real-world coverage,662,dialogo-casa_reparacoes-se-for-a-mesma-avaria-dentro-da-garantia-contacte-nos-com-o-numero-da-fatura,,,,"Se for a mesma avaria dentro da garantia, contacte-nos com o número da fatura.","If it is the same fault within the warranty, contact us with the invoice number.",如果在保修期内出现同一故障，请提供发票编号联系我们。,如果在保養期內出現同一故障，請提供發票編號聯絡我們。,,,,,
casa_reparacoes,Casa: Avarias e Reparações,cartao,,282,cartao-casa_reparacoes-ha-uma-fuga-de-agua,,,,Há uma fuga de água.,There's a water leak.,漏水了。,漏水了。,,,,,
casa_reparacoes,Casa: Avarias e Reparações,cartao,,283,cartao-casa_reparacoes-o-esquentador-nao-liga,,,,O esquentador não liga.,The water heater won't turn on.,热水器无法启动。,熱水爐無法啟動。,,,,,
casa_reparacoes,Casa: Avarias e Reparações,cartao,,284,cartao-casa_reparacoes-pode-enviar-me-um-orcamento,,,,Pode enviar-me um orçamento?,Can you send me a quote?,可以给我发报价吗？,可以傳報價給我嗎？,,,,,
casa_reparacoes,Casa: Avarias e Reparações,cartao,,285,cartao-casa_reparacoes-quando-pode-vir-fazer-a-reparacao,,,,Quando pode vir fazer a reparação?,When can you come and repair it?,什么时候可以来维修？,甚麼時候可以來維修？,,,,,
casa_reparacoes,Casa: Avarias e Reparações,cartao,,286,cartao-casa_reparacoes-a-avaria-e-urgente,,,,A avaria é urgente.,The fault is urgent.,这个故障很紧急。,這個故障很緊急。,,,,,
casa_reparacoes,Casa: Avarias e Reparações,cartao,useful situation example,591,cartao-casa_reparacoes-onde-posso-encontrar-informacoes-sobre-a-chave-de-fendas,,,,Tem uma chave de fendas?,Do you have a screwdriver?,您有螺丝刀吗？,您有螺絲批嗎？,,,,,
casa_reparacoes,Casa: Avarias e Reparações,cartao,useful situation example,592,cartao-casa_reparacoes-onde-posso-encontrar-informacoes-sobre-a-chave-de-casa,,,,Onde posso encontrar informações sobre a chave de casa?,Where can I find information about house key?,我可以在哪里查到有关家门钥匙的信息？,我可以在哪裡查到有關家門鑰匙的資訊？,,,,,
casa_reparacoes,Casa: Avarias e Reparações,cartao,useful situation example,593,cartao-casa_reparacoes-pode-dar-me-informacoes-sobre-o-esquentador,,,,Pode dar-me informações sobre o esquentador?,Could you give me information about gas water heater?,可以告诉我有关燃气热水器的信息吗？,可以告訴我有關燃氣熱水器的資訊嗎？,,,,,
casa_reparacoes,Casa: Avarias e Reparações,cartao,useful situation example,594,cartao-casa_reparacoes-pode-dar-me-informacoes-sobre-o-canalizador,,,,Preciso de chamar um canalizador.,I need to call a plumber.,我需要叫水管工。,我需要找水喉匠。,,,,,
casa_reparacoes,Casa: Avarias e Reparações,cartao,useful situation example,595,cartao-casa_reparacoes-pode-dar-me-informacoes-sobre-o-condominio,,,,A reparação é responsabilidade do condomínio?,Is the building management responsible for the repair?,维修由物业负责吗？,維修由大廈管理處負責嗎？,,,,,
casa_reparacoes,Casa: Avarias e Reparações,cartao,useful situation example,596,cartao-casa_reparacoes-pode-dar-me-informacoes-sobre-o-martelo,,,,Preciso de um martelo.,I need a hammer.,我需要一把锤子。,我需要一把鎚仔。,,,,,
casa_reparacoes,Casa: Avarias e Reparações,cartao,useful situation example,597,cartao-casa_reparacoes-preciso-de-esclarecer-uma-duvida-sobre-o-contrato-de-arrendamento,,,,Preciso de esclarecer uma dúvida sobre o contrato de arrendamento.,I have a question about rental contract.,我需要咨询有关租赁合同的问题。,我需要查詢有關租賃合同的問題。,,,,,
casa_reparacoes,Casa: Avarias e Reparações,cartao,useful situation example,598,cartao-casa_reparacoes-preciso-de-esclarecer-uma-duvida-sobre-a-remodelacao,,,,Gostaria de saber mais sobre a remodelação.,I would like to know more about renovation.,我想进一步了解翻新装修。,我想進一步了解翻新裝修。,,,,,
casa_reparacoes,Casa: Avarias e Reparações,cartao,useful situation example,599,cartao-casa_reparacoes-preciso-de-esclarecer-uma-duvida-sobre-a-caldeira,,,,Quem me pode orientar sobre a caldeira?,Who can advise me about boiler?,关于锅炉，谁可以给我指引？,關於鍋爐，誰可以給我指引？,,,,,
casa_reparacoes,Casa: Avarias e Reparações,cartao,useful situation example,600,cartao-casa_reparacoes-com-quem-devo-falar-sobre-o-eletrodomestico,,,,Este eletrodoméstico avariou-se.,This appliance has broken down.,这台家电坏了。,這部家電壞了。,,,,,
casa_reparacoes,Casa: Avarias e Reparações,cartao,useful situation example,601,cartao-casa_reparacoes-preciso-de-esclarecer-uma-duvida-sobre-a-humidade,,,,Tenho uma questão relacionada com a humidade.,I have a question related to damp.,我有一个与潮湿有关的问题。,我有一個與潮濕有關的問題。,,,,,
casa_reparacoes,Casa: Avarias e Reparações,cartao,useful situation example,602,cartao-casa_reparacoes-com-quem-devo-falar-sobre-o-orcamento,,,,Com quem devo falar sobre o orçamento?,Who should I speak to about quote / estimate?,关于報价，我应该和谁联系？,關於報價，我應該聯絡誰？,,,,,
casa_reparacoes,Casa: Avarias e Reparações,cartao,useful situation example,603,cartao-casa_reparacoes-com-quem-devo-falar-sobre-a-serra,,,,Tem uma serra?,Do you have a saw?,您有锯子吗？,您有鋸嗎？,,,,,
casa_reparacoes,Casa: Avarias e Reparações,cartao,useful situation example,604,cartao-casa_reparacoes-queria-informacoes-sobre-o-aquecimento,,,,Queria informações sobre o aquecimento.,I would like information about heating.,我想了解暖气。,我想了解暖氣。,,,,,
casa_reparacoes,Casa: Avarias e Reparações,cartao,useful situation example,605,cartao-casa_reparacoes-queria-informacoes-sobre-o-eletricista,,,,Preciso de chamar um eletricista.,I need to call an electrician.,我需要叫电工。,我需要找電工。,,,,,
trocas_devolucoes,"Compras, Trocas e Devoluções",vocabulario,,,az-0134,m2-ir-compras,,,ir às compras,to go shopping,去购物,去購物,Vou às compras ao sábado.,I go shopping on Saturdays.,我周六去购物。,我週六去購物。,
trocas_devolucoes,"Compras, Trocas e Devoluções",vocabulario,,,az-0197,m4-centro-comercial,noun,m,o centro comercial,shopping centre,购物中心,購物中心,Vou ao centro comercial.,I am going to the shopping centre.,我去购物中心。,我去購物中心。,
trocas_devolucoes,"Compras, Trocas e Devoluções",vocabulario,,,az-0216,m5-loja-de-roupa,noun,f,a loja de roupa,clothes shop,服装店,服飾店,A loja de roupa está aberta.,The clothes shop is open.,服装店开着。,服裝店開著。,
trocas_devolucoes,"Compras, Trocas e Devoluções",vocabulario,,,az-0450,m9-calcas-ganga,noun,f-pl,as calças de ganga,jeans,牛仔裤,牛仔褲,Ele usava calças de ganga.,He used to wear jeans.,他以前穿牛仔裤。,他以前穿牛仔褲。,
trocas_devolucoes,"Compras, Trocas e Devoluções",vocabulario,,,az-0511,m11-marca,noun,f,a marca,brand,品牌,品牌,O telemóvel é da marca Vodafone.,The mobile phone is from the Vodafone brand.,这部手机是 Vodafone 品牌的。,這支手機是 Vodafone 品牌的。,
trocas_devolucoes,"Compras, Trocas e Devoluções",vocabulario,,,az-0522,m11-roupa-estragada,noun,f,a roupa estragada,damaged clothing,损坏的衣服,損壞的衣服,A reclamação é por roupa estragada.,The complaint is about damaged clothing.,投诉是因为衣物损坏。,投訴是因為衣物損壞。,
trocas_devolucoes,"Compras, Trocas e Devoluções",vocabulario,,,az-0523,m11-estabelecimento,noun,m,o estabelecimento,establishment; shop,机构/商店,機構/商店,Entreguei a roupa no vosso estabelecimento.,I delivered the clothing to your establishment.,我把衣服交到了贵店。,我把衣服交到了貴店。,
trocas_devolucoes,"Compras, Trocas e Devoluções",vocabulario,,,az-0525,m11-estrago,noun,m,o estrago,damage,损害,損害,A empresa é responsável pelos estragos.,The company is responsible for the damage.,该公司应对损坏负责。,該公司應對損壞負責。,
trocas_devolucoes,"Compras, Trocas e Devoluções",vocabulario,,,az-0526,m11-exigir,,,exigir,to demand,要求,要求,Exijo uma indemnização.,I demand compensation.,我要求赔偿。,我要求賠償。,
trocas_devolucoes,"Compras, Trocas e Devoluções",vocabulario,,,az-0528,m11-recibo,noun,m,o recibo,receipt,收据/付款凭证,收據/付款憑證,Junto cópia do recibo de compra.,I am enclosing a copy of the purchase receipt.,我附上购买收据的副本。,我附上購買收據的副本。,
trocas_devolucoes,"Compras, Trocas e Devoluções",vocabulario,,,az-0529,m11-prazo,noun,m,o prazo,deadline,最后期限,最後期限,A quantia deve ser entregue no prazo de oito dias.,The amount must be delivered within eight days.,该金额应在八天期限内交付。,該金額應在八天期限內交付。,
trocas_devolucoes,"Compras, Trocas e Devoluções",vocabulario,,,az-0533,m11-reclamar,,,reclamar,to complain,抱怨/投诉,抱怨/投訴,Temos de reclamar.,We have to complain.,我们必须投诉。,我們必須投訴。,
trocas_devolucoes,"Compras, Trocas e Devoluções",vocabulario,,,az-0534,m11-queixa,noun,f,a queixa,complaint,抱怨/投诉,抱怨/投訴,A DECO tem recebido queixas de consumidores.,DECO has received complaints from consumers.,DECO 一直收到消费者的投诉。,DECO 一直收到消費者的投訴。,
trocas_devolucoes,"Compras, Trocas e Devoluções",vocabulario,,,az-0535,m11-consumidor,noun,m,o consumidor,consumer,消费者,消費者,Os consumidores fizeram queixas.,Consumers made complaints.,消费者提出了投诉。,消費者提出了投訴。,
trocas_devolucoes,"Compras, Trocas e Devoluções",vocabulario,,,az-0161,m3-talao,noun,m,o talão,receipt,收据,收據,Aqui tem o talão.,Here is the receipt.,这是您的收据。,這是您的收據。,
trocas_devolucoes,"Compras, Trocas e Devoluções",vocabulario,,,az-1292,situacao-o-tamanho,noun,m,o tamanho,size,尺码,尺碼,Tem este casaco no meu tamanho?,Do you have this jacket in my size?,这件外套有我的尺码吗？,這件外套有我的尺碼嗎？,
trocas_devolucoes,"Compras, Trocas e Devoluções",vocabulario,,,az-1293,situacao-o-provador,noun,m,o provador,fitting room,试衣间,試身室,Os provadores ficam ao fundo da loja.,The fitting rooms are at the back of the shop.,试衣间在商店里面。,試身室在店內後方。,
trocas_devolucoes,"Compras, Trocas e Devoluções",vocabulario,,,az-1294,situacao-experimentar,verb,,experimentar,to try on,试穿,試穿,Posso experimentar estas calças?,May I try on these trousers?,我可以试穿这条裤子吗？,我可以試穿這條褲子嗎？,
trocas_devolucoes,"Compras, Trocas e Devoluções",vocabulario,,,az-1295,situacao-servir,verb,,servir,to fit,合身,合身,Este número não me serve.,This size does not fit me.,这个尺码不合身。,這個尺碼不合身。,
trocas_devolucoes,"Compras, Trocas e Devoluções",vocabulario,,,az-1296,situacao-apertado-a,,,apertado/a,tight,紧的,緊的,O vestido fica um pouco apertado.,The dress is a little tight.,这条裙子有点紧。,這條裙子有點緊。,
trocas_devolucoes,"Compras, Trocas e Devoluções",vocabulario,,,az-1297,situacao-largo-a,,,largo/a,loose,宽松的,寬鬆的,As calças ficam demasiado largas.,The trousers are too loose.,这条裤子太宽松。,這條褲子太寬鬆。,
trocas_devolucoes,"Compras, Trocas e Devoluções",vocabulario,,,az-1298,situacao-trocar-um-artigo,,,trocar um artigo,to exchange an item,换货,換貨,Queria trocar este artigo por outro tamanho.,I'd like to exchange this item for another size.,我想把这件商品换成另一个尺码。,我想把這件商品換成另一個尺碼。,
trocas_devolucoes,"Compras, Trocas e Devoluções",vocabulario,,,az-1299,situacao-devolver-um-artigo,,,devolver um artigo,to return an item,退货,退貨,Pode devolver o artigo no prazo de trinta dias.,You can return the item within thirty days.,您可以在三十天内退货。,您可以在三十天內退貨。,
trocas_devolucoes,"Compras, Trocas e Devoluções",vocabulario,,,az-0810,situacao-o-reembolso,noun,m,o reembolso,tax refund,退税,退稅,,,,,
trocas_devolucoes,"Compras, Trocas e Devoluções",vocabulario,,,az-1300,situacao-o-defeito,noun,m,o defeito,defect,瑕疵,瑕疵,O fecho tem um defeito.,The zip has a defect.,拉链有瑕疵。,拉鏈有瑕疵。,
trocas_devolucoes,"Compras, Trocas e Devoluções",vocabulario,,,az-1301,situacao-a-garantia,noun,f,a garantia,warranty,保修,保養,Este aparelho tem dois anos de garantia.,This appliance has a two-year warranty.,这台设备有两年保修。,這台設備有兩年保養。,
trocas_devolucoes,"Compras, Trocas e Devoluções",vocabulario,,,az-1302,situacao-a-etiqueta,noun,f,a etiqueta,label / tag,标签,標籤,Não retire a etiqueta antes de experimentar.,Do not remove the tag before trying it on.,试穿前请勿撕下标签。,試穿前請勿撕下標籤。,
trocas_devolucoes,"Compras, Trocas e Devoluções",vocabulario,,,az-1303,situacao-a-promocao,noun,f,a promoção,special offer,促销,促銷,A promoção termina no domingo.,The special offer ends on Sunday.,促销活动星期日结束。,促銷活動星期日結束。,
trocas_devolucoes,"Compras, Trocas e Devoluções",vocabulario,,,az-1304,situacao-esgotado-a,,,esgotado/a,sold out,售罄的,售罄的,Esse tamanho está esgotado.,That size is sold out.,那个尺码已经售罄。,那個尺碼已經售罄。,
trocas_devolucoes,"Compras, Trocas e Devoluções",vocabulario,,,az-1305,situacao-o-vale-de-troca,noun,m,o vale de troca,exchange voucher,换货券,換貨券,"Sem talão, só podemos emitir um vale de troca.","Without a receipt, we can only issue an exchange voucher.",没有收据只能开换货券。,沒有收據只能開換貨券。,
trocas_devolucoes,"Compras, Trocas e Devoluções",dialogo,,451,dialogo-trocas_devolucoes-boa-tarde-queria-trocar-estas-calcas,,,,Boa tarde. Queria trocar estas calças.,Good afternoon. I'd like to exchange these trousers.,下午好。我想换这条裤子。,午安。我想換這條褲子。,,,,,
trocas_devolucoes,"Compras, Trocas e Devoluções",dialogo,,452,dialogo-trocas_devolucoes-tem-o-talao-e-a-etiqueta,,,,Tem o talão e a etiqueta?,Do you have the receipt and the tag?,您有收据和标签吗？,您有收據和標籤嗎？,,,,,
trocas_devolucoes,"Compras, Trocas e Devoluções",dialogo,,453,dialogo-trocas_devolucoes-sim-so-experimentei-em-casa-mas-ficam-apertadas,,,,"Sim. Só experimentei em casa, mas ficam apertadas.","Yes. I only tried them on at home, but they're tight.",有。我只在家试穿过，但太紧了。,有。我只在家試穿過，但太緊了。,,,,,
trocas_devolucoes,"Compras, Trocas e Devoluções",dialogo,,454,dialogo-trocas_devolucoes-quer-outro-tamanho-ou-prefere-o-reembolso,,,,Quer outro tamanho ou prefere o reembolso?,Would you like another size or a refund?,您想换尺码还是退款？,您想換尺碼還是退款？,,,,,
trocas_devolucoes,"Compras, Trocas e Devoluções",dialogo,,455,dialogo-trocas_devolucoes-queria-o-tamanho-acima-se-houver,,,,"Queria o tamanho acima, se houver.","I'd like the next size up, if available.",如果有，我想要大一码。,如果有，我想要大一個尺碼。,,,,,
trocas_devolucoes,"Compras, Trocas e Devoluções",dialogo,,456,dialogo-trocas_devolucoes-esse-tamanho-esta-esgotado-nesta-loja,,,,Esse tamanho está esgotado nesta loja.,That size is sold out in this shop.,这家店那个尺码售罄了。,這間店那個尺碼售罄了。,,,,,
trocas_devolucoes,"Compras, Trocas e Devoluções",dialogo,,457,dialogo-trocas_devolucoes-entao-prefiro-receber-o-dinheiro-de-volta,,,,Então prefiro receber o dinheiro de volta.,Then I'd prefer to get my money back.,那我想退款。,那我想退款。,,,,,
trocas_devolucoes,"Compras, Trocas e Devoluções",dialogo,,458,dialogo-trocas_devolucoes-o-reembolso-sera-feito-para-o-mesmo-cartao,,,,O reembolso será feito para o mesmo cartão.,The refund will be made to the same card.,退款会退回原卡。,退款會退回原卡。,,,,,
trocas_devolucoes,"Compras, Trocas e Devoluções",dialogo,expanded real-world coverage,687,dialogo-trocas_devolucoes-este-aparelho-deixou-de-funcionar-ao-fim-de-duas-semanas,,,,Este aparelho deixou de funcionar ao fim de duas semanas.,This appliance stopped working after two weeks.,这台设备用了两周就坏了。,這部電器用了兩星期就壞了。,,,,,
trocas_devolucoes,"Compras, Trocas e Devoluções",dialogo,expanded real-world coverage,688,dialogo-trocas_devolucoes-tem-a-fatura-e-trouxe-todos-os-acessorios,,,,Tem a fatura e trouxe todos os acessórios?,"Do you have the invoice, and did you bring all the accessories?",您有发票并带齐所有配件吗？,您有發票並帶齊所有配件嗎？,,,,,
trocas_devolucoes,"Compras, Trocas e Devoluções",dialogo,expanded real-world coverage,689,dialogo-trocas_devolucoes-sim-prefiro-a-reparacao-a-receber-um-vale,,,,Sim. Prefiro a reparação a receber um vale.,Yes. I would prefer a repair rather than a voucher.,有。我希望维修，不想要代金券。,有。我希望維修，不想要購物券。,,,,,
trocas_devolucoes,"Compras, Trocas e Devoluções",dialogo,expanded real-world coverage,690,dialogo-trocas_devolucoes-vamos-registar-o-artigo-e-envia-lo-para-a-assistencia-tecnica,,,,Vamos registar o artigo e enviá-lo para a assistência técnica.,We will register the item and send it for technical service.,我们会登记商品并送往技术维修。,我們會登記貨品並送往技術維修。,,,,,
trocas_devolucoes,"Compras, Trocas e Devoluções",dialogo,expanded real-world coverage,691,dialogo-trocas_devolucoes-quanto-tempo-pode-demorar,,,,Quanto tempo pode demorar?,How long might it take?,可能需要多长时间？,可能需要多長時間？,,,,,
trocas_devolucoes,"Compras, Trocas e Devoluções",dialogo,expanded real-world coverage,692,dialogo-trocas_devolucoes-damos-uma-previsao-no-comprovativo-de-entrega-e-avisamos-por-mensagem,,,,Damos uma previsão no comprovativo de entrega e avisamos por mensagem.,We will give an estimate on the receipt and notify you by message.,我们会在收件凭证上提供预计时间，并通过短信通知。,我們會在收件證明上提供預計時間，並透過短訊通知。,,,,,
trocas_devolucoes,"Compras, Trocas e Devoluções",dialogo,expanded real-world coverage,693,dialogo-trocas_devolucoes-recebi-esta-camisola-como-presente-e-nao-tenho-o-talao,,,,Recebi esta camisola como presente e não tenho o talão.,I received this jumper as a gift and do not have the receipt.,这件毛衣是礼物，我没有收据。,這件冷衫是禮物，我沒有收據。,,,,,
trocas_devolucoes,"Compras, Trocas e Devoluções",dialogo,expanded real-world coverage,694,dialogo-trocas_devolucoes-tem-um-talao-de-oferta-ou-algum-comprovativo-da-compra,,,,Tem um talão de oferta ou algum comprovativo da compra?,Do you have a gift receipt or any proof of purchase?,您有礼品收据或其他购买证明吗？,您有禮物收據或其他購買證明嗎？,,,,,
trocas_devolucoes,"Compras, Trocas e Devoluções",dialogo,expanded real-world coverage,695,dialogo-trocas_devolucoes-tenho-o-talao-de-oferta-posso-escolher-outro-artigo,,,,Tenho o talão de oferta. Posso escolher outro artigo?,I have the gift receipt. Can I choose another item?,我有礼品收据，可以换其他商品吗？,我有禮物收據，可以換其他貨品嗎？,,,,,
trocas_devolucoes,"Compras, Trocas e Devoluções",dialogo,expanded real-world coverage,696,dialogo-trocas_devolucoes-sim-dentro-do-prazo-e-pelo-valor-indicado-no-talao,,,,"Sim, dentro do prazo e pelo valor indicado no talão.","Yes, within the deadline and for the value shown on the receipt.",可以，请在期限内按收据金额换购。,可以，請在期限內按收據金額換購。,,,,,
trocas_devolucoes,"Compras, Trocas e Devoluções",dialogo,expanded real-world coverage,697,dialogo-trocas_devolucoes-uma-compra-online-pode-ser-devolvida-nesta-loja,,,,Uma compra online pode ser devolvida nesta loja?,Can an online purchase be returned to this shop?,网购商品可以在这家门店退货吗？,網購貨品可以在這間分店退貨嗎？,,,,,
trocas_devolucoes,"Compras, Trocas e Devoluções",dialogo,expanded real-world coverage,698,dialogo-trocas_devolucoes-depende-do-vendedor-vou-confirmar-pelo-numero-da-encomenda,,,,Depende do vendedor. Vou confirmar pelo número da encomenda.,It depends on the seller. I will check using the order number.,这取决于卖家。我会用订单号查询。,這取決於賣家。我會用訂單編號查詢。,,,,,
trocas_devolucoes,"Compras, Trocas e Devoluções",cartao,,297,cartao-trocas_devolucoes-posso-experimentar,,,,Posso experimentar?,May I try it on?,可以试穿吗？,可以試穿嗎？,,,,,
trocas_devolucoes,"Compras, Trocas e Devoluções",cartao,,298,cartao-trocas_devolucoes-tem-este-modelo-noutro-tamanho,,,,Tem este modelo noutro tamanho?,Do you have this in another size?,这个款式有其他尺码吗？,這個款式有其他尺碼嗎？,,,,,
trocas_devolucoes,"Compras, Trocas e Devoluções",cartao,,299,cartao-trocas_devolucoes-queria-trocar-este-artigo,,,,Queria trocar este artigo.,I'd like to exchange this item.,我想换这件商品。,我想換這件商品。,,,,,
trocas_devolucoes,"Compras, Trocas e Devoluções",cartao,,300,cartao-trocas_devolucoes-o-produto-veio-com-defeito,,,,O produto veio com defeito.,The product arrived defective.,商品到货时有瑕疵。,商品到貨時有瑕疵。,,,,,
trocas_devolucoes,"Compras, Trocas e Devoluções",cartao,,301,cartao-trocas_devolucoes-prefiro-o-reembolso,,,,Prefiro o reembolso.,I'd prefer a refund.,我想退款。,我想退款。,,,,,
trocas_devolucoes,"Compras, Trocas e Devoluções",cartao,useful situation example,636,cartao-trocas_devolucoes-posso-experimentar-estas-calcas,,,,Posso experimentar estas calças?,May I try on these trousers?,我可以试穿这条裤子吗？,我可以試穿這條褲子嗎？,,,,,
trocas_devolucoes,"Compras, Trocas e Devoluções",cartao,useful situation example,637,cartao-trocas_devolucoes-pode-devolver-o-artigo-no-prazo-de-trinta-dias,,,,Pode devolver o artigo no prazo de trinta dias.,You can return the item within thirty days.,您可以在三十天内退货。,您可以在三十天內退貨。,,,,,
trocas_devolucoes,"Compras, Trocas e Devoluções",cartao,useful situation example,638,cartao-trocas_devolucoes-queria-trocar-este-artigo-por-outro-tamanho,,,,Queria trocar este artigo por outro tamanho.,I'd like to exchange this item for another size.,我想把这件商品换成另一个尺码。,我想把這件商品換成另一個尺碼。,,,,,
trocas_devolucoes,"Compras, Trocas e Devoluções",cartao,useful situation example,639,cartao-trocas_devolucoes-com-quem-devo-falar-sobre-o-reembolso,,,,Quando recebo o reembolso?,When will I receive the refund?,我什么时候能收到退款？,我什麼時候能收到退款？,,,,,
trocas_devolucoes,"Compras, Trocas e Devoluções",cartao,useful situation example,640,cartao-trocas_devolucoes-nao-retire-a-etiqueta-antes-de-experimentar,,,,Não retire a etiqueta antes de experimentar.,Do not remove the tag before trying it on.,试穿前请勿撕下标签。,試穿前請勿撕下標籤。,,,,,
trocas_devolucoes,"Compras, Trocas e Devoluções",cartao,useful situation example,641,cartao-trocas_devolucoes-tem-este-casaco-no-meu-tamanho,,,,Tem este casaco no meu tamanho?,Do you have this jacket in my size?,这件外套有我的尺码吗？,這件外套有我的尺碼嗎？,,,,,
trocas_devolucoes,"Compras, Trocas e Devoluções",cartao,useful situation example,642,cartao-trocas_devolucoes-a-quantia-deve-ser-entregue-no-prazo-de-oito-dias,,,,O reembolso demora quantos dias?,How many days will the refund take?,退款需要多少天？,退款需要多少天？,,,,,
trocas_devolucoes,"Compras, Trocas e Devoluções",cartao,useful situation example,643,cartao-trocas_devolucoes-sem-talao-so-podemos-emitir-um-vale-de-troca,,,,"Sem talão, só podemos emitir um vale de troca.","Without a receipt, we can only issue an exchange voucher.",没有收据只能开换货券。,沒有收據只能開換貨券。,,,,,
trocas_devolucoes,"Compras, Trocas e Devoluções",cartao,useful situation example,644,cartao-trocas_devolucoes-a-deco-tem-recebido-queixas-de-consumidores,,,,Onde posso apresentar uma reclamação?,Where can I make a complaint?,我可以在哪里投诉？,我可以在哪裡投訴？,,,,,
trocas_devolucoes,"Compras, Trocas e Devoluções",cartao,useful situation example,645,cartao-trocas_devolucoes-entreguei-a-roupa-no-vosso-estabelecimento,,,,Comprei este artigo nesta loja.,I bought this item in this shop.,这件商品是在这家店买的。,這件貨品是在這間店買的。,,,,,
trocas_devolucoes,"Compras, Trocas e Devoluções",cartao,useful situation example,646,cartao-trocas_devolucoes-este-aparelho-tem-dois-anos-de-garantia,,,,Este aparelho tem dois anos de garantia.,This appliance has a two-year warranty.,这台设备有两年保修。,這台設備有兩年保養。,,,,,
trocas_devolucoes,"Compras, Trocas e Devoluções",cartao,useful situation example,647,cartao-trocas_devolucoes-a-empresa-e-responsavel-pelos-estragos,,,,A empresa é responsável pelos estragos.,The company is responsible for the damage.,该公司应对损坏负责。,該公司應對損壞負責。,,,,,
trocas_devolucoes,"Compras, Trocas e Devoluções",cartao,useful situation example,648,cartao-trocas_devolucoes-os-provadores-ficam-ao-fundo-da-loja,,,,Os provadores ficam ao fundo da loja.,The fitting rooms are at the back of the shop.,试衣间在商店里面。,試身室在店內後方。,,,,,
trocas_devolucoes,"Compras, Trocas e Devoluções",cartao,useful situation example,649,cartao-trocas_devolucoes-a-reclamacao-e-por-roupa-estragada,,,,A reclamação é por roupa estragada.,The complaint is about damaged clothing.,投诉是因为衣物损坏。,投訴是因為衣物損壞。,,,,,
trocas_devolucoes,"Compras, Trocas e Devoluções",cartao,useful situation example,650,cartao-trocas_devolucoes-o-vestido-fica-um-pouco-apertado,,,,O vestido fica um pouco apertado.,The dress is a little tight.,这条裙子有点紧。,這條裙子有點緊。,,,,,
conservatoria_registo_civil,Conservatória e Registo Civil,vocabulario,,,az-0463,m9-cedula,noun,f,a cédula,birth certificate,出生证明,出生證明,A escola pede a cédula da criança.,The school asks for the child's birth certificate.,学校要求提供孩子的出生证明。,學校要求提供孩子的出生證明。,
conservatoria_registo_civil,Conservatória e Registo Civil,vocabulario,,,az-0517,m11-diploma,noun,m,o diploma,diploma,文凭,文憑,Recebi o meu diploma de Informática.,I received my diploma in Computer Science.,我收到了我的信息学文凭。,我收到了我的資訊學文憑。,
conservatoria_registo_civil,Conservatória e Registo Civil,vocabulario,,,az-0546,m11-residente,,,residente,resident,居民,居民,Olga Ivanova é residente em Lisboa.,Olga Ivanova is a resident of Lisbon.,Olga Ivanova 是里斯本居民。,Olga Ivanova 是里斯本居民。,
conservatoria_registo_civil,Conservatória e Registo Civil,vocabulario,,,az-0559,m12-cidadania,noun,f,a cidadania,citizenship,公民身份/公民权,公民身分/公民權,Cidadania é a qualidade ou direito do cidadão.,Citizenship is the status or right of the citizen.,公民身份是公民的资格或权利。,公民身分是公民的資格或權利。,
conservatoria_registo_civil,Conservatória e Registo Civil,vocabulario,,,az-0560,m12-cidadao,noun,m,o cidadão,citizen,公民,公民,Ser cidadão significa envolver-se na comunidade.,Being a citizen means getting involved in the community.,作为公民意味着参与社区事务。,作為公民意味著參與社區事務。,
conservatoria_registo_civil,Conservatória e Registo Civil,vocabulario,,,az-0576,m12-adquirir,,,adquirir,to acquire,获得,獲得,Quero adquirir a nacionalidade portuguesa.,I want to acquire Portuguese nationality.,我想取得葡萄牙国籍。,我想取得葡萄牙國籍。,
conservatoria_registo_civil,Conservatória e Registo Civil,vocabulario,,,az-0577,m12-requerimento,noun,m,o requerimento,application form,申请表,申請表,Deve juntar documentos ao requerimento.,You must attach documents to the application form.,应把文件附在申请表上。,應把文件附在申請表上。,
conservatoria_registo_civil,Conservatória e Registo Civil,vocabulario,,,az-0578,m12-certificado,noun,m,o certificado,certificate,证书,證書,Tem de apresentar um Certificado de Língua Portuguesa.,You have to present a Portuguese Language Certificate.,必须提交一份葡萄牙语证书。,必須提交一份葡萄牙語證書。,
conservatoria_registo_civil,Conservatória e Registo Civil,vocabulario,,,az-0579,m12-preencher,,,preencher,to fill in,填写,填寫,Basta preencher o requerimento.,It is enough to fill in the application form.,只需填写申请表。,只需填寫申請表。,
conservatoria_registo_civil,Conservatória e Registo Civil,vocabulario,,,az-0644,situacao-a-certidao,noun,f,a certidão,certificate / official copy,证明书／正式副本,證明書／正式副本,,,,,
conservatoria_registo_civil,Conservatória e Registo Civil,vocabulario,,,az-0645,situacao-o-carimbo,noun,m,o carimbo,official stamp,公章,公章,,,,,
conservatoria_registo_civil,Conservatória e Registo Civil,vocabulario,,,az-0646,situacao-pagar-uma-taxa,,,pagar uma taxa,to pay a fee,缴納费用,繳納費用,,,,,
conservatoria_registo_civil,Conservatória e Registo Civil,vocabulario,,,az-0802,situacao-a-assinatura,noun,f,a assinatura,signature,签名,簽名,,,,,
conservatoria_registo_civil,Conservatória e Registo Civil,vocabulario,,,az-0851,situacao-a-fotocopia-autenticada,noun,f,a fotocópia autenticada,certified photocopy,认证副本,認證副本,,,,,
conservatoria_registo_civil,Conservatória e Registo Civil,vocabulario,,,az-0852,situacao-o-reconhecimento-de-assinatura,noun,m,o reconhecimento de assinatura,signature certification,签名认证,簽名認證,,,,,
conservatoria_registo_civil,Conservatória e Registo Civil,vocabulario,,,az-0857,situacao-a-declaracao,noun,f,a declaração,declaration / statement,声明书,聲明書,,,,,
conservatoria_registo_civil,Conservatória e Registo Civil,vocabulario,,,az-0862,situacao-o-formulario,noun,m,o formulário,form,表格,表格,,,,,
conservatoria_registo_civil,Conservatória e Registo Civil,vocabulario,,,az-0863,situacao-assinar,,,assinar,to sign,签名,簽名,,,,,
conservatoria_registo_civil,Conservatória e Registo Civil,vocabulario,,,az-0864,situacao-o-comprovativo-de-pagamento,noun,m,o comprovativo de pagamento,proof of payment,缴费憑证,繳費憑證,,,,,
conservatoria_registo_civil,Conservatória e Registo Civil,vocabulario,,,az-0865,situacao-levantar-o-documento,,,levantar o documento,to collect the document,领取文件,領取文件,,,,,
conservatoria_registo_civil,Conservatória e Registo Civil,vocabulario,,,az-0886,situacao-o-pedido-de-nacionalidade,noun,m,o pedido de nacionalidade,citizenship application,入籍申请,入籍申請,,,,,
conservatoria_registo_civil,Conservatória e Registo Civil,vocabulario,,,az-0887,situacao-a-apostila-de-haia,noun,f,a apostila (de Haia),(Hague) apostille,海牙认证,海牙認證,,,,,Foreign documents must be apostilled
conservatoria_registo_civil,Conservatória e Registo Civil,vocabulario,,,az-0888,situacao-a-traducao-certificada,noun,f,a tradução certificada,certified translation,认证翻译,認證翻譯,,,,,
conservatoria_registo_civil,Conservatória e Registo Civil,vocabulario,,,az-0889,situacao-a-certidao-de-nascimento,noun,f,a certidão de nascimento,birth certificate,出生证明,出生證明,,,,,
conservatoria_registo_civil,Conservatória e Registo Civil,vocabulario,,,az-0890,situacao-o-registo-criminal-do-pais-de-origem,noun,m,o registo criminal do país de origem,criminal record from home country,原籍國无犯罪记录,原籍國無犯罪記錄,,,,,
conservatoria_registo_civil,Conservatória e Registo Civil,vocabulario,,,az-0894,situacao-o-numero-de-processo,noun,m,o número de processo,case number,案件編号,案件編號,,,,,
conservatoria_registo_civil,Conservatória e Registo Civil,vocabulario,,,az-0895,situacao-o-estado-do-processo,noun,m,o estado do processo,case status,案件状态,案件狀態,,,,,
conservatoria_registo_civil,Conservatória e Registo Civil,vocabulario,,,az-1324,situacao-a-conservatoria,noun,f,a conservatória,registry office,登记处,登記處,A certidão pode ser pedida na conservatória.,The certificate can be requested at the registry office.,可以在登记处申请证明。,可以在登記處申請證明。,
conservatoria_registo_civil,Conservatória e Registo Civil,vocabulario,,,az-1325,situacao-o-registo-civil,noun,m,o registo civil,civil registry,民事登记,民事登記,O casamento consta do registo civil.,The marriage is recorded in the civil registry.,婚姻已登记在民事登记册中。,婚姻已登記在民事登記冊中。,
conservatoria_registo_civil,Conservatória e Registo Civil,vocabulario,,,az-1326,situacao-a-certidao-de-casamento,noun,f,a certidão de casamento,marriage certificate,结婚证明,結婚證明書,Preciso de uma certidão de casamento recente.,I need a recent marriage certificate.,我需要一份近期的结婚证明。,我需要一份近期的結婚證明書。,
conservatoria_registo_civil,Conservatória e Registo Civil,vocabulario,,,az-1327,situacao-a-transcricao-do-casamento,noun,f,a transcrição do casamento,registration of a foreign marriage,境外婚姻转录登记,海外婚姻轉錄登記,Pedi a transcrição do casamento celebrado no estrangeiro.,I requested registration of the marriage celebrated abroad.,我申请了境外婚姻转录登记。,我申請了海外婚姻轉錄登記。,
conservatoria_registo_civil,Conservatória e Registo Civil,dialogo,opening,487,dialogo-conservatoria_registo_civil-bom-dia-quero-transcrever-um-casamento-celebrado-no-estrangeiro,,,,Bom dia. Quero transcrever um casamento celebrado no estrangeiro.,Good morning. I want to register a marriage celebrated abroad.,早上好。我想登记在国外缔结的婚姻。,早晨。我想登記在外國締結的婚姻。,,,,,
conservatoria_registo_civil,Conservatória e Registo Civil,dialogo,eligibility,488,dialogo-conservatoria_registo_civil-uma-das-pessoas-do-casal-tem-nacionalidade-portuguesa,,,,Uma das pessoas do casal tem nacionalidade portuguesa?,Is either spouse a Portuguese national?,夫妻中有一方是葡萄牙公民吗？,夫妻中有一方是葡萄牙公民嗎？,,,,,
conservatoria_registo_civil,Conservatória e Registo Civil,dialogo,eligibility,489,dialogo-conservatoria_registo_civil-sim-eu-sou-portuguesa-e-o-casamento-foi-celebrado-em-xangai,,,,"Sim, eu sou portuguesa e o casamento foi celebrado em Xangai.","Yes, I am Portuguese, and the marriage was celebrated in Shanghai.",是的，我是葡萄牙公民，婚姻在上海登记。,是的，我是葡萄牙公民，婚姻在上海登記。,,,,,
conservatoria_registo_civil,Conservatória e Registo Civil,dialogo,documents,490,dialogo-conservatoria_registo_civil-precisa-da-certidao-de-casamento-e-dos-documentos-de-identificacao-do-casal,,,,Precisa da certidão de casamento e dos documentos de identificação do casal.,You need the marriage certificate and both spouses' identity documents.,需要结婚证明和夫妻双方的身份证件。,需要結婚證明書和夫妻雙方的身份證明文件。,,,,,
conservatoria_registo_civil,Conservatória e Registo Civil,dialogo,documents,491,dialogo-conservatoria_registo_civil-o-meu-marido-estrangeiro-tambem-precisa-da-certidao-de-nascimento,,,,O meu marido estrangeiro também precisa da certidão de nascimento?,Does my foreign husband also need his birth certificate?,我的外籍丈夫也需要出生证明吗？,我的外籍丈夫也需要出生證明書嗎？,,,,,
conservatoria_registo_civil,Conservatória e Registo Civil,dialogo,documents,492,dialogo-conservatoria_registo_civil-sim-traga-a-e-indique-se-existe-convencao-antenupcial,,,,Sim. Traga-a e indique se existe convenção antenupcial.,Yes. Bring it and state whether there is a prenuptial agreement.,需要。请带上，并说明是否有婚前协议。,需要。請帶同，並說明是否有婚前協議。,,,,,
conservatoria_registo_civil,Conservatória e Registo Civil,dialogo,legalisation,493,dialogo-conservatoria_registo_civil-a-certidao-chinesa-tem-de-ser-legalizada-e-traduzida,,,,A certidão chinesa tem de ser legalizada e traduzida?,Must the Chinese certificate be legalised and translated?,中国证明需要认证和翻译吗？,中國證明書需要認證和翻譯嗎？,,,,,
conservatoria_registo_civil,Conservatória e Registo Civil,dialogo,legalisation,494,dialogo-conservatoria_registo_civil-vamos-verificar-a-legalizacao-e-se-a-traducao-certificada-e-necessaria,,,,Vamos verificar a legalização e se a tradução certificada é necessária.,We will check the legalisation and whether a certified translation is required.,我们会核查认证要求以及是否需要认证翻译。,我們會核查認證要求以及是否需要核證翻譯。,,,,,
conservatoria_registo_civil,Conservatória e Registo Civil,dialogo,timing,495,dialogo-conservatoria_registo_civil-quanto-tempo-demora-e-como-sei-que-ficou-concluido,,,,Quanto tempo demora e como sei que ficou concluído?,"How long does it take, and how will I know it is complete?",需要多长时间？我怎样知道手续已完成？,需要多長時間？我怎樣知道手續已完成？,,,,,
conservatoria_registo_civil,Conservatória e Registo Civil,dialogo,tracking,496,dialogo-conservatoria_registo_civil-guarde-a-referencia-do-processo-o-servico-contacta-a-se-faltar-algum-documento,,,,Guarde a referência do processo; o serviço contacta-a se faltar algum documento.,Keep the case reference; the office will contact you if a document is missing.,请保存申请编号；如缺少文件，登记处会联系您。,請保留申請編號；如欠缺文件，登記處會聯絡您。,,,,,
conservatoria_registo_civil,Conservatória e Registo Civil,dialogo,expanded real-world coverage,548,dialogo-conservatoria_registo_civil-queria-pedir-uma-certidao-de-nascimento-para-usar-no-estrangeiro,,,,Queria pedir uma certidão de nascimento para usar no estrangeiro.,I would like to request a birth certificate for use abroad.,我想申请一份在国外使用的出生证明。,我想申請一份在海外使用的出生證明書。,,,,,
conservatoria_registo_civil,Conservatória e Registo Civil,dialogo,expanded real-world coverage,549,dialogo-conservatoria_registo_civil-precisa-de-uma-certidao-narrativa-ou-de-copia-integral,,,,Precisa de uma certidão narrativa ou de cópia integral?,Do you need a standard certificate or a full-form copy?,您需要叙述式证明还是完整副本？,您需要敘述式證明書還是完整副本？,,,,,
conservatoria_registo_civil,Conservatória e Registo Civil,dialogo,expanded real-world coverage,550,dialogo-conservatoria_registo_civil-pediram-me-uma-copia-integral-com-apostila,,,,Pediram-me uma cópia integral com apostila.,They asked me for a full-form copy with an apostille.,对方要求完整副本并附加海牙认证。,對方要求完整副本並附加海牙認證。,,,,,
conservatoria_registo_civil,Conservatória e Registo Civil,dialogo,expanded real-world coverage,551,dialogo-conservatoria_registo_civil-a-certidao-e-pedida-aqui-a-apostila-e-tratada-pela-entidade-competente,,,,A certidão é pedida aqui; a apostila é tratada pela entidade competente.,The certificate is requested here; the apostille is handled by the competent authority.,证明在这里申请；海牙认证由主管机构办理。,證明書在這裡申請；海牙認證由主管機構辦理。,,,,,
conservatoria_registo_civil,Conservatória e Registo Civil,dialogo,expanded real-world coverage,552,dialogo-conservatoria_registo_civil-notei-que-o-apelido-da-minha-mae-esta-mal-escrito,,,,Notei que o apelido da minha mãe está mal escrito.,I noticed that my mother's surname is misspelled.,我发现母亲的姓氏拼错了。,我發現母親的姓氏拼錯了。,,,,,
conservatoria_registo_civil,Conservatória e Registo Civil,dialogo,expanded real-world coverage,553,dialogo-conservatoria_registo_civil-traga-um-documento-que-comprove-a-grafia-correta,,,,Traga um documento que comprove a grafia correta.,Bring a document proving the correct spelling.,请带一份能证明正确写法的文件。,請帶一份能證明正確寫法的文件。,,,,,
conservatoria_registo_civil,Conservatória e Registo Civil,dialogo,expanded real-world coverage,554,dialogo-conservatoria_registo_civil-posso-pedir-a-correcao-e-a-certidao-ao-mesmo-tempo,,,,Posso pedir a correção e a certidão ao mesmo tempo?,Can I request the correction and the certificate at the same time?,我可以同时申请更正和证明吗？,我可以同時申請更正和證明書嗎？,,,,,
conservatoria_registo_civil,Conservatória e Registo Civil,dialogo,expanded real-world coverage,555,dialogo-conservatoria_registo_civil-a-certidao-deve-ser-emitida-depois-de-a-correcao-ficar-registada,,,,A certidão deve ser emitida depois de a correção ficar registada.,The certificate should be issued after the correction is registered.,证明应在更正登记完成后签发。,證明書應在更正登記完成後簽發。,,,,,
conservatoria_registo_civil,Conservatória e Registo Civil,dialogo,expanded real-world coverage,556,dialogo-conservatoria_registo_civil-recebo-um-aviso-quando-estiver-pronta,,,,Recebo um aviso quando estiver pronta?,Will I be notified when it is ready?,办好后会通知我吗？,辦妥後會通知我嗎？,,,,,
conservatoria_registo_civil,Conservatória e Registo Civil,dialogo,expanded real-world coverage,557,dialogo-conservatoria_registo_civil-sim-confirme-o-email-e-o-numero-de-telemovel-no-requerimento,,,,Sim. Confirme o email e o número de telemóvel no requerimento.,Yes. Confirm your email and mobile number on the application.,会。请在申请表中确认邮箱和手机号码。,會。請在申請表中確認電郵和手提電話號碼。,,,,,
conservatoria_registo_civil,Conservatória e Registo Civil,cartao,other-service,323,cartao-conservatoria_registo_civil-quero-pedir-uma-certidao-de-nascimento-em-papel,,,,Quero pedir uma certidão de nascimento em papel.,I want to request a paper birth certificate.,我想申请纸质出生证明。,我想申請紙本出生證明書。,,,,,
conservatoria_registo_civil,Conservatória e Registo Civil,cartao,format,324,cartao-conservatoria_registo_civil-preciso-de-uma-certidao-de-copia-integral,,,,Preciso de uma certidão de cópia integral.,I need a full-form certificate.,我需要完整副本证明。,我需要完整副本證明書。,,,,,
conservatoria_registo_civil,Conservatória e Registo Civil,cartao,format,325,cartao-conservatoria_registo_civil-posso-receber-um-codigo-de-acesso-a-certidao-online,,,,Posso receber um código de acesso à certidão online?,Can I receive an access code for the online certificate?,可以取得在线证明的访问码吗？,可以取得網上證明書的存取碼嗎？,,,,,
conservatoria_registo_civil,Conservatória e Registo Civil,cartao,cost,326,cartao-conservatoria_registo_civil-quanto-custa-esta-certidao,,,,Quanto custa esta certidão?,How much does this certificate cost?,这份证明多少钱？,這份證明書多少錢？,,,,,
conservatoria_registo_civil,Conservatória e Registo Civil,cartao,correction,327,cartao-conservatoria_registo_civil-ha-um-erro-no-nome-que-consta-do-registo,,,,Há um erro no nome que consta do registo.,There is an error in the name recorded in the registry.,登记中的姓名有错误。,登記中的姓名有錯誤。,,,,,
conservatoria_registo_civil,Conservatória e Registo Civil,cartao,documents,328,cartao-conservatoria_registo_civil-como-posso-entregar-o-documento-que-falta,,,,Como posso entregar o documento que falta?,How can I provide the missing document?,怎样补交缺少的文件？,怎樣補交欠缺的文件？,,,,,
conservatoria_registo_civil,Conservatória e Registo Civil,cartao,collection,329,cartao-conservatoria_registo_civil-a-certidao-e-enviada-ou-tenho-de-a-levantar,,,,A certidão é enviada ou tenho de a levantar?,"Will the certificate be sent, or must I collect it?",证明会寄出，还是需要领取？,證明書會寄出，還是需要領取？,,,,,
conservatoria_registo_civil,Conservatória e Registo Civil,cartao,tracking,330,cartao-conservatoria_registo_civil-quero-saber-em-que-estado-esta-o-processo,,,,Quero saber em que estado está o processo.,I want to know the current status of the case.,我想查询手续的当前状态。,我想查詢手續的目前狀態。,,,,,
conservatoria_registo_civil,Conservatória e Registo Civil,cartao,useful situation example,435,cartao-conservatoria_registo_civil-onde-posso-encontrar-informacoes-sobre-o-registo-criminal-do-pais-de-origem,,,,Onde posso encontrar informações sobre o registo criminal do país de origem?,Where can I find information about criminal record from home country?,我可以在哪里查到有关原籍國无犯罪记录的信息？,我可以在哪裡查到有關原籍國無犯罪記錄的資訊？,,,,,
conservatoria_registo_civil,Conservatória e Registo Civil,cartao,useful situation example,436,cartao-conservatoria_registo_civil-onde-posso-encontrar-informacoes-sobre-o-reconhecimento-de-assinatura,,,,Gostaria de saber mais sobre o reconhecimento de assinatura.,I would like to know more about signature certification.,我想进一步了解签名认证。,我想進一步了解簽名認證。,,,,,
conservatoria_registo_civil,Conservatória e Registo Civil,cartao,useful situation example,437,cartao-conservatoria_registo_civil-pode-dar-me-informacoes-sobre-o-estado-do-processo,,,,Pode dar-me informações sobre o estado do processo?,Could you give me information about case status?,可以告诉我有关案件状态的信息吗？,可以告訴我有關案件狀態的資訊嗎？,,,,,
conservatoria_registo_civil,Conservatória e Registo Civil,cartao,useful situation example,438,cartao-conservatoria_registo_civil-onde-posso-encontrar-informacoes-sobre-a-certidao,,,,Quem me pode orientar sobre a certidão?,Who can advise me about certificate / official copy?,关于证明书／正式副本，谁可以给我指引？,關於證明書／正式副本，誰可以給我指引？,,,,,
conservatoria_registo_civil,Conservatória e Registo Civil,cartao,useful situation example,439,cartao-conservatoria_registo_civil-pode-dar-me-informacoes-sobre-o-formulario,,,,Tenho uma questão relacionada com o formulário.,I have a question related to form.,我有一个与表格有关的问题。,我有一個與表格有關的問題。,,,,,
conservatoria_registo_civil,Conservatória e Registo Civil,cartao,useful situation example,440,cartao-conservatoria_registo_civil-preciso-de-esclarecer-uma-duvida-sobre-a-traducao-certificada,,,,Preciso de esclarecer uma dúvida sobre a tradução certificada.,I have a question about certified translation.,我需要咨询有关认证翻译的问题。,我需要查詢有關認證翻譯的問題。,,,,,
conservatoria_registo_civil,Conservatória e Registo Civil,cartao,useful situation example,441,cartao-conservatoria_registo_civil-com-quem-devo-falar-sobre-o-comprovativo-de-pagamento,,,,Com quem devo falar sobre o comprovativo de pagamento?,Who should I speak to about proof of payment?,关于缴费憑证，我应该和谁联系？,關於繳費憑證，我應該聯絡誰？,,,,,
conservatoria_registo_civil,Conservatória e Registo Civil,cartao,useful situation example,442,cartao-conservatoria_registo_civil-com-quem-devo-falar-sobre-a-certidao-de-nascimento,,,,Consegue ajudar-me com uma dúvida sobre a certidão de nascimento?,Can you help me with a question about birth certificate?,您能帮我解答一个有关出生证明的问题吗？,您能幫我解答一個有關出生證明的問題嗎？,,,,,
conservatoria_registo_civil,Conservatória e Registo Civil,cartao,useful situation example,443,cartao-conservatoria_registo_civil-com-quem-devo-falar-sobre-a-fotocopia-autenticada,,,,A quem posso pedir esclarecimentos sobre a fotocópia autenticada?,Who can I ask for clarification about certified photocopy?,关于认证副本，我可以向谁咨询？,關於認證副本，我可以向誰查詢？,,,,,
conservatoria_registo_civil,Conservatória e Registo Civil,cartao,useful situation example,444,cartao-conservatoria_registo_civil-preciso-de-esclarecer-uma-duvida-sobre-a-assinatura,,,,Pode explicar-me melhor o que preciso de saber sobre a assinatura?,Could you explain what I need to know about signature?,您能说明我需要了解签名的哪些信息吗？,您能說明我需要了解簽名的哪些資訊嗎？,,,,,
conservatoria_registo_civil,Conservatória e Registo Civil,cartao,useful situation example,445,cartao-conservatoria_registo_civil-queria-informacoes-sobre-o-pedido-de-nacionalidade,,,,Queria informações sobre o pedido de nacionalidade.,I would like information about citizenship application.,我想了解入籍申请。,我想了解入籍申請。,,,,,
conservatoria_registo_civil,Conservatória e Registo Civil,cartao,useful situation example,446,cartao-conservatoria_registo_civil-queria-informacoes-sobre-o-numero-de-processo,,,,Onde posso obter ajuda para questões sobre o número de processo?,Where can I get help with questions about case number?,我可以在哪里获得有关案件編号的帮助？,我可以在哪裡獲得有關案件編號的協助？,,,,,
trabalho_construcao,Construção,vocabulario,,,az-0764,situacao-a-obra-o-estaleiro,noun,f,a obra / o estaleiro,building site,工地,工地,,,,,
trabalho_construcao,Construção,vocabulario,,,az-0765,situacao-o-servente,noun,m,o servente,labourer,小工（杂工）,小工（雜工）,,,,,
trabalho_construcao,Construção,vocabulario,,,az-0766,situacao-o-pedreiro,noun,m,o pedreiro,bricklayer / mason,泥瓦工,泥瓦工,,,,,
trabalho_construcao,Construção,vocabulario,,,az-0767,situacao-o-encarregado-da-obra,noun,m,o encarregado da obra,site foreman,工地领班,工地領班,,,,,
trabalho_construcao,Construção,vocabulario,,,az-0389,situacao-o-capacete,noun,m,o capacete,hard hat,安全帽,安全帽,,,,,
trabalho_construcao,Construção,vocabulario,,,az-0769,situacao-as-botas-de-protecao,noun,f-pl,as botas de proteção,safety boots,安全鞋,安全鞋,,,,,
trabalho_construcao,Construção,vocabulario,,,az-0770,situacao-o-colete-refletor,noun,m,o colete refletor,hi-vis vest,反光背心,反光背心,,,,,
trabalho_construcao,Construção,vocabulario,,,az-0771,situacao-o-epi-equipamento-de-protecao-individual,noun,m,o EPI (equipamento de proteção individual),PPE (personal protective equipment),个人防护装備,個人防護裝備,,,,,Mandatory; refusing unsafe work is your right
trabalho_construcao,Construção,vocabulario,,,az-0772,situacao-o-andaime,noun,m,o andaime,scaffolding,腳手架,腳手架,,,,,
trabalho_construcao,Construção,vocabulario,,,az-0773,situacao-o-cimento-o-betao,noun,m,o cimento / o betão,cement / concrete,水泥／混凝土,水泥／混凝土,,,,,
trabalho_construcao,Construção,vocabulario,,,az-0774,situacao-o-tijolo,noun,m,o tijolo,brick,砖,磚,,,,,
trabalho_construcao,Construção,vocabulario,,,az-0775,situacao-a-betoneira,noun,f,a betoneira,cement mixer,搅拌机,攪拌機,,,,,
trabalho_construcao,Construção,vocabulario,,,az-0391,situacao-o-contrato-de-trabalho,noun,m,o contrato de trabalho,work contract,劳动合同,勞動合同,,,,,Insist on one — protects wages and NISS
trabalho_construcao,Construção,vocabulario,,,az-0541,,noun,f,a ferramenta,tool,工具,工具,,,,,
trabalho_construcao,Construção,vocabulario,,,az-1060,situacao-o-martelo,noun,m,o martelo,hammer,錘子,錘子,,,,,
trabalho_construcao,Construção,vocabulario,,,az-1061,situacao-o-berbequim-a-broca,noun,m,o berbequim / a broca,drill / drill bit,电钻／钻头,電鑽／鑽頭,,,,,
trabalho_construcao,Construção,vocabulario,,,az-1062,situacao-a-serra,noun,f,a serra,saw,锯子,鋸子,,,,,
trabalho_construcao,Construção,vocabulario,,,az-1063,situacao-a-chave-de-fendas,noun,f,a chave de fendas,screwdriver,螺絲刀,螺絲刀,,,,,
trabalho_construcao,Construção,vocabulario,,,az-1064,situacao-a-escada,noun,f,a escada,ladder,梯子,梯子,,,,,
trabalho_construcao,Construção,vocabulario,,,az-1065,situacao-o-ladrilho-o-azulejo,noun,m,o ladrilho / o azulejo,floor tile / wall tile,地砖／瓷砖,地磚／瓷磚,,,,,
trabalho_construcao,Construção,vocabulario,,,az-1066,situacao-o-pladur-o-gesso,noun,m,o pladur / o gesso,drywall / plaster,石膏板／石膏,石膏板／石膏,,,,,
trabalho_construcao,Construção,vocabulario,,,az-1067,situacao-a-tinta-pintar,noun,f,a tinta / pintar,paint / to paint,油漆／刷漆,油漆／刷漆,,,,,
trabalho_construcao,Construção,vocabulario,,,az-1068,situacao-o-rolo-o-pincel,noun,m,o rolo / o pincel,roller / brush,滾筒／刷子,滾筒／刷子,,,,,
trabalho_construcao,Construção,vocabulario,,,az-1069,situacao-o-eletricista,noun,m,o eletricista,electrician,电工,電工,,,,,
trabalho_construcao,Construção,vocabulario,,,az-1070,situacao-o-canalizador,noun,m,o canalizador,plumber,水管工,水管工,,,,,
trabalho_construcao,Construção,vocabulario,,,az-1071,situacao-a-remodelacao,noun,f,a remodelação,renovation,翻新装修,翻新裝修,,,,,Most immigrant construction work is renovations
trabalho_construcao,Construção,vocabulario,,,az-1072,situacao-o-entulho,noun,m,o entulho,rubble / construction waste,建筑垃圾,建築垃圾,,,,,
trabalho_construcao,Construção,vocabulario,,,az-1073,situacao-a-carrinha,noun,f,a carrinha,van,货车（面包车）,貨車（麵包車）,,,,,
trabalho_construcao,Construção,vocabulario,,,az-1074,situacao-descarregar-o-material,,,descarregar o material,to unload materials,卸货（材料）,卸貨（材料）,,,,,
trabalho_construcao,Construção,vocabulario,,,az-1075,situacao-a-fita-metrica-medir,noun,f,a fita métrica / medir,tape measure / to measure,捲尺／测量,捲尺／測量,,,,,
trabalho_construcao,Construção,vocabulario,,,az-1076,situacao-o-nivel,noun,m,o nível,spirit level,水平尺,水平尺,,,,,
trabalho_construcao,Construção,vocabulario,,,az-1077,situacao-o-orcamento,noun,m,o orçamento,quote / estimate,報价,報價,,,,,
trabalho_construcao,Construção,vocabulario,,,az-1078,situacao-o-seguro-de-acidentes-de-trabalho,noun,m,o seguro de acidentes de trabalho,workplace accident insurance,工伤保险,工傷保險,,,,,Employer must have it — ask
trabalho_construcao,Construção,dialogo,,106,dialogo-trabalho-construcao-bom-dia-hoje-ficas-a-ajudar-o-pedreiro-no-segundo-piso,,,,Bom dia. Hoje ficas a ajudar o pedreiro no segundo piso.,Good morning. Today you're helping the mason on the second floor.,早上好。今天你在二楼给泥瓦工打下手。,早上好。今天你在二樓給泥瓦工打下手。,,,,,
trabalho_construcao,Construção,dialogo,,107,dialogo-trabalho-construcao-entendido-onde-estao-os-capacetes,,,,Entendido. Onde estão os capacetes?,Understood. Where are the hard hats?,明白。安全帽在哪里？,明白。安全帽在哪裡？,,,,,
trabalho_construcao,Construção,dialogo,,108,dialogo-trabalho-construcao-no-contentor-o-epi-e-obrigatorio-em-toda-a-obra,,,,No contentor. O EPI é obrigatório em toda a obra.,In the container. PPE is mandatory on the whole site.,在集装箱里。整个工地都必须穿戴防护装備。,在集裝箱裡。整個工地都必須穿戴防護裝備。,,,,,
trabalho_construcao,Construção,dialogo,,109,dialogo-trabalho-construcao-precisamos-de-mais-cimento-para-a-betoneira,,,,Precisamos de mais cimento para a betoneira.,We need more cement for the mixer.,搅拌机需要再加水泥。,攪拌機需要再加水泥。,,,,,
trabalho_construcao,Construção,dialogo,,110,dialogo-trabalho-construcao-cuidado-com-o-andaime-ainda-nao-esta-fixo,,,,Cuidado com o andaime — ainda não está fixo.,Careful with the scaffolding — it's not secured yet.,小心腳手架——还没固定好。,小心腳手架——還沒固定好。,,,,,
trabalho_construcao,Construção,dialogo,,111,dialogo-trabalho-construcao-a-que-horas-e-a-pausa-para-almoco,,,,A que horas é a pausa para almoço?,What time is the lunch break?,午饭休息是几点？,午飯休息是幾點？,,,,,
trabalho_construcao,Construção,dialogo,,112,dialogo-trabalho-construcao-ao-meio-dia-e-nao-te-esquecas-de-assinar-a-folha-de-pr,,,,Ao meio-dia. E não te esqueças de assinar a folha de presença.,At noon. And don't forget to sign the attendance sheet.,中午十二点。別忘了在考勤表上签名。,中午十二點。別忘了在考勤表上簽名。,,,,,
trabalho_construcao,Construção,dialogo,,283,dialogo-trabalho-construcao-hoje-comecamos-a-remodelacao-da-casa-de-banho,,,,Hoje começamos a remodelação da casa de banho.,Today we start the bathroom renovation.,今天我们开始翻新浴室。,今天我們開始翻新浴室。,,,,,
trabalho_construcao,Construção,dialogo,,284,dialogo-trabalho-construcao-primeiro-tiramos-os-azulejos-velhos,,,,Primeiro tiramos os azulejos velhos?,Do we remove the old tiles first?,先把旧瓷砖拆掉吗？,先把舊瓷磚拆掉嗎？,,,,,
trabalho_construcao,Construção,dialogo,,285,dialogo-trabalho-construcao-sim-o-entulho-vai-para-o-contentor-la-fora,,,,Sim. O entulho vai para o contentor lá fora.,Yes. The rubble goes in the container outside.,对。建筑垃圾放到外面的垃圾箱。,對。建築垃圾放到外面的垃圾箱。,,,,,
trabalho_construcao,Construção,dialogo,,286,dialogo-trabalho-construcao-falta-material-so-temos-meio-saco-de-cimento,,,,Falta material — só temos meio saco de cimento.,We're short on materials — only half a bag of cement left.,材料不够——水泥只剩半袋。,材料不夠——水泥只剩半袋。,,,,,
trabalho_construcao,Construção,dialogo,,287,dialogo-trabalho-construcao-vou-a-loja-com-a-carrinha-precisas-de-mais-alguma-cois,,,,Vou à loja com a carrinha. Precisas de mais alguma coisa?,I'll go to the shop with the van. Do you need anything else?,我开货车去建材店。还需要別的吗？,我開貨車去建材店。還需要別的嗎？,,,,,
trabalho_construcao,Construção,dialogo,,288,dialogo-trabalho-construcao-traz-silicone-e-uma-broca-de-seis,,,,Traz silicone e uma broca de seis.,Bring silicone and a size-six drill bit.,带硅胶和一个六毫米钻头。,帶硅膠和一個六毫米鑽頭。,,,,,
trabalho_construcao,Construção,dialogo,,289,dialogo-trabalho-construcao-chefe-antes-de-comecar-quando-e-o-dia-de-pagamento,,,,"Chefe, antes de começar: quando é o dia de pagamento?","Boss, before we start: when is payday?",老板，开工前问一下：发工资是哪天？,老闆，開工前問一下：發工資是哪天？,,,,,
trabalho_construcao,Construção,dialogo,,290,dialogo-trabalho-construcao-ao-dia-5-de-cada-mes-por-transferencia,,,,"Ao dia 5 de cada mês, por transferência.","On the 5th of each month, by bank transfer.",每月5号，转账支付。,每月5號，轉帳支付。,,,,,
trabalho_construcao,Construção,dialogo,,291,dialogo-trabalho-construcao-e-temos-seguro-de-acidentes-de-trabalho,,,,E temos seguro de acidentes de trabalho?,And do we have workplace accident insurance?,我们有工伤保险吗？,我們有工傷保險嗎？,,,,,
trabalho_construcao,Construção,dialogo,,292,dialogo-trabalho-construcao-tem-esta-no-contrato-o-epi-tambem-e-fornecido,,,,"Têm, está no contrato. O EPI também é fornecido.","You do, it's in the contract. PPE is provided too.",有，写在合同里。防护装備也由我们提供。,有，寫在合同裡。防護裝備也由我們提供。,,,,,
trabalho_construcao,Construção,dialogo,,293,dialogo-trabalho-construcao-otimo-e-as-horas-extra-como-sao-pagas,,,,"Ótimo. E as horas extra, como são pagas?",Great. And how is overtime paid?,好。加班费怎么算？,好。加班費怎麼算？,,,,,
trabalho_construcao,Construção,dialogo,,294,dialogo-trabalho-construcao-com-acrescimo-conforme-a-lei,,,,"Com acréscimo, conforme a lei.","With a supplement, as the law requires.",按法律规定加成支付。,按法律規定加成支付。,,,,,
trabalho_construcao,Construção,dialogo,expanded real-world coverage,716,dialogo-trabalho_construcao-esta-bem-vou-confirmar-as-horas-na-folha-antes-de-assinar,,,,Está bem. Vou confirmar as horas na folha antes de assinar.,All right. I will check the hours on the sheet before signing.,好的。我签字前会核对工时记录。,好的。我簽名之前會核對工時紀錄。,,,,,
trabalho_construcao,Construção,cartao,,80,cartao-trabalho-construcao-onde-esta-o-meu-epi,,,,Onde está o meu EPI?,Where's my PPE?,我的防护装備在哪里？,我的防護裝備在哪裡？,,,,,
trabalho_construcao,Construção,cartao,,81,cartao-trabalho-construcao-isto-nao-e-seguro-o-andaime-nao-esta-fixo,,,,Isto não é seguro — o andaime não está fixo.,This isn't safe — the scaffolding isn't secured.,这不安全——腳手架没固定。,這不安全——腳手架沒固定。,,,,,
trabalho_construcao,Construção,cartao,,82,cartao-trabalho-construcao-preciso-de-mais-cimento-tijolos,,,,Preciso de mais cimento / tijolos.,We need more cement / bricks.,需要再來些水泥／砖。,需要再來些水泥／磚。,,,,,
trabalho_construcao,Construção,cartao,,83,cartao-trabalho-construcao-a-que-horas-e-a-pausa,,,,A que horas é a pausa?,What time is the break?,休息是几点？,休息是幾點？,,,,,
trabalho_construcao,Construção,cartao,,84,cartao-trabalho-construcao-quando-assinamos-o-contrato-de-trabalho,,,,Quando assinamos o contrato de trabalho?,When do we sign the work contract?,什么时候签劳动合同？,什麼時候簽勞動合同？,,,,,
trabalho_construcao,Construção,cartao,,85,cartao-trabalho-construcao-magoei-me-preciso-do-kit-de-primeiros-socorros,,,,Magoei-me — preciso do kit de primeiros socorros.,I've hurt myself — I need the first-aid kit.,我受伤了——需要急救箱。,我受傷了——需要急救箱。,,,,,
trabalho_construcao,Construção,cartao,,161,cartao-trabalho-construcao-quando-e-o-dia-de-pagamento,,,,Quando é o dia de pagamento?,When is payday?,发工资是哪天？,發工資是哪天？,,,,,
trabalho_construcao,Construção,cartao,,162,cartao-trabalho-construcao-temos-seguro-de-acidentes-de-trabalho,,,,Temos seguro de acidentes de trabalho?,Do we have workplace accident insurance?,我们有工伤保险吗？,我們有工傷保險嗎？,,,,,
trabalho_construcao,Construção,cartao,,163,cartao-trabalho-construcao-falta-material-vou-a-loja,,,,Falta material — vou à loja.,We're short on materials — I'll go to the shop.,材料不够——我去建材店。,材料不夠——我去建材店。,,,,,
trabalho_construcao,Construção,cartao,,164,cartao-trabalho-construcao-onde-despejamos-o-entulho,,,,Onde despejamos o entulho?,Where do we dump the rubble?,建筑垃圾倒在哪里？,建築垃圾倒在哪裡？,,,,,
trabalho_construcao,Construção,cartao,,165,cartao-trabalho-construcao-as-horas-extra-sao-pagas-com-acrescimo,,,,As horas extra são pagas com acréscimo.,Overtime is paid at a higher rate.,加班费按加成支付。,加班費按加成支付。,,,,,
trabalho_construcao,Construção,cartao,useful situation example,703,cartao-trabalho_construcao-pode-explicar-me-o-que-devo-fazer-para-descarregar-o-material,,,,Pode explicar-me o que devo fazer para descarregar o material?,Could you explain what I need to do to unload materials?,可以说明我要怎样卸货（材料）吗？,可以說明我要怎樣卸貨（材料）嗎？,,,,,
trabalho_construcao,Construção,cartao,useful situation example,704,cartao-trabalho_construcao-preciso-de-esclarecer-uma-duvida-sobre-o-seguro-de-acidentes-de-trabalho,,,,Preciso de esclarecer uma dúvida sobre o seguro de acidentes de trabalho.,I have a question about workplace accident insurance.,我需要咨询有关工伤保险的问题。,我需要查詢有關工傷保險的問題。,,,,,
trabalho_construcao,Construção,cartao,useful situation example,705,cartao-trabalho_construcao-pode-dar-me-informacoes-sobre-o-orcamento,,,,Pode dar-me informações sobre o orçamento?,Could you give me information about quote / estimate?,可以告诉我有关報价的信息吗？,可以告訴我有關報價的資訊嗎？,,,,,
trabalho_construcao,Construção,cartao,useful situation example,706,cartao-trabalho_construcao-onde-posso-encontrar-o-colete-refletor,,,,Onde posso encontrar o colete refletor?,Where can I find hi-vis vest?,反光背心在哪里？,反光背心在哪裡？,,,,,
trabalho_construcao,Construção,cartao,useful situation example,707,cartao-trabalho_construcao-onde-posso-encontrar-a-chave-de-fendas,,,,Onde posso encontrar a chave de fendas?,Where can I find screwdriver?,螺絲刀在哪里？,螺絲刀在哪裡？,,,,,
trabalho_construcao,Construção,cartao,useful situation example,708,cartao-trabalho_construcao-pode-dar-me-informacoes-sobre-a-serra,,,,Onde está a serra?,Where is the saw?,锯子在哪里？,鋸在哪裡？,,,,,
trabalho_construcao,Construção,cartao,useful situation example,709,cartao-trabalho_construcao-onde-posso-encontrar-o-canalizador,,,,Onde posso encontrar o canalizador?,Where can I find plumber?,水管工在哪里？,水管工在哪裡？,,,,,
trabalho_construcao,Construção,cartao,useful situation example,710,cartao-trabalho_construcao-onde-posso-encontrar-a-betoneira,,,,Onde posso encontrar a betoneira?,Where can I find cement mixer?,搅拌机在哪里？,攪拌機在哪裡？,,,,,
trabalho_construcao,Construção,cartao,useful situation example,711,cartao-trabalho_construcao-onde-posso-encontrar-o-servente,,,,Onde posso encontrar o servente?,Where can I find labourer?,小工（杂工）在哪里？,小工（雜工）在哪裡？,,,,,
consulado_documentos,Consulado e Documentos Estrangeiros,vocabulario,,,az-0239,m5-passaporte,noun,m,o passaporte,passport,护照,護照,Deve levar o passaporte.,You should take the passport.,您应该带上护照。,您應該帶上護照。,
consulado_documentos,Consulado e Documentos Estrangeiros,vocabulario,,,az-0240,m5-registo-criminal,noun,m,o registo criminal,criminal record,犯罪记录,犯罪記錄,Preciso de autorização para consulta do registo criminal.,I need authorisation to consult the criminal record.,我需要授权查询犯罪记录。,我需要授權查詢犯罪紀錄。,
consulado_documentos,Consulado e Documentos Estrangeiros,vocabulario,,,az-0509,m11-email,noun,m,o e-mail,email,电子邮件,電子郵件,Enviei o currículo por e-mail.,I sent the resume by email.,我通过电子邮件发送了简历。,我透過電子郵件寄出了履歷。,
consulado_documentos,Consulado e Documentos Estrangeiros,vocabulario,,,az-0510,m11-exmo-senhor,,,Ex.mo Senhor,Dear Sir,尊敬的先生,尊敬的先生,"Ex.mo Senhor, solicito uma informação.","Dear Sir, I am requesting information.",尊敬的先生，我想咨询一项信息。,尊敬的先生，我想諮詢一項資訊。,
consulado_documentos,Consulado e Documentos Estrangeiros,vocabulario,,,az-0520,m11-anexo,noun,m,o anexo,attachment; enclosure,附件/附录,附件/附錄,Anexo: Currículo.,Attachment: Resume.,附件：简历。,附件：履歷。,
consulado_documentos,Consulado e Documentos Estrangeiros,vocabulario,,,az-0521,m11-assunto,noun,m,o assunto,subject,主题,主題,Assunto: Reclamação por roupa estragada.,Subject: Complaint about damaged clothing.,主题：关于衣物损坏的投诉。,主旨：關於衣物損壞的投訴。,
consulado_documentos,Consulado e Documentos Estrangeiros,vocabulario,,,az-0542,m11-destinatario,noun,m,o destinatário,recipient,接受者,接受者,Não conhecemos o destinatário.,We do not know the recipient.,我们不认识收件人。,我們不認識收件人。,
consulado_documentos,Consulado e Documentos Estrangeiros,vocabulario,,,az-0577,m12-requerimento,noun,m,o requerimento,application form,申请表,申請表,Deve juntar documentos ao requerimento.,You must attach documents to the application form.,应把文件附在申请表上。,應把文件附在申請表上。,
consulado_documentos,Consulado e Documentos Estrangeiros,vocabulario,,,az-0578,m12-certificado,noun,m,o certificado,certificate,证书,證書,Tem de apresentar um Certificado de Língua Portuguesa.,You have to present a Portuguese Language Certificate.,必须提交一份葡萄牙语证书。,必須提交一份葡萄牙語證書。,
consulado_documentos,Consulado e Documentos Estrangeiros,vocabulario,,,az-0579,m12-preencher,,,preencher,to fill in,填写,填寫,Basta preencher o requerimento.,It is enough to fill in the application form.,只需填写申请表。,只需填寫申請表。,
consulado_documentos,Consulado e Documentos Estrangeiros,vocabulario,,,az-0625,situacao-a-certidao-de-residencia-fiscal,noun,f,a certidão de residência fiscal,certificate of tax residency,税务居民证明,稅務居民證明,,,,,
consulado_documentos,Consulado e Documentos Estrangeiros,vocabulario,,,az-0644,situacao-a-certidao,noun,f,a certidão,certificate / official copy,证明书／正式副本,證明書／正式副本,,,,,
consulado_documentos,Consulado e Documentos Estrangeiros,vocabulario,,,az-0645,situacao-o-carimbo,noun,m,o carimbo,official stamp,公章,公章,,,,,
consulado_documentos,Consulado e Documentos Estrangeiros,vocabulario,,,az-0646,situacao-pagar-uma-taxa,,,pagar uma taxa,to pay a fee,缴納费用,繳納費用,,,,,
consulado_documentos,Consulado e Documentos Estrangeiros,vocabulario,,,az-0802,situacao-a-assinatura,noun,f,a assinatura,signature,签名,簽名,,,,,
consulado_documentos,Consulado e Documentos Estrangeiros,vocabulario,,,az-0851,situacao-a-fotocopia-autenticada,noun,f,a fotocópia autenticada,certified photocopy,认证副本,認證副本,,,,,
consulado_documentos,Consulado e Documentos Estrangeiros,vocabulario,,,az-0852,situacao-o-reconhecimento-de-assinatura,noun,m,o reconhecimento de assinatura,signature certification,签名认证,簽名認證,,,,,
consulado_documentos,Consulado e Documentos Estrangeiros,vocabulario,,,az-0857,situacao-a-declaracao,noun,f,a declaração,declaration / statement,声明书,聲明書,,,,,
consulado_documentos,Consulado e Documentos Estrangeiros,vocabulario,,,az-0862,situacao-o-formulario,noun,m,o formulário,form,表格,表格,,,,,
consulado_documentos,Consulado e Documentos Estrangeiros,vocabulario,,,az-0863,situacao-assinar,,,assinar,to sign,签名,簽名,,,,,
consulado_documentos,Consulado e Documentos Estrangeiros,vocabulario,,,az-0864,situacao-o-comprovativo-de-pagamento,noun,m,o comprovativo de pagamento,proof of payment,缴费憑证,繳費憑證,,,,,
consulado_documentos,Consulado e Documentos Estrangeiros,vocabulario,,,az-0865,situacao-levantar-o-documento,,,levantar o documento,to collect the document,领取文件,領取文件,,,,,
consulado_documentos,Consulado e Documentos Estrangeiros,vocabulario,,,az-0887,situacao-a-apostila-de-haia,noun,f,a apostila (de Haia),(Hague) apostille,海牙认证,海牙認證,,,,,Foreign documents must be apostilled
consulado_documentos,Consulado e Documentos Estrangeiros,vocabulario,,,az-0888,situacao-a-traducao-certificada,noun,f,a tradução certificada,certified translation,认证翻译,認證翻譯,,,,,
consulado_documentos,Consulado e Documentos Estrangeiros,vocabulario,,,az-0889,situacao-a-certidao-de-nascimento,noun,f,a certidão de nascimento,birth certificate,出生证明,出生證明,,,,,
consulado_documentos,Consulado e Documentos Estrangeiros,vocabulario,,,az-0890,situacao-o-registo-criminal-do-pais-de-origem,noun,m,o registo criminal do país de origem,criminal record from home country,原籍國无犯罪记录,原籍國無犯罪記錄,,,,,
consulado_documentos,Consulado e Documentos Estrangeiros,vocabulario,,,az-0896,situacao-a-notificacao,noun,f,a notificação,official notification,官方通知,官方通知,,,,,
consulado_documentos,Consulado e Documentos Estrangeiros,vocabulario,,,az-1335,situacao-o-consulado,noun,m,o consulado,consulate,领事馆,領事館,Marquei atendimento no consulado.,I booked an appointment at the consulate.,我预约了领事馆服务。,我預約了領事館服務。,
consulado_documentos,Consulado e Documentos Estrangeiros,vocabulario,,,az-1336,situacao-a-embaixada,noun,f,a embaixada,embassy,大使馆,大使館,A embaixada confirmou a informação.,The embassy confirmed the information.,大使馆确认了信息。,大使館確認了資料。,
consulado_documentos,Consulado e Documentos Estrangeiros,vocabulario,,,az-1337,situacao-a-procuracao,noun,f,a procuração,power of attorney,授权委托书,授權書,Assinei uma procuração para tratar do processo.,I signed a power of attorney for someone to handle the case.,我签署了授权委托书代办手续。,我簽署了授權書代辦手續。,
consulado_documentos,Consulado e Documentos Estrangeiros,dialogo,opening,517,dialogo-consulado_documentos-bom-dia-preciso-de-fazer-uma-procuracao-para-usar-em-portugal,,,,Bom dia. Preciso de fazer uma procuração para usar em Portugal.,Good morning. I need to make a power of attorney for use in Portugal.,早上好。我需要办理一份在葡萄牙使用的授权书。,早晨。我需要辦理一份在葡萄牙使用的授權書。,,,,,
consulado_documentos,Consulado e Documentos Estrangeiros,dialogo,appointment,518,dialogo-consulado_documentos-ja-marcou-atendimento-no-portal-consular,,,,Já marcou atendimento no portal consular?,Have you booked an appointment on the consular portal?,您已经在领事服务网站预约了吗？,您已經在領事服務網站預約了嗎？,,,,,
consulado_documentos,Consulado e Documentos Estrangeiros,dialogo,appointment,519,dialogo-consulado_documentos-sim-queria-confirmar-o-que-tenho-de-levar,,,,Sim. Queria confirmar o que tenho de levar.,Yes. I would like to confirm what I must bring.,预约了。我想确认需要带什么。,預約了。我想確認需要帶甚麼。,,,,,
consulado_documentos,Consulado e Documentos Estrangeiros,dialogo,documents,520,dialogo-consulado_documentos-traga-o-passaporte-valido-e-o-texto-da-procuracao,,,,Traga o passaporte válido e o texto da procuração.,Bring your valid passport and the power-of-attorney text.,请带有效护照和授权书文本。,請帶有效護照和授權書文本。,,,,,
consulado_documentos,Consulado e Documentos Estrangeiros,dialogo,signature,521,dialogo-consulado_documentos-posso-trazer-o-documento-ja-assinado,,,,Posso trazer o documento já assinado?,Can I bring the document already signed?,可以把已经签好的文件带来吗？,可以把已經簽署的文件帶來嗎？,,,,,
consulado_documentos,Consulado e Documentos Estrangeiros,dialogo,signature,522,dialogo-consulado_documentos-nao-deve-assinar-perante-o-funcionario-consular,,,,Não. Deve assinar perante o funcionário consular.,No. You must sign in front of the consular officer.,不可以。您必须在领事工作人员面前签字。,不可以。您必須在領事職員面前簽署。,,,,,
consulado_documentos,Consulado e Documentos Estrangeiros,dialogo,cost,523,dialogo-consulado_documentos-quanto-custa-e-que-meios-de-pagamento-aceitam,,,,Quanto custa e que meios de pagamento aceitam?,"How much does it cost, and which payment methods do you accept?",费用是多少？接受哪些付款方式？,費用是多少？接受哪些付款方式？,,,,,
consulado_documentos,Consulado e Documentos Estrangeiros,dialogo,cost,524,dialogo-consulado_documentos-o-valor-e-o-pagamento-dependem-do-posto-confirme-na-tabela-consular,,,,O valor e o pagamento dependem do posto; confirme na tabela consular.,The fee and payment method depend on the post; check the consular fee table.,费用和付款方式因领事机构而异，请查看领事收费表。,費用和付款方式視乎領事機構，請查看領事收費表。,,,,,
consulado_documentos,Consulado e Documentos Estrangeiros,dialogo,collection,525,dialogo-consulado_documentos-o-documento-fica-pronto-no-proprio-dia,,,,O documento fica pronto no próprio dia?,Will the document be ready the same day?,文件当天能办好吗？,文件當天能辦妥嗎？,,,,,
consulado_documentos,Consulado e Documentos Estrangeiros,dialogo,timing,526,dialogo-consulado_documentos-confirmaremos-o-prazo-quando-verificarmos-o-documento,,,,Confirmaremos o prazo quando verificarmos o documento.,We will confirm the timeframe after checking the document.,核查文件后，我们会确认办理时间。,核查文件後，我們會確認辦理時間。,,,,,
consulado_documentos,Consulado e Documentos Estrangeiros,dialogo,expanded real-world coverage,578,dialogo-consulado_documentos-perdi-o-passaporte-e-tenho-uma-viagem-marcada-para-sexta-feira,,,,Perdi o passaporte e tenho uma viagem marcada para sexta-feira.,I lost my passport and have a trip booked for Friday.,我丢了护照，星期五有行程。,我遺失了護照，星期五有行程。,,,,,
consulado_documentos,Consulado e Documentos Estrangeiros,dialogo,expanded real-world coverage,579,dialogo-consulado_documentos-ja-apresentou-a-denuncia-na-policia-local,,,,Já apresentou a denúncia na polícia local?,Have you already filed a report with the local police?,您已经向当地警方报案了吗？,您已經向當地警方報案了嗎？,,,,,
consulado_documentos,Consulado e Documentos Estrangeiros,dialogo,expanded real-world coverage,580,dialogo-consulado_documentos-sim-trouxe-a-participacao-e-uma-copia-do-passaporte,,,,Sim. Trouxe a participação e uma cópia do passaporte.,Yes. I brought the police report and a copy of the passport.,报案了。我带了报案证明和护照复印件。,報案了。我帶了報案證明和護照副本。,,,,,
consulado_documentos,Consulado e Documentos Estrangeiros,dialogo,expanded real-world coverage,581,dialogo-consulado_documentos-vamos-avaliar-se-pode-ser-emitido-um-documento-de-viagem-de-emergencia,,,,Vamos avaliar se pode ser emitido um documento de viagem de emergência.,We will assess whether an emergency travel document can be issued.,我们会评估能否签发紧急旅行证件。,我們會評估能否簽發緊急旅行證件。,,,,,
consulado_documentos,Consulado e Documentos Estrangeiros,dialogo,expanded real-world coverage,582,dialogo-consulado_documentos-esse-documento-serve-para-regressar-ao-meu-pais,,,,Esse documento serve para regressar ao meu país?,Can that document be used to return to my country?,这份证件可以用来返回我的国家吗？,這份證件可以用來返回我的國家嗎？,,,,,
consulado_documentos,Consulado e Documentos Estrangeiros,dialogo,expanded real-world coverage,583,dialogo-consulado_documentos-a-validade-e-o-percurso-permitido-sao-explicados-quando-for-emitido,,,,A validade e o percurso permitido são explicados quando for emitido.,Its validity and permitted route will be explained when it is issued.,签发时会说明有效期和允许的路线。,簽發時會說明有效期和允許的路線。,,,,,
consulado_documentos,Consulado e Documentos Estrangeiros,dialogo,expanded real-world coverage,584,dialogo-consulado_documentos-preciso-de-fotografias-e-de-outra-identificacao,,,,Preciso de fotografias e de outra identificação?,Do I need photographs and another form of identification?,我需要照片和其他身份证明吗？,我需要相片和其他身份證明嗎？,,,,,
consulado_documentos,Consulado e Documentos Estrangeiros,dialogo,expanded real-world coverage,585,dialogo-consulado_documentos-traga-tudo-o-que-tiver-o-posto-confirma-os-documentos-necessarios,,,,Traga tudo o que tiver; o posto confirma os documentos necessários.,Bring everything you have; the consular post will confirm what is required.,请带上所有现有材料；领事机构会确认所需文件。,請帶備所有現有資料；領事機構會確認所需文件。,,,,,
consulado_documentos,Consulado e Documentos Estrangeiros,dialogo,expanded real-world coverage,586,dialogo-consulado_documentos-posso-receber-o-documento-antes-da-viagem,,,,Posso receber o documento antes da viagem?,Can I receive the document before the trip?,我能在出发前拿到证件吗？,我能在出發前拿到證件嗎？,,,,,
consulado_documentos,Consulado e Documentos Estrangeiros,dialogo,expanded real-world coverage,587,dialogo-consulado_documentos-vamos-registar-a-urgencia-mas-so-confirmamos-o-prazo-depois-da-analise,,,,"Vamos registar a urgência, mas só confirmamos o prazo depois da análise.","We will record the urgency, but can only confirm the timing after assessment.",我们会登记紧急情况，但只能在审核后确认时间。,我們會登記緊急情況，但只能在審核後確認時間。,,,,,
consulado_documentos,Consulado e Documentos Estrangeiros,cartao,passport,347,cartao-consulado_documentos-quero-renovar-o-passaporte-que-documentos-devo-levar,,,,Quero renovar o passaporte. Que documentos devo levar?,I want to renew my passport. Which documents should I bring?,我想续期护照。需要带哪些文件？,我想續期護照。需要帶哪些文件？,,,,,
consulado_documentos,Consulado e Documentos Estrangeiros,cartao,emergency,348,cartao-consulado_documentos-perdi-o-passaporte-e-preciso-de-viajar-com-urgencia,,,,Perdi o passaporte e preciso de viajar com urgência.,I lost my passport and need to travel urgently.,我丢了护照，需要紧急出行。,我遺失了護照，需要緊急出行。,,,,,
consulado_documentos,Consulado e Documentos Estrangeiros,cartao,legalisation,349,cartao-consulado_documentos-este-documento-precisa-de-apostila-ou-de-legalizacao-consular,,,,Este documento precisa de apostila ou de legalização consular?,Does this document need an apostille or consular legalisation?,这份文件需要海牙认证还是领事认证？,這份文件需要海牙認證還是領事認證？,,,,,
consulado_documentos,Consulado e Documentos Estrangeiros,cartao,signature,350,cartao-consulado_documentos-quero-reconhecer-a-minha-assinatura-neste-documento,,,,Quero reconhecer a minha assinatura neste documento.,I want to have my signature certified on this document.,我想认证这份文件上的签名。,我想核證這份文件上的簽名。,,,,,
consulado_documentos,Consulado e Documentos Estrangeiros,cartao,civil-record,351,cartao-consulado_documentos-quero-registar-em-portugal-o-meu-casamento-no-estrangeiro,,,,Quero registar em Portugal o meu casamento no estrangeiro.,I want to register my foreign marriage in Portugal.,我想在葡萄牙登记我的境外婚姻。,我想在葡萄牙登記我的海外婚姻。,,,,,
consulado_documentos,Consulado e Documentos Estrangeiros,cartao,appointment,352,cartao-consulado_documentos-nao-encontro-horarios-disponiveis-para-marcacao,,,,Não encontro horários disponíveis para marcação.,I cannot find any available appointment times.,我找不到可预约的时间。,我找不到可預約的時間。,,,,,
consulado_documentos,Consulado e Documentos Estrangeiros,cartao,documents,353,cartao-consulado_documentos-pode-confirmar-se-esta-copia-tem-de-ser-autenticada,,,,Pode confirmar se esta cópia tem de ser autenticada?,Can you confirm whether this copy must be certified?,可以确认这份副本是否需要认证吗？,可以確認這份副本是否需要核證嗎？,,,,,
consulado_documentos,Consulado e Documentos Estrangeiros,cartao,tracking,354,cartao-consulado_documentos-como-acompanho-o-pedido-depois-de-o-entregar,,,,Como acompanho o pedido depois de o entregar?,How can I track the request after submitting it?,提交后怎样查询申请进度？,提交後怎樣查詢申請進度？,,,,,
consulado_documentos,Consulado e Documentos Estrangeiros,cartao,useful situation example,471,cartao-consulado_documentos-onde-posso-encontrar-informacoes-sobre-a-certidao-de-nascimento,,,,Onde posso encontrar informações sobre a certidão de nascimento?,Where can I find information about birth certificate?,我可以在哪里查到有关出生证明的信息？,我可以在哪裡查到有關出生證明的資訊？,,,,,
consulado_documentos,Consulado e Documentos Estrangeiros,cartao,useful situation example,472,cartao-consulado_documentos-pode-dar-me-informacoes-sobre-o-reconhecimento-de-assinatura,,,,Pode dar-me informações sobre o reconhecimento de assinatura?,Could you give me information about signature certification?,可以告诉我有关签名认证的信息吗？,可以告訴我有關簽名認證的資訊嗎？,,,,,
consulado_documentos,Consulado e Documentos Estrangeiros,cartao,useful situation example,473,cartao-consulado_documentos-pode-explicar-me-o-que-devo-fazer-para-pagar-uma-taxa,,,,Pode explicar-me o que devo fazer para pagar uma taxa?,Could you explain what I need to do to pay a fee?,可以说明我要怎样缴納费用吗？,可以說明我要怎樣繳納費用嗎？,,,,,
consulado_documentos,Consulado e Documentos Estrangeiros,cartao,useful situation example,474,cartao-consulado_documentos-onde-posso-encontrar-informacoes-sobre-a-assinatura,,,,Gostaria de saber mais sobre a assinatura.,I would like to know more about signature.,我想进一步了解签名。,我想進一步了解簽名。,,,,,
consulado_documentos,Consulado e Documentos Estrangeiros,cartao,useful situation example,475,cartao-consulado_documentos-pode-dar-me-informacoes-sobre-a-notificacao,,,,Quem me pode orientar sobre a notificação?,Who can advise me about official notification?,关于官方通知，谁可以给我指引？,關於官方通知，誰可以給我指引？,,,,,
consulado_documentos,Consulado e Documentos Estrangeiros,cartao,useful situation example,476,cartao-consulado_documentos-pode-dar-me-informacoes-sobre-a-certidao,,,,Tenho uma questão relacionada com a certidão.,I have a question related to certificate / official copy.,我有一个与证明书／正式副本有关的问题。,我有一個與證明書／正式副本有關的問題。,,,,,
consulado_documentos,Consulado e Documentos Estrangeiros,cartao,useful situation example,477,cartao-consulado_documentos-queria-informacoes-sobre-o-registo-criminal-do-pais-de-origem,,,,Queria informações sobre o registo criminal do país de origem.,I would like information about criminal record from home country.,我想了解原籍國无犯罪记录。,我想了解原籍國無犯罪記錄。,,,,,
consulado_documentos,Consulado e Documentos Estrangeiros,cartao,useful situation example,478,cartao-consulado_documentos-preciso-de-autorizacao-para-consulta-do-registo-criminal,,,,Preciso de autorização para consulta do registo criminal.,I need authorisation to consult the criminal record.,我需要授权查询犯罪记录。,我需要授權查詢犯罪紀錄。,,,,,
consulado_documentos,Consulado e Documentos Estrangeiros,cartao,useful situation example,479,cartao-consulado_documentos-queria-informacoes-sobre-a-certidao-de-residencia-fiscal,,,,Consegue ajudar-me com uma dúvida sobre a certidão de residência fiscal?,Can you help me with a question about certificate of tax residency?,您能帮我解答一个有关税务居民证明的问题吗？,您能幫我解答一個有關稅務居民證明的問題嗎？,,,,,
consulado_documentos,Consulado e Documentos Estrangeiros,cartao,useful situation example,480,cartao-consulado_documentos-com-quem-devo-falar-sobre-a-traducao-certificada,,,,Com quem devo falar sobre a tradução certificada?,Who should I speak to about certified translation?,关于认证翻译，我应该和谁联系？,關於認證翻譯，我應該聯絡誰？,,,,,
consulado_documentos,Consulado e Documentos Estrangeiros,cartao,useful situation example,481,cartao-consulado_documentos-queria-informacoes-sobre-o-comprovativo-de-pagamento,,,,A quem posso pedir esclarecimentos sobre o comprovativo de pagamento?,Who can I ask for clarification about proof of payment?,关于缴费憑证，我可以向谁咨询？,關於繳費憑證，我可以向誰查詢？,,,,,
consulado_documentos,Consulado e Documentos Estrangeiros,cartao,useful situation example,482,cartao-consulado_documentos-preciso-de-esclarecer-uma-duvida-sobre-a-declaracao,,,,Preciso de esclarecer uma dúvida sobre a declaração.,I have a question about declaration / statement.,我需要咨询有关声明书的问题。,我需要查詢有關聲明書的問題。,,,,,
consultorio_medico,Consultório Médico,vocabulario,,,az-0313,m6-consultorio-medico,noun,m,o consultório médico,doctor's office,医生办公室,醫生辦公室,Estou no consultório médico.,I am at the doctor's office.,我在医生诊所。,我在醫生診所。,
consultorio_medico,Consultório Médico,vocabulario,,,az-0340,m6-marcar-uma-consulta,,,marcar uma consulta,to book an appointment,预约,預約,Vou marcar uma consulta.,I am going to book an appointment.,我要预约看诊。,我要預約看診。,
consultorio_medico,Consultório Médico,vocabulario,,,az-0348,m6-consultar-o-medico,,,consultar o médico,to consult the doctor,咨询医生,諮詢醫生,Não dê medicamentos sem consultar o médico.,Do not give medicines without consulting the doctor.,不要在未咨询医生的情况下给药。,不要在未諮詢醫生的情況下給藥。,
consultorio_medico,Consultório Médico,vocabulario,,,az-0381,m7-medico,,,médico(a),doctor,医生,醫生,A médica observa o doente.,The doctor examines the patient.,女医生观察病人。,女醫生觀察病人。,
consultorio_medico,Consultório Médico,vocabulario,,,az-0382,m7-observar-doente,,,observar o doente,to examine the patient,检查病人,檢查病人,A médica observa o doente.,The doctor examines the patient.,女医生观察病人。,女醫生觀察病人。,
consultorio_medico,Consultório Médico,vocabulario,,,az-0316,m6-ha-quanto-tempo,,,há quanto tempo?,for how long?,多长时间？,多長時間？,Há quanto tempo está assim?,How long have you been like this?,您这样多久了？,您這樣多久了？,
consultorio_medico,Consultório Médico,vocabulario,,,az-0341,m6-doer,,,doer,to hurt,疼/痛,疼痛,Dói-me a barriga.,My belly hurts.,我肚子疼。,我肚子痛。,
consultorio_medico,Consultório Médico,vocabulario,,,az-0342,m6-doi-me,,,dói-me,it hurts me,我疼/我痛,我痛/我……痛,Dói-me a cabeça.,My head hurts.,我头疼。,我頭痛。,
consultorio_medico,Consultório Médico,vocabulario,,,az-0297,m6-estar-constipado,,,estar constipado(a),to have a cold,感冒了,感冒了,Ele está constipado. Ela está constipada.,He has a cold. She has a cold.,他感冒了。她感冒了。,他感冒了。她感冒了。,
consultorio_medico,Consultório Médico,vocabulario,,,az-0298,m6-ter-febre,,,ter febre,to have a fever,发烧,發燒,O menino tem febre.,The boy has a fever.,男孩发烧了。,男孩發燒了。,
consultorio_medico,Consultório Médico,vocabulario,,,az-0299,m6-ter-tosse,,,ter tosse,to have a cough,咳嗽,咳嗽,Está com tosse?,Do you have a cough?,您咳嗽吗？,您咳嗽嗎？,
consultorio_medico,Consultório Médico,vocabulario,,,az-0300,m6-ter-uma-intoxicacao,,,ter uma intoxicação,to have poisoning,中毒,中毒,Ele tem uma intoxicação.,He has poisoning.,他中毒了。,他中毒了。,
consultorio_medico,Consultório Médico,vocabulario,,,az-0303,m6-estar-enjoado,,,estar enjoado(a),to feel nauseous,感到恶心,感到噁心,Ele está enjoado. Ela está enjoada.,He feels nauseous. She feels nauseous.,他觉得恶心。她觉得恶心。,他覺得噁心。她覺得噁心。,
consultorio_medico,Consultório Médico,vocabulario,,,az-0307,m6-sentir-se-cansado,,,sentir-se cansado(a),to feel tired,感到疲倦,感到疲倦,Ele sente-se cansado. Ela sente-se cansada.,He feels tired. She feels tired.,他觉得累。她觉得累。,他覺得累。她覺得累。,
consultorio_medico,Consultório Médico,vocabulario,,,az-0308,m6-sem-forcas,,,sem forças,weak,虚弱的,虛弱的,Estou sem forças.,I have no strength.,我没有力气。,我沒有力氣。,
consultorio_medico,Consultório Médico,vocabulario,,,az-0349,m6-tonto,,,tonto(a),dizzy,晕眩的,暈眩的,Sinto-me tonto. Sinto-me tonta.,I feel dizzy.,我觉得头晕。,我覺得頭暈。,
consultorio_medico,Consultório Médico,vocabulario,,,az-0344,m6-peito,noun,m,o peito,chest,胸部,胸部,Dói-te o peito?,Does your chest hurt?,你胸口疼吗？,你胸口痛嗎？,
consultorio_medico,Consultório Médico,vocabulario,,,az-0345,m6-ouvidos,noun,m-pl,os ouvidos,ears,耳朵,耳朵,Doem-me os ouvidos.,My ears hurt.,我耳朵疼。,我耳朵痛。,
consultorio_medico,Consultório Médico,vocabulario,,,az-0346,m6-estomago,noun,m,o estômago,stomach,胃,胃,Dói-me o estômago.,My stomach hurts.,我胃疼。,我胃痛。,
consultorio_medico,Consultório Médico,vocabulario,,,az-0284,m6-hospital,noun,m,o hospital,hospital,医院,醫院,Vou ao hospital.,I am going to the hospital.,我去医院。,我去醫院。,
consultorio_medico,Consultório Médico,vocabulario,,,az-0285,m6-centro-de-saude,noun,m,o Centro de Saúde,health centre,健康中心/社区诊所,健康中心/社區診所,Vou ao Centro de Saúde da minha área.,I am going to the health centre in my area.,我去我所在区域的健康中心。,我去我所在區域的健康中心。,
consultorio_medico,Consultório Médico,vocabulario,,,az-0286,m6-usf,noun,f,a USF,family health unit,家庭保健单位,家庭健康單位,A USF é uma Unidade de Saúde Familiar.,The USF is a Family Health Unit.,USF 是家庭健康单位。,USF 是家庭健康單位。,
consultorio_medico,Consultório Médico,vocabulario,,,az-0292,m6-medico-de-familia,,,médico(a) de família,family doctor,家庭医生,家庭醫生,Marco consulta com o médico de família.,I make an appointment with the family doctor.,我和家庭医生预约看诊。,我和家庭醫生預約看診。,
consultorio_medico,Consultório Médico,vocabulario,,,az-0294,m6-medir-a-tensao,,,medir a tensão,to measure blood pressure,测量血压,測量血壓,A enfermeira vai medir a tensão.,The nurse is going to measure the blood pressure.,护士将测量血压。,護士將量血壓。,
consultorio_medico,Consultório Médico,vocabulario,,,az-0295,m6-fazer-uma-radiografia,,,fazer uma radiografia,to have an X-ray,照X光,照X光,Tenho de fazer uma radiografia.,I have to have an X-ray.,我得拍一张 X 光片。,我得照一張 X 光片。,
consultorio_medico,Consultório Médico,vocabulario,,,az-0296,m6-fazer-analises,,,fazer análises,to have tests,做化验/做检查,做化驗/做檢查,Deve fazer análises.,You should have tests done.,您应该做化验。,您應該做化驗。,
consultorio_medico,Consultório Médico,vocabulario,,,az-0873,situacao-o-raio-x,noun,m,o raio-X,X-ray,X光,X光,,,,,
consultorio_medico,Consultório Médico,vocabulario,,,az-0874,situacao-a-analise-ao-sangue,noun,f,a análise ao sangue,blood test,验血,驗血,,,,,
consultorio_medico,Consultório Médico,vocabulario,,,az-0877,situacao-o-medico-especialista,noun,m,o médico especialista,specialist doctor,专科医生,專科醫生,,,,,
consultorio_medico,Consultório Médico,vocabulario,,,az-0878,situacao-o-encaminhamento-a-referenciacao,noun,m,o encaminhamento / a referenciação,referral,转诊,轉診,,,,,GP referral needed for SNS specialists
consultorio_medico,Consultório Médico,dialogo,,419,dialogo-consultorio_medico-bom-dia-o-que-o-traz-ca-hoje,,,,Bom dia. O que o traz cá hoje?,Good morning. What brings you in today?,早上好。今天哪里不舒服？,早晨。今天哪裡不舒服？,,,,,
consultorio_medico,Consultório Médico,dialogo,,420,dialogo-consultorio_medico-tenho-uma-dor-no-peito-desde-ontem,,,,Tenho uma dor no peito desde ontem.,I've had chest pain since yesterday.,我从昨天起胸痛。,我從昨天起胸口痛。,,,,,
consultorio_medico,Consultório Médico,dialogo,,421,dialogo-consultorio_medico-a-dor-e-constante-ou-vai-e-vem,,,,A dor é constante ou vai e vem?,"Is the pain constant, or does it come and go?",疼痛是持续的还是间歇的？,疼痛是持續的還是間歇的？,,,,,
consultorio_medico,Consultório Médico,dialogo,,422,dialogo-consultorio_medico-vai-e-vem-e-piora-quando-respiro-fundo,,,,Vai e vem e piora quando respiro fundo.,It comes and goes and gets worse when I breathe deeply.,时有时无，深呼吸时更痛。,時有時無，深呼吸時更痛。,,,,,
consultorio_medico,Consultório Médico,dialogo,,423,dialogo-consultorio_medico-tem-febre-tosse-ou-falta-de-ar,,,,"Tem febre, tosse ou falta de ar?","Do you have a fever, cough, or shortness of breath?",有发烧、咳嗽或呼吸困难吗？,有發燒、咳嗽或呼吸困難嗎？,,,,,
consultorio_medico,Consultório Médico,dialogo,,424,dialogo-consultorio_medico-tenho-tosse-mas-nao-tenho-febre,,,,"Tenho tosse, mas não tenho febre.","I have a cough, but no fever.",我咳嗽，但没有发烧。,我咳嗽，但沒有發燒。,,,,,
consultorio_medico,Consultório Médico,dialogo,,425,dialogo-consultorio_medico-vou-examina-lo-e-pedir-uma-radiografia,,,,Vou examiná-lo e pedir uma radiografia.,I'm going to examine you and request an X-ray.,我会为您检查并安排X光。,我會為您檢查並安排X光。,,,,,
consultorio_medico,Consultório Médico,dialogo,,426,dialogo-consultorio_medico-quando-devo-voltar-para-mostrar-o-resultado,,,,Quando devo voltar para mostrar o resultado?,When should I come back to show you the result?,我什么时候回来给您看结果？,我甚麼時候回來給您看結果？,,,,,
consultorio_medico,Consultório Médico,dialogo,expanded real-world coverage,639,dialogo-consultorio_medico-tambem-queria-falar-da-minha-filha-tem-febre-desde-esta-manha,,,,Também queria falar da minha filha. Tem febre desde esta manhã.,I would also like to discuss my daughter. She has had a fever since this morning.,我还想咨询女儿的情况。她从今天早上开始发烧。,我還想問女兒的情況。她由今天早上開始發燒。,,,,,
consultorio_medico,Consultório Médico,dialogo,expanded real-world coverage,640,dialogo-consultorio_medico-que-idade-tem-e-qual-foi-a-temperatura-mais-alta,,,,Que idade tem e qual foi a temperatura mais alta?,"How old is she, and what was the highest temperature?",她几岁？最高体温是多少？,她幾歲？最高體溫是多少？,,,,,
consultorio_medico,Consultório Médico,dialogo,expanded real-world coverage,641,dialogo-consultorio_medico-tem-quatro-anos-e-chegou-aos-trinta-e-nove-graus,,,,Tem quatro anos e chegou aos trinta e nove graus.,"She is four, and it reached thirty-nine degrees.",她四岁，体温最高到三十九度。,她四歲，體溫最高到三十九度。,,,,,
consultorio_medico,Consultório Médico,dialogo,expanded real-world coverage,642,dialogo-consultorio_medico-esta-a-beber-liquidos-e-a-urinar-normalmente,,,,Está a beber líquidos e a urinar normalmente?,Is she drinking fluids and urinating normally?,她喝水和排尿正常吗？,她飲水和小便正常嗎？,,,,,
consultorio_medico,Consultório Médico,dialogo,expanded real-world coverage,643,dialogo-consultorio_medico-bebe-pouco-e-diz-que-lhe-doi-o-ouvido,,,,Bebe pouco e diz que lhe dói o ouvido.,She drinks very little and says her ear hurts.,她喝得很少，还说耳朵痛。,她飲得很少，還說耳朵痛。,,,,,
consultorio_medico,Consultório Médico,dialogo,expanded real-world coverage,644,dialogo-consultorio_medico-vou-observar-o-ouvido-e-pesar-a-crianca-antes-de-indicar-a-dose,,,,Vou observar o ouvido e pesar a criança antes de indicar a dose.,I will examine her ear and weigh her before advising the dose.,我会检查耳朵并先称体重，再确定剂量。,我會檢查耳朵並先量體重，再確定劑量。,,,,,
consultorio_medico,Consultório Médico,dialogo,expanded real-world coverage,645,dialogo-consultorio_medico-se-a-febre-subir-durante-a-noite-o-que-devo-fazer,,,,"Se a febre subir durante a noite, o que devo fazer?",What should I do if the fever rises during the night?,如果夜里体温升高，我该怎么办？,如果夜間體溫升高，我應該怎麼辦？,,,,,
consultorio_medico,Consultório Médico,dialogo,expanded real-world coverage,646,dialogo-consultorio_medico-ligue-para-o-sns-24-se-tiver-dificuldade-em-respirar-procure-ajuda-urgente,,,,"Ligue para o SNS 24; se tiver dificuldade em respirar, procure ajuda urgente.","Call SNS 24; if she has difficulty breathing, seek urgent help.",请致电 SNS 24；如果呼吸困难，请立即求助。,請致電 SNS 24；如果呼吸困難，請立即求助。,,,,,
consultorio_medico,Consultório Médico,dialogo,expanded real-world coverage,647,dialogo-consultorio_medico-o-medicamento-deve-ser-dado-antes-ou-depois-de-comer,,,,O medicamento deve ser dado antes ou depois de comer?,Should the medicine be given before or after food?,这种药要饭前还是饭后服用？,這種藥要餐前還是餐後服用？,,,,,
consultorio_medico,Consultório Médico,dialogo,expanded real-world coverage,648,dialogo-consultorio_medico-pode-dar-depois-de-uma-refeicao-leve-e-respeitar-o-intervalo-indicado,,,,Pode dar depois de uma refeição leve e respeitar o intervalo indicado.,You can give it after a light meal and follow the stated interval.,可以在少量进食后服用，并遵守规定的间隔。,可以在少量進食後服用，並遵守指定的間隔。,,,,,
consultorio_medico,Consultório Médico,dialogo,expanded real-world coverage,649,dialogo-consultorio_medico-quando-devemos-voltar-para-ser-reavaliada,,,,Quando devemos voltar para ser reavaliada?,When should we come back for reassessment?,我们什么时候需要回来复诊？,我們甚麼時候需要回來覆診？,,,,,
consultorio_medico,Consultório Médico,dialogo,expanded real-world coverage,650,dialogo-consultorio_medico-voltem-se-nao-melhorar-em-quarenta-e-oito-horas-ou-se-surgir-outro-sintoma,,,,Voltem se não melhorar em quarenta e oito horas ou se surgir outro sintoma.,Come back if she does not improve within forty-eight hours or develops another symptom.,如果四十八小时内没有好转或出现其他症状，请回来复诊。,如果四十八小時內沒有好轉或出現其他症狀，請回來覆診。,,,,,
consultorio_medico,Consultório Médico,cartao,,277,cartao-consultorio_medico-tenho-esta-dor-ha-tres-dias,,,,Tenho esta dor há três dias.,I've had this pain for three days.,我已经痛了三天。,我已經痛了三天。,,,,,
consultorio_medico,Consultório Médico,cartao,,278,cartao-consultorio_medico-a-dor-piora-quando-respiro,,,,A dor piora quando respiro.,The pain gets worse when I breathe.,呼吸时疼痛加重。,呼吸時疼痛加重。,,,,,
consultorio_medico,Consultório Médico,cartao,,279,cartao-consultorio_medico-estou-a-tomar-este-medicamento,,,,Estou a tomar este medicamento.,I'm taking this medicine.,我正在服用这种药。,我正在服用這種藥。,,,,,
consultorio_medico,Consultório Médico,cartao,,280,cartao-consultorio_medico-sou-alergico-a-penicilina,,,,Sou alérgico a penicilina.,I'm allergic to penicillin.,我对青霉素过敏。,我對盤尼西林敏感。,,,,,
consultorio_medico,Consultório Médico,cartao,,281,cartao-consultorio_medico-quando-devo-voltar,,,,Quando devo voltar?,When should I come back?,我什么时候再来？,我甚麼時候再來？,,,,,
consultorio_medico,Consultório Médico,cartao,useful situation example,576,cartao-consultorio_medico-pode-dar-me-informacoes-sobre-o-raio-x,,,,Pode dar-me informações sobre o raio-X?,Could you give me information about X-ray?,可以告诉我有关X光的信息吗？,可以告訴我有關X光的資訊嗎？,,,,,
consultorio_medico,Consultório Médico,cartao,useful situation example,577,cartao-consultorio_medico-preciso-de-esclarecer-uma-duvida-sobre-a-analise-ao-sangue,,,,Preciso de esclarecer uma dúvida sobre a análise ao sangue.,I have a question about blood test.,我需要咨询有关验血的问题。,我需要查詢有關驗血的問題。,,,,,
consultorio_medico,Consultório Médico,cartao,useful situation example,578,cartao-consultorio_medico-com-quem-devo-falar-sobre-o-medico-especialista,,,,Com quem devo falar sobre o médico especialista?,Who should I speak to about specialist doctor?,关于专科医生，我应该和谁联系？,關於專科醫生，我應該聯絡誰？,,,,,
consultorio_medico,Consultório Médico,cartao,useful situation example,579,cartao-consultorio_medico-nao-de-medicamentos-sem-consultar-o-medico,,,,Não dê medicamentos sem consultar o médico.,Do not give medicines without consulting the doctor.,不要在未咨询医生的情况下给药。,不要在未諮詢醫生的情況下給藥。,,,,,
consultorio_medico,Consultório Médico,cartao,useful situation example,580,cartao-consultorio_medico-ha-quanto-tempo-esta-assim,,,,Há quanto tempo está assim?,How long have you been like this?,您这样多久了？,您這樣多久了？,,,,,
consultorio_medico,Consultório Médico,cartao,useful situation example,581,cartao-consultorio_medico-tenho-de-fazer-uma-radiografia,,,,Tenho de fazer uma radiografia.,I have to have an X-ray.,我得拍一张 X 光片。,我得照一張 X 光片。,,,,,
consultorio_medico,Consultório Médico,cartao,useful situation example,582,cartao-consultorio_medico-estou-no-consultorio-medico,,,,Estou no consultório médico.,I am at the doctor's office.,我在医生诊所。,我在醫生診所。,,,,,
consultorio_medico,Consultório Médico,cartao,useful situation example,583,cartao-consultorio_medico-ele-sente-se-cansado-ela-sente-se-cansada,,,,Sinto-me muito cansado/a.,I feel very tired.,我觉得很累。,我覺得很累。,,,,,
consultorio_medico,Consultório Médico,cartao,useful situation example,584,cartao-consultorio_medico-ele-esta-constipado-ela-esta-constipada,,,,Estou constipado/a.,I have a cold.,我感冒了。,我感冒了。,,,,,
consultorio_medico,Consultório Médico,cartao,useful situation example,585,cartao-consultorio_medico-marco-consulta-com-o-medico-de-familia,,,,Marco consulta com o médico de família.,I make an appointment with the family doctor.,我和家庭医生预约看诊。,我和家庭醫生預約看診。,,,,,
consultorio_medico,Consultório Médico,cartao,useful situation example,586,cartao-consultorio_medico-a-usf-e-uma-unidade-de-saude-familiar,,,,Esta é a minha Unidade de Saúde Familiar.,This is my Family Health Unit.,这是我的家庭健康中心。,這是我的家庭健康中心。,,,,,
consultorio_medico,Consultório Médico,cartao,useful situation example,587,cartao-consultorio_medico-vou-ao-centro-de-saude-da-minha-area,,,,Vou ao Centro de Saúde da minha área.,I am going to the health centre in my area.,我去我所在区域的健康中心。,我去我所在區域的健康中心。,,,,,
consultorio_medico,Consultório Médico,cartao,useful situation example,588,cartao-consultorio_medico-ele-esta-enjoado-ela-esta-enjoada,,,,Sinto-me enjoado/a.,I feel nauseous.,我觉得恶心。,我覺得噁心。,,,,,
consultorio_medico,Consultório Médico,cartao,useful situation example,589,cartao-consultorio_medico-a-enfermeira-vai-medir-a-tensao,,,,A enfermeira vai medir a tensão.,The nurse is going to measure the blood pressure.,护士将测量血压。,護士將量血壓。,,,,,
consultorio_medico,Consultório Médico,cartao,useful situation example,590,cartao-consultorio_medico-esta-com-tosse,,,,Está com tosse?,Do you have a cough?,您咳嗽吗？,您咳嗽嗎？,,,,,
convivio,Convívio,vocabulario,,,az-1161,situacao-o-convite,noun,m,o convite,invitation,邀请,邀請,"Aceito o convite, obrigado.","I accept the invitation, thank you.",我接受邀请，谢谢。,我接受邀請，謝謝。,
convivio,Convívio,vocabulario,,,az-1162,situacao-convidar,verb,,convidar,to invite,邀请,邀請,Vou convidar a Ana.,I'm going to invite Ana.,我要邀请Ana。,我要邀請Ana。,
convivio,Convívio,vocabulario,,,az-1163,situacao-combinar,verb,,combinar,to arrange to meet,约定,約定,Combinamos para sábado?,Shall we arrange for Saturday?,我们约周六好吗？,我們約週六好嗎？,
convivio,Convívio,vocabulario,,,az-0747,situacao-a-esplanada,noun,f,a esplanada,outdoor café terrace,露天座位,露天座位,Sentamo-nos na esplanada?,Shall we sit on the terrace?,我们坐露天座位好吗？,我們坐露天座位好嗎？,
convivio,Convívio,vocabulario,,,az-1164,situacao-o-aniversario,noun,m,o aniversário,birthday,生日,生日,O aniversário dele é hoje.,His birthday is today.,今天是他的生日。,今天是他的生日。,
convivio,Convívio,vocabulario,,,az-1165,situacao-os-parabens,noun,m-pl,os parabéns,congratulations / happy birthday,恭喜,恭喜,Dei-lhe os parabéns.,I congratulated him.,我向他道贺了。,我向他道賀了。,
convivio,Convívio,vocabulario,,,az-1166,situacao-a-festa,noun,f,a festa,party,派对,派對,A festa começa às nove.,The party starts at nine.,派对九点开始。,派對九點開始。,
convivio,Convívio,vocabulario,,,az-0160,,noun,f,a conta,bill,账单,帳單,"A conta, por favor.","The check, please.",请买单。,請買單。,
convivio,Convívio,vocabulario,,,az-1167,situacao-dividir-a-conta,,,dividir a conta,to split the bill,分摊账单,分攤帳單,Dividimos a conta a meias.,We split the bill halves.,我们对半分账单。,我們對半分帳單。,
convivio,Convívio,vocabulario,,,az-1168,situacao-oferecer,verb,,oferecer,to treat (pay for someone),请客,請客,Hoje ofereço eu.,Today I offer.,今天我请客。,今天我請客。,
convivio,Convívio,vocabulario,,,az-1169,situacao-brindar,verb,,brindar,to toast,举杯,舉杯,Brindámos ao aniversário.,We toasted the birthday.,我们为生日举杯。,我們為生日舉杯。,
convivio,Convívio,vocabulario,,,az-1170,situacao-saude,,,saúde!,cheers!,干杯,乾杯,Saúde! À nossa!,Health! Ours!,干杯！敬我们！,乾杯！敬我們！,
convivio,Convívio,vocabulario,,,az-1171,situacao-encontrar-se,verb,,encontrar-se,to meet up,见面,見面,Encontramo-nos às oito.,We meet at eight.,我们八点见面。,我們八點見面。,
convivio,Convívio,vocabulario,,,az-1172,situacao-chegar-atrasado,,,chegar atrasado,to arrive late,迟到,遲到,Ele chega sempre atrasado.,He always arrives late.,他总是迟到。,他總是遲到。,
convivio,Convívio,vocabulario,,,az-1173,situacao-o-atraso,noun,m,o atraso,lateness / delay,延误,延誤,Desculpa o atraso.,Sorry for the delay.,抱歉我迟到了。,抱歉我遲到了。,
convivio,Convívio,vocabulario,,,az-1174,situacao-desmarcar,verb,,desmarcar,to cancel (plans),取消约定,取消約定,Tive de desmarcar o café.,I had to cancel the coffee.,我只好取消喝咖啡的约。,我只好取消喝咖啡的約。,
convivio,Convívio,vocabulario,,,az-1175,situacao-adiar,verb,,adiar,to postpone,延期,延期,Podemos adiar para sexta?,Can we postpone it until Friday?,能改到周五吗？,能改到週五嗎？,
convivio,Convívio,vocabulario,,,az-1176,situacao-estar-livre,,,estar livre,to be free,有空,有空,Estou livre à tarde.,I'm free in the afternoon.,我下午有空。,我下午有空。,
convivio,Convívio,vocabulario,,,az-1177,situacao-estar-ocupado,,,estar ocupado,to be busy,忙碌,忙碌,Hoje estou muito ocupado.,Today I am very busy.,我今天很忙。,我今天很忙。,
convivio,Convívio,vocabulario,,,az-1178,situacao-apetecer,verb,,apetecer,to feel like,想要,想要,Apetece-me um gelado.,I feel like an ice cream.,我想吃冰淇淋。,我想吃冰淇淋。,
convivio,Convívio,vocabulario,,,az-1179,situacao-a-conversa,noun,f,a conversa,conversation,谈话,談話,A conversa foi boa.,The conversation was good.,聊得很愉快。,聊得很愉快。,
convivio,Convívio,vocabulario,,,az-0176,,verb,,conversar,to chat,聊天,聊天,Gosto de conversar contigo.,I like talking to you.,我喜欢和你聊天。,我喜歡和你聊天。,
convivio,Convívio,vocabulario,,,az-0441,,verb,,conhecer,to meet / get to know,认识,認識,Quero conhecer os teus amigos.,I want to meet your friends.,我想认识你的朋友。,我想認識你的朋友。,
convivio,Convívio,vocabulario,,,az-1180,situacao-apresentar,verb,,apresentar,to introduce,介绍,介紹,Apresento-te o Pedro.,Let me introduce you to Pedro.,我帮你介绍Pedro。,我幫你介紹Pedro。,
convivio,Convívio,vocabulario,,,az-1181,situacao-o-colega,noun,m,o colega,colleague,同事,同事,Vou com uma colega.,I'm going with a colleague.,我和一位同事一起去。,我和一位同事一起去。,
convivio,Convívio,vocabulario,,,az-1182,situacao-a-piada,noun,f,a piada,joke,笑话,笑話,Que piada tão boa!,What a good joke!,这笑话真好笑！,這笑話真好笑！,
convivio,Convívio,vocabulario,,,az-1183,situacao-rir,verb,,rir,to laugh,笑,笑,Rimos a noite toda.,We laughed all night.,我们笑了一整晚。,我們笑了一整晚。,
convivio,Convívio,vocabulario,,,az-0207,,verb,,divertir-se,to have fun,玩得开心,玩得開心,Divertimo-nos imenso ontem.,We had a lot of fun yesterday.,我们昨天玩得超开心。,我們昨天玩得超開心。,
convivio,Convívio,vocabulario,,,az-1184,situacao-o-encontro,noun,m,o encontro,get-together,聚会,聚會,O encontro é no café.,The meeting is at the cafe.,聚会在咖啡馆。,聚會在咖啡館。,
convivio,Convívio,vocabulario,,,az-1185,situacao-a-rodada,noun,f,a rodada,round (of drinks),一轮酒,一輪酒,Esta rodada é minha.,This round is mine.,这轮酒我请。,這輪酒我請。,
convivio,Convívio,vocabulario,,,az-1186,situacao-pagar,verb,,pagar,to pay,付钱,付錢,"Deixa, pago eu.","Leave it, I'll pay.",别抢，我来付。,別搶，我來付。,
convivio,Convívio,vocabulario,,,az-1187,situacao-o-brinde,noun,m,o brinde,toast (raising glasses),祝酒,祝酒,Fizemos um brinde à Rita.,We toasted Rita.,我们为Rita举杯。,我們為Rita舉杯。,
convivio,Convívio,dialogo,,338,dialogo-convivio-ola-entao-tudo-bem,,,,"Olá! Então, tudo bem?","Hi! So, how's it going?",嗨！最近好吗？,嗨！最近好嗎？,,,,,
convivio,Convívio,dialogo,,339,dialogo-convivio-tudo-e-contigo,,,,"Tudo, e contigo?","Good, and you?",挺好的，你呢？,挺好的，你呢？,,,,,
convivio,Convívio,dialogo,,340,dialogo-convivio-tambem-ha-quanto-tempo,,,,Também. Há quanto tempo!,Me too. Long time no see!,我也是。好久不见！,我也是。好久不見！,,,,,
convivio,Convívio,dialogo,,341,dialogo-convivio-pois-e-temos-de-combinar-algo,,,,Pois é! Temos de combinar algo.,Right! We should make plans.,对啊！我们该约一下。,對啊！我們該約一下。,,,,,
convivio,Convívio,dialogo,,342,dialogo-convivio-queres-ir-tomar-um-cafe-amanha,,,,Queres ir tomar um café amanhã?,Want to grab a coffee tomorrow?,明天去喝咖啡吗？,明天去喝咖啡嗎？,,,,,
convivio,Convívio,dialogo,,343,dialogo-convivio-amanha-nao-posso-estou-ocupado,,,,"Amanhã não posso, estou ocupado.","I can't tomorrow, I'm busy.",明天不行，我很忙。,明天不行，我很忙。,,,,,
convivio,Convívio,dialogo,,344,dialogo-convivio-e-no-sabado-a-tarde,,,,E no sábado à tarde?,What about Saturday afternoon?,那周六下午呢？,那週六下午呢？,,,,,
convivio,Convívio,dialogo,,345,dialogo-convivio-no-sabado-estou-livre-onde,,,,No sábado estou livre. Onde?,I'm free on Saturday. Where?,周六有空。在哪？,週六有空。在哪？,,,,,
convivio,Convívio,dialogo,,346,dialogo-convivio-naquela-esplanada-perto-do-rio,,,,Naquela esplanada perto do rio?,At that terrace café near the river?,河边那家露天咖啡座？,河邊那家露天咖啡座？,,,,,
convivio,Convívio,dialogo,,347,dialogo-convivio-boa-ideia-as-quatro,,,,Boa ideia. Às quatro?,Good idea. At four?,好主意。四点？,好主意。四點？,,,,,
convivio,Convívio,dialogo,,348,dialogo-convivio-perfeito-posso-levar-uma-colega,,,,Perfeito. Posso levar uma colega?,Perfect. Can I bring a colleague?,好。我能带同事吗？,好。我能帶同事嗎？,,,,,
convivio,Convívio,dialogo,,349,dialogo-convivio-claro-quantos-mais-melhor,,,,"Claro! Quantos mais, melhor.",Sure! The more the merrier.,当然！人越多越好。,當然！人越多越好。,,,,,
convivio,Convívio,dialogo,,350,dialogo-convivio-se-chegares-atrasado-avisa,,,,"Se chegares atrasado, avisa.","If you're running late, let me know.",要迟到就说一声。,要遲到就說一聲。,,,,,
convivio,Convívio,dialogo,,351,dialogo-convivio-prometo-e-os-cafes-pago-eu,,,,Prometo. E os cafés pago eu.,Promise. And the coffees are on me.,好。咖啡我请。,好。咖啡我請。,,,,,
convivio,Convívio,dialogo,,352,dialogo-convivio-entao-a-proxima-e-minha,,,,Então a próxima é minha.,Then the next one's on me.,那下次我请。,那下次我請。,,,,,
convivio,Convívio,dialogo,,353,dialogo-convivio-combinado-ate-sabado,,,,Combinado. Até sábado!,Deal. See you Saturday!,说定了。周六见！,說定了。週六見！,,,,,
convivio,Convívio,dialogo,expanded real-world coverage,600,dialogo-convivio-queres-que-leve-alguma-coisa-para-o-lanche,,,,Queres que leve alguma coisa para o lanche?,Would you like me to bring something for the snack?,要我带点什么来吃吗？,要我帶點甚麼來吃嗎？,,,,,
convivio,Convívio,dialogo,expanded real-world coverage,601,dialogo-convivio-traz-fruta-se-puderes-eu-levo-sandes-e-agua,,,,"Traz fruta, se puderes. Eu levo sandes e água.",Bring some fruit if you can. I will bring sandwiches and water.,可以的话带些水果。我带三明治和水。,可以的話帶些水果。我帶三文治和水。,,,,,
convivio,Convívio,dialogo,expanded real-world coverage,602,dialogo-convivio-esta-combinado-manda-me-a-localizacao-quando-chegares,,,,Está combinado. Manda-me a localização quando chegares.,Agreed. Send me the location when you arrive.,说好了。你到了以后把位置发给我。,說好了。你到了之後把位置傳給我。,,,,,
convivio,Convívio,dialogo,expanded real-world coverage,603,dialogo-convivio-mando-sim-ate-sabado,,,,"Mando, sim. Até sábado!",I will. See you on Saturday!,好的，星期六见！,好的，星期六見！,,,,,
convivio,Convívio,cartao,,203,cartao-convivio-entao-tudo-bem,,,,"Então, tudo bem?","So, how's it going?",最近好吗？,最近好嗎？,,,,,
convivio,Convívio,cartao,,204,cartao-convivio-ha-quanto-tempo,,,,Há quanto tempo!,Long time no see!,好久不见！,好久不見！,,,,,
convivio,Convívio,cartao,,205,cartao-convivio-queres-ir-tomar-um-cafe,,,,Queres ir tomar um café?,Want to grab a coffee?,要去喝咖啡吗？,要去喝咖啡嗎？,,,,,
convivio,Convívio,cartao,,206,cartao-convivio-estas-livre-no-sabado,,,,Estás livre no sábado?,Are you free on Saturday?,你周六有空吗？,你週六有空嗎？,,,,,
convivio,Convívio,cartao,,207,cartao-convivio-apetece-te-jantar-fora,,,,Apetece-te jantar fora?,Feel like eating out?,想出去吃晚餐吗？,想出去吃晚餐嗎？,,,,,
convivio,Convívio,cartao,,208,cartao-convivio-onde-nos-encontramos,,,,Onde nos encontramos?,Where shall we meet?,我们在哪见面？,我們在哪見面？,,,,,
convivio,Convívio,cartao,,209,cartao-convivio-a-que-horas-combinamos,,,,A que horas combinamos?,What time shall we say?,约几点？,約幾點？,,,,,
convivio,Convívio,cartao,,210,cartao-convivio-desculpa-o-atraso,,,,Desculpa o atraso.,Sorry I'm late.,抱歉迟到了。,抱歉遲到了。,,,,,
convivio,Convívio,cartao,,211,cartao-convivio-tenho-de-desmarcar-desculpa,,,,"Tenho de desmarcar, desculpa.","I have to cancel, sorry.",抱歉，我得取消。,抱歉，我得取消。,,,,,
convivio,Convívio,cartao,,212,cartao-convivio-fica-para-a-proxima,,,,Fica para a próxima.,"Next time, then.",下次再约。,下次再約。,,,,,
convivio,Convívio,cartao,,213,cartao-convivio-eu-ofereco,,,,Eu ofereço!,My treat!,我请客！,我請客！,,,,,
convivio,Convívio,cartao,,214,cartao-convivio-vamos-dividir-a-conta,,,,Vamos dividir a conta?,Shall we split the bill?,我们分摊吧？,我們分攤吧？,,,,,
convivio,Convívio,cartao,,215,cartao-convivio-parabens,,,,Parabéns!,Happy birthday! / Congratulations!,恭喜！,恭喜！,,,,,
convivio,Convívio,cartao,,216,cartao-convivio-saude,,,,Saúde!,Cheers!,干杯！,乾杯！,,,,,
convivio,Convívio,cartao,,217,cartao-convivio-diverti-me-muito,,,,Diverti-me muito.,I had a great time.,我玩得很开心。,我玩得很開心。,,,,,
convivio,Convívio,cartao,,218,cartao-convivio-ate-a-proxima,,,,Até à próxima!,See you next time!,下次见！,下次見！,,,,,
convivio,Convívio,cartao,useful situation example,530,cartao-convivio-sentamo-nos-na-esplanada,,,,Sentamo-nos na esplanada?,Shall we sit on the terrace?,我们坐露天座位好吗？,我們坐露天座位好嗎？,,,,,
convivio,Convívio,cartao,useful situation example,531,cartao-convivio-podemos-adiar-para-sexta,,,,Podemos adiar para sexta?,Can we postpone it until Friday?,能改到周五吗？,能改到週五嗎？,,,,,
convivio,Convívio,cartao,useful situation example,532,cartao-convivio-quero-conhecer-os-teus-amigos,,,,Quero conhecer os teus amigos.,I want to meet your friends.,我想认识你的朋友。,我想認識你的朋友。,,,,,
convivio,Convívio,cartao,useful situation example,533,cartao-convivio-combinamos-para-sabado,,,,Combinamos para sábado?,Shall we arrange for Saturday?,我们约周六好吗？,我們約週六好嗎？,,,,,
correios,Correios,vocabulario,,,az-0627,situacao-os-correios-os-ctt,noun,m-pl,os correios / os CTT,the post office / CTT,邮局（CTT）,郵局（CTT）,,,,,
correios,Correios,vocabulario,,,az-0233,,noun,f,a carta registada,registered letter,挂号信,掛號信,,,,,How official documents usually arrive
correios,Correios,vocabulario,,,az-0628,situacao-o-aviso-de-rececao,noun,m,o aviso de receção,proof of delivery (return receipt),回执（签收证明）,回執（簽收證明）,,,,,
correios,Correios,vocabulario,,,az-0222,,noun,f,a encomenda,parcel,包裹,包裹,,,,,
correios,Correios,vocabulario,,,az-0629,situacao-levantar-uma-encomenda,,,levantar uma encomenda,to collect a parcel,领取包裹,領取包裹,,,,,
correios,Correios,vocabulario,,,az-0630,situacao-o-aviso-de-levantamento,noun,m,o aviso de levantamento,collection notice (left in mailbox),取件通知单,取件通知單,,,,,
correios,Correios,vocabulario,,,az-0631,situacao-o-codigo-de-rastreio,noun,m,o código de rastreio,tracking number,追踪編号,追蹤編號,,,,,
correios,Correios,vocabulario,,,az-0632,situacao-o-selo,noun,m,o selo,stamp,邮票,郵票,,,,,
correios,Correios,vocabulario,,,az-0633,situacao-o-correio-azul,noun,m,o correio azul,priority mail,蓝色优先邮件（快件）,藍色優先郵件（快件）,,,,,
correios,Correios,vocabulario,,,az-0634,situacao-enviar-para-o-estrangeiro,,,enviar para o estrangeiro,to send abroad,寄往國外,寄往國外,,,,,
correios,Correios,vocabulario,,,az-0635,situacao-a-caixa-de-correio,noun,f,a caixa de correio,mailbox,信箱,信箱,,,,,
correios,Correios,vocabulario,,,az-0636,situacao-o-remetente-o-destinatario,noun,m,o remetente / o destinatário,sender / recipient,寄件人／收件人,寄件人／收件人,,,,,
correios,Correios,vocabulario,,,az-0827,situacao-o-envelope,noun,m,o envelope,envelope,信封,信封,,,,,
correios,Correios,vocabulario,,,az-0828,situacao-a-caixa-a-embalagem,noun,f,a caixa / a embalagem,box / packaging,纸箱／包装,紙箱／包裝,,,,,
correios,Correios,vocabulario,,,az-0829,situacao-pesar,,,pesar,to weigh,稱重,稱重,,,,,
correios,Correios,vocabulario,,,az-0830,situacao-o-peso,noun,m,o peso,weight,重量,重量,,,,,
correios,Correios,vocabulario,,,az-0831,situacao-fragil,,,frágil,fragile,易碎,易碎,,,,,
correios,Correios,vocabulario,,,az-0832,situacao-o-correio-normal,noun,m,o correio normal,standard mail,平邮,平郵,,,,,
correios,Correios,vocabulario,,,az-0833,situacao-o-correio-expresso,noun,m,o correio expresso,express mail,快递,快遞,,,,,
correios,Correios,vocabulario,,,az-0834,situacao-o-prazo-de-entrega,noun,m,o prazo de entrega,delivery time,送达时间,送達時間,,,,,
correios,Correios,vocabulario,,,az-0835,situacao-a-alfandega,noun,f,a alfândega,customs,海关,海關,,,,,Parcels from outside the EU often get held here
correios,Correios,vocabulario,,,az-0836,situacao-a-taxa-alfandegaria,noun,f,a taxa alfandegária,customs fee,关税,關稅,,,,,
correios,Correios,vocabulario,,,az-0837,situacao-o-formulario-aduaneiro,noun,m,o formulário aduaneiro,customs form,報关单,報關單,,,,,
correios,Correios,vocabulario,,,az-0838,situacao-a-segunda-tentativa-de-entrega,noun,f,a segunda tentativa de entrega,second delivery attempt,第二次派送,第二次派送,,,,,
correios,Correios,vocabulario,,,az-0839,situacao-o-cacifo-o-locker,noun,m,o cacifo / o locker,parcel locker,快递柜,快遞櫃,,,,,
correios,Correios,vocabulario,,,az-0840,situacao-reencaminhar,,,reencaminhar,to forward (mail),转寄,轉寄,,,,,
correios,Correios,vocabulario,,,az-0841,situacao-devolver-ao-remetente,,,devolver ao remetente,to return to sender,退回寄件人,退回寄件人,,,,,
correios,Correios,vocabulario,,,az-0842,situacao-a-entrega-ao-domicilio,noun,f,a entrega ao domicílio,home delivery,送货上门,送貨上門,,,,,
correios,Correios,vocabulario,,,az-0843,situacao-a-assinatura-na-entrega,noun,f,a assinatura na entrega,signature on delivery,签收,簽收,,,,,
correios,Correios,vocabulario,,,az-0844,situacao-o-vale-postal,noun,m,o vale postal,postal money order,邮政汇票,郵政匯票,,,,,
correios,Correios,vocabulario,,,az-0845,situacao-levantar-na-loja,,,levantar na loja,to collect in store,到店自取,到店自取,,,,,
correios,Correios,vocabulario,,,az-0846,situacao-o-horario-de-funcionamento,noun,m,o horário de funcionamento,opening hours,營业时间,營業時間,,,,,
correios,Correios,dialogo,,16,dialogo-correios-boa-tarde-queria-enviar-esta-carta-registada-com-aviso,,,,"Boa tarde, queria enviar esta carta registada com aviso de receção.","Good afternoon, I'd like to send this letter registered with proof of delivery.",下午好，我想寄这封挂号信，要带回执。,下午好，我想寄這封掛號信，要帶回執。,,,,,
correios,Correios,dialogo,,17,dialogo-correios-para-portugal-ou-para-o-estrangeiro,,,,Para Portugal ou para o estrangeiro?,Within Portugal or abroad?,寄葡萄牙國内还是國外？,寄葡萄牙國內還是國外？,,,,,
correios,Correios,dialogo,,18,dialogo-correios-para-a-china-quanto-tempo-demora,,,,Para a China. Quanto tempo demora?,To China. How long does it take?,寄中國。需要多久？,寄中國。需要多久？,,,,,
correios,Correios,dialogo,,19,dialogo-correios-em-correio-azul-cerca-de-uma-semana-aqui-tem-o-codigo-,,,,"Em correio azul, cerca de uma semana. Aqui tem o código de rastreio.","By priority mail, about a week. Here's your tracking number.",用优先邮件大约一周。这是您的追踪編号。,用優先郵件大約一週。這是您的追蹤編號。,,,,,
correios,Correios,dialogo,,20,dialogo-correios-tambem-vim-levantar-uma-encomenda-tenho-este-aviso,,,,Também vim levantar uma encomenda. Tenho este aviso.,I've also come to collect a parcel. I have this notice.,我还要领一个包裹，我有这张取件通知。,我還要領一個包裹，我有這張取件通知。,,,,,
correios,Correios,dialogo,,21,dialogo-correios-pode-mostrar-um-documento-de-identificacao,,,,Pode mostrar um documento de identificação?,Could you show me some ID?,可以出示一下证件吗？,可以出示一下證件嗎？,,,,,
correios,Correios,dialogo,,22,dialogo-correios-claro-aqui-esta-o-meu-titulo-de-residencia,,,,"Claro, aqui está o meu título de residência.","Of course, here's my residence permit.",当然，这是我的居留证。,當然，這是我的居留證。,,,,,
correios,Correios,dialogo,,143,dialogo-correios-boa-tarde-a-minha-encomenda-esta-retida-na-alfandega,,,,"Boa tarde, a minha encomenda está retida na alfândega.","Good afternoon, my parcel is held at customs.",下午好，我的包裹被海关扣了。,下午好，我的包裹被海關扣了。,,,,,
correios,Correios,dialogo,,144,dialogo-correios-tem-o-numero-de-rastreio-e-a-notificacao,,,,Tem o número de rastreio e a notificação?,Do you have the tracking number and the notification?,您有追踪編号和通知单吗？,您有追蹤編號和通知單嗎？,,,,,
correios,Correios,dialogo,,145,dialogo-correios-tenho-quanto-tenho-de-pagar-de-taxa,,,,Tenho. Quanto tenho de pagar de taxa?,I do. How much do I have to pay in fees?,有。我需要缴多少费用？,有。我需要繳多少費用？,,,,,
correios,Correios,dialogo,,146,dialogo-correios-sao-15-euros-de-taxa-alfandegaria-mais-o-iva,,,,São 15 euros de taxa alfandegária mais o IVA.,It's 15 euros customs fee plus VAT.,关税15欧元，另加增值税。,關稅15歐元，另加增值稅。,,,,,
correios,Correios,dialogo,,147,dialogo-correios-posso-pagar-online-ou-tem-de-ser-aqui,,,,Posso pagar online ou tem de ser aqui?,Can I pay online or does it have to be here?,可以在线缴费还是必须來这里？,可以在線繳費還是必須來這裡？,,,,,
correios,Correios,dialogo,,148,dialogo-correios-pode-pagar-online-depois-a-entrega-segue-normalmente,,,,Pode pagar online — depois a entrega segue normalmente.,You can pay online — then delivery proceeds normally.,可以在线缴费——之后正常派送。,可以在線繳費——之後正常派送。,,,,,
correios,Correios,dialogo,,149,dialogo-correios-perdi-a-entrega-de-ontem-o-que-faco,,,,Perdi a entrega de ontem. O que faço?,I missed yesterday's delivery. What do I do?,我昨天没赶上派送。该怎么办？,我昨天沒趕上派送。該怎麼辦？,,,,,
correios,Correios,dialogo,,150,dialogo-correios-ha-uma-segunda-tentativa-amanha-ou-pode-levantar-na-lo,,,,"Há uma segunda tentativa amanhã, ou pode levantar na loja.","There's a second attempt tomorrow, or you can collect in store.",明天有第二次派送，或者您可以到店自取。,明天有第二次派送，或者您可以到店自取。,,,,,
correios,Correios,dialogo,,151,dialogo-correios-prefiro-o-cacifo-e-possivel,,,,Prefiro o cacifo — é possível?,I'd prefer the locker — is that possible?,我更想用快递柜——可以吗？,我更想用快遞櫃——可以嗎？,,,,,
correios,Correios,dialogo,,152,dialogo-correios-sim-altere-na-app-com-o-codigo-de-rastreio,,,,"Sim, altere na app com o código de rastreio.","Yes, change it in the app with the tracking number.",可以，在应用里用追踪編号修改。,可以，在應用裡用追蹤編號修改。,,,,,
correios,Correios,dialogo,,153,dialogo-correios-quanto-tempo-fica-no-cacifo,,,,Quanto tempo fica no cacifo?,How long does it stay in the locker?,包裹在快递柜里放多久？,包裹在快遞櫃裡放多久？,,,,,
correios,Correios,dialogo,,154,dialogo-correios-tres-dias-uteis-recebe-um-codigo-por-sms,,,,Três dias úteis. Recebe um código por SMS.,Three working days. You'll get a code by SMS.,三个工作日。您会收到短信取件码。,三個工作日。您會收到短信取件碼。,,,,,
correios,Correios,dialogo,expanded real-world coverage,527,dialogo-correios-passado-esse-prazo-a-encomenda-regressa-a-loja-dos-ctt,,,,"Passado esse prazo, a encomenda regressa à loja dos CTT.","After that deadline, the parcel returns to the CTT post office.",超过期限后，包裹会退回 CTT 邮局。,超過期限後，包裹會退回 CTT 郵局。,,,,,
correios,Correios,cartao,,12,cartao-correios-queria-enviar-esta-carta-registada,,,,Queria enviar esta carta registada.,I'd like to send this letter by registered mail.,我想寄这封挂号信。,我想寄這封掛號信。,,,,,
correios,Correios,cartao,,13,cartao-correios-com-aviso-de-rececao-por-favor,,,,"Com aviso de receção, por favor.","With proof of delivery, please.",请加回执。,請加回執。,,,,,
correios,Correios,cartao,,14,cartao-correios-vim-levantar-uma-encomenda-tenho-o-aviso,,,,Vim levantar uma encomenda — tenho o aviso.,I'm here to collect a parcel — I have the notice.,我來取包裹——我有取件通知单。,我來取包裹——我有取件通知單。,,,,,
correios,Correios,cartao,,15,cartao-correios-aqui-esta-o-meu-documento-de-identificacao,,,,Aqui está o meu documento de identificação.,Here's my ID.,这是我的证件。,這是我的證件。,,,,,
correios,Correios,cartao,,16,cartao-correios-qual-e-o-codigo-de-rastreio,,,,Qual é o código de rastreio?,What's the tracking number?,追踪編号是多少？,追蹤編號是多少？,,,,,
correios,Correios,cartao,,17,cartao-correios-quanto-custa-enviar-para-o-estrangeiro,,,,Quanto custa enviar para o estrangeiro?,How much does it cost to send abroad?,寄國外要多少钱？,寄國外要多少錢？,,,,,
correios,Correios,cartao,,101,cartao-correios-a-encomenda-esta-na-alfandega-quanto-pago,,,,A encomenda está na alfândega — quanto pago?,My parcel is at customs — how much do I pay?,包裹在海关——我要缴多少钱？,包裹在海關——我要繳多少錢？,,,,,
correios,Correios,cartao,,102,cartao-correios-pode-reencaminhar-para-esta-morada,,,,Pode reencaminhar para esta morada?,Can you forward it to this address?,可以转寄到这个地址吗？,可以轉寄到這個地址嗎？,,,,,
correios,Correios,cartao,,103,cartao-correios-e-fragil-por-favor,,,,"É frágil, por favor.","It's fragile, please.",易碎品，请小心。,易碎品，請小心。,,,,,
correios,Correios,cartao,,104,cartao-correios-quando-e-a-segunda-tentativa-de-entrega,,,,Quando é a segunda tentativa de entrega?,When is the second delivery attempt?,第二次派送是什么时候？,第二次派送是什麼時候？,,,,,
correios,Correios,cartao,,105,cartao-correios-prefiro-levantar-no-cacifo,,,,Prefiro levantar no cacifo.,I'd rather collect it from the locker.,我想到快递柜取件。,我想到快遞櫃取件。,,,,,
correios,Correios,cartao,useful situation example,373,cartao-correios-onde-posso-encontrar-informacoes-sobre-o-prazo-de-entrega,,,,Onde posso encontrar informações sobre o prazo de entrega?,Where can I find information about delivery time?,我可以在哪里查到有关送达时间的信息？,我可以在哪裡查到有關送達時間的資訊？,,,,,
correios,Correios,cartao,useful situation example,374,cartao-correios-pode-dar-me-informacoes-sobre-o-horario-de-funcionamento,,,,Pode dar-me informações sobre o horário de funcionamento?,Could you give me information about opening hours?,可以告诉我有关營业时间的信息吗？,可以告訴我有關營業時間的資訊嗎？,,,,,
correios,Correios,cartao,useful situation example,375,cartao-correios-onde-posso-encontrar-informacoes-sobre-o-vale-postal,,,,Gostaria de saber mais sobre o vale postal.,I would like to know more about postal money order.,我想进一步了解邮政汇票。,我想進一步了解郵政匯票。,,,,,
correios,Correios,cartao,useful situation example,376,cartao-correios-pode-dar-me-informacoes-sobre-o-codigo-de-rastreio,,,,Quem me pode orientar sobre o código de rastreio?,Who can advise me about tracking number?,关于追踪編号，谁可以给我指引？,關於追蹤編號，誰可以給我指引？,,,,,
correios,Correios,cartao,useful situation example,377,cartao-correios-pode-dar-me-informacoes-sobre-a-taxa-alfandegaria,,,,Tenho uma questão relacionada com a taxa alfandegária.,I have a question related to customs fee.,我有一个与关税有关的问题。,我有一個與關稅有關的問題。,,,,,
correios,Correios,cartao,useful situation example,378,cartao-correios-com-quem-devo-falar-sobre-a-segunda-tentativa-de-entrega,,,,Com quem devo falar sobre a segunda tentativa de entrega?,Who should I speak to about second delivery attempt?,关于第二次派送，我应该和谁联系？,關於第二次派送，我應該聯絡誰？,,,,,
correios,Correios,cartao,useful situation example,379,cartao-correios-preciso-de-esclarecer-uma-duvida-sobre-o-formulario-aduaneiro,,,,Preciso de esclarecer uma dúvida sobre o formulário aduaneiro.,I have a question about customs form.,我需要咨询有关報关单的问题。,我需要查詢有關報關單的問題。,,,,,
correios,Correios,cartao,useful situation example,380,cartao-correios-preciso-de-esclarecer-uma-duvida-sobre-a-entrega-ao-domicilio,,,,Consegue ajudar-me com uma dúvida sobre a entrega ao domicílio?,Can you help me with a question about home delivery?,您能帮我解答一个有关送货上门的问题吗？,您能幫我解答一個有關送貨上門的問題嗎？,,,,,
correios,Correios,cartao,useful situation example,381,cartao-correios-preciso-de-esclarecer-uma-duvida-sobre-o-aviso-de-rececao,,,,A quem posso pedir esclarecimentos sobre o aviso de receção?,Who can I ask for clarification about proof of delivery (return receipt)?,关于回执（签收证明），我可以向谁咨询？,關於回執（簽收證明），我可以向誰查詢？,,,,,
trabalho_entregas,Entregas,vocabulario,,,az-0777,situacao-o-estafeta,noun,m,o estafeta,delivery rider/courier,外卖员／快递员,外賣員／快遞員,,,,,
trabalho_entregas,Entregas,vocabulario,,,az-0778,situacao-a-entrega,noun,f,a entrega,delivery,配送,配送,,,,,
trabalho_entregas,Entregas,vocabulario,,,az-0779,situacao-o-pedido,noun,m,o pedido,the order,订单,訂單,,,,,
trabalho_entregas,Entregas,vocabulario,,,az-0780,situacao-a-mochila-termica,noun,f,a mochila térmica,thermal delivery bag,保溫配送箱,保溫配送箱,,,,,
trabalho_entregas,Entregas,vocabulario,,,az-0781,situacao-a-aplicacao-a-app,noun,f,a aplicação / a app,the app,应用程式,應用程式,,,,,
trabalho_entregas,Entregas,vocabulario,,,az-0015,,noun,f,a morada,address,地址,地址,,,,,
trabalho_entregas,Entregas,vocabulario,,,az-0782,situacao-o-codigo-da-porta,noun,m,o código da porta,door/entry code,门禁密码,門禁密碼,,,,,
trabalho_entregas,Entregas,vocabulario,,,az-0783,situacao-o-interfone-a-campainha,noun,m,o interfone / a campainha,intercom / doorbell,对讲机／门鈴,對講機／門鈴,,,,,
trabalho_entregas,Entregas,vocabulario,,,az-0784,situacao-ligar-ao-cliente,,,ligar ao cliente,to call the customer,给顾客打电话,給顧客打電話,,,,,
trabalho_entregas,Entregas,vocabulario,,,az-0785,situacao-o-res-do-chao-o-andar,noun,m,o rés-do-chão / o andar,ground floor / floor,一楼（地面层）／楼层,一樓（地面層）／樓層,,,,,
trabalho_entregas,Entregas,vocabulario,,,az-0786,situacao-a-mota-a-bicicleta,noun,f,a mota / a bicicleta,motorbike / bicycle,摩托车／自行车,摩托車／自行車,,,,,
trabalho_entregas,Entregas,vocabulario,,,az-0131,,noun,m,o trânsito,traffic,交通（堵车）,交通（堵車）,,,,,
trabalho_entregas,Entregas,vocabulario,,,az-1079,situacao-recolher-levantar-o-pedido,,,recolher / levantar o pedido,to pick up the order (at the restaurant),到店取单,到店取單,,,,,
trabalho_entregas,Entregas,vocabulario,,,az-1080,situacao-o-pedido-ainda-nao-esta-pronto,noun,m,o pedido ainda não está pronto,the order isn't ready yet,订单还没好,訂單還沒好,,,,,
trabalho_entregas,Entregas,vocabulario,,,az-1081,situacao-a-demora,noun,f,a demora,delay / wait,等候／延误,等候／延誤,,,,,
trabalho_entregas,Entregas,vocabulario,,,az-1082,situacao-o-numero-do-pedido,noun,m,o número do pedido,order number,订单号,訂單號,,,,,
trabalho_entregas,Entregas,vocabulario,,,az-1083,situacao-a-zona-de-entrega,noun,f,a zona de entrega,delivery zone,配送区域,配送區域,,,,,
trabalho_entregas,Entregas,vocabulario,,,az-1084,situacao-a-taxa-de-entrega,noun,f,a taxa de entrega,delivery fee,配送费,配送費,,,,,
trabalho_entregas,Entregas,vocabulario,,,az-1085,situacao-os-ganhos,noun,m-pl,os ganhos,earnings,收入,收入,,,,,
trabalho_entregas,Entregas,vocabulario,,,az-1086,situacao-o-pagamento-semanal,noun,m,o pagamento semanal,weekly payout,周结（每周结算）,週結（每週結算）,,,,,
trabalho_entregas,Entregas,vocabulario,,,az-1087,situacao-a-avaliacao,noun,f,a avaliação,rating,评分,評分,,,,,
trabalho_entregas,Entregas,vocabulario,,,az-1088,situacao-o-cliente-nao-atende,noun,m,o cliente não atende,the customer isn't answering,顾客不接电话,顧客不接電話,,,,,
trabalho_entregas,Entregas,vocabulario,,,az-1089,situacao-cancelar-a-entrega,,,cancelar a entrega,to cancel the delivery,取消配送,取消配送,,,,,
trabalho_entregas,Entregas,vocabulario,,,az-1090,situacao-o-suporte-da-app,noun,m,o suporte (da app),(app) support,平台客服,平台客服,,,,,
trabalho_entregas,Entregas,vocabulario,,,az-1091,situacao-reportar-um-problema,,,reportar um problema,to report a problem,上報问题,上報問題,,,,,
trabalho_entregas,Entregas,vocabulario,,,az-1092,situacao-a-morada-errada,noun,f,a morada errada,wrong address,地址错误,地址錯誤,,,,,
trabalho_entregas,Entregas,vocabulario,,,az-1093,situacao-o-pagamento-em-dinheiro-ja-pago,noun,m,o pagamento em dinheiro / já pago,cash payment / already paid,现金支付／已在线支付,現金支付／已在線支付,,,,,
trabalho_entregas,Entregas,vocabulario,,,az-1094,situacao-o-capacete-o-colete,noun,m,o capacete / o colete,helmet / hi-vis vest,头盔／反光背心,頭盔／反光背心,,,,,
trabalho_entregas,Entregas,vocabulario,,,az-1095,situacao-estacionar,,,estacionar,to park,停车,停車,,,,,
trabalho_entregas,Entregas,vocabulario,,,az-1096,situacao-o-elevador-esta-avariado,noun,m,o elevador está avariado,the lift is broken,电梯坏了,電梯壞了,,,,,
trabalho_entregas,Entregas,vocabulario,,,az-1097,situacao-a-gorjeta-na-app,noun,f,a gorjeta na app,in-app tip,应用内小费,應用內小費,,,,,
trabalho_entregas,Entregas,vocabulario,,,az-1098,situacao-a-conta-bloqueada,noun,f,a conta bloqueada,blocked account,账号被封,帳號被封,,,,,
trabalho_entregas,Entregas,dialogo,,113,dialogo-trabalho-entregas-boa-noite-tenho-uma-entrega-para-o-joao,,,,"Boa noite, tenho uma entrega para o João.","Good evening, I have a delivery for João.",晚上好，有João的外卖。,晚上好，有João的外賣。,,,,,
trabalho_entregas,Entregas,dialogo,,114,dialogo-trabalho-entregas-e-no-terceiro-andar-o-codigo-da-porta-e-1530,,,,É no terceiro andar. O código da porta é 1530.,It's on the third floor. The door code is 1530.,在三楼。门禁密码是1530。,在三樓。門禁密碼是1530。,,,,,
trabalho_entregas,Entregas,dialogo,,115,dialogo-trabalho-entregas-o-interfone-nao-funciona-pode-descer-para-levantar-o-p,,,,O interfone não funciona — pode descer para levantar o pedido?,The intercom isn't working — can you come down to collect the order?,对讲机坏了——您可以下來取餐吗？,對講機壞了——您可以下來取餐嗎？,,,,,
trabalho_entregas,Entregas,dialogo,,116,dialogo-trabalho-entregas-estou-na-entrada-com-a-mochila-vermelha,,,,"Estou na entrada, com a mochila vermelha.","I'm at the entrance, with the red delivery bag.",我在门口，背紅色保溫箱。,我在門口，背紅色保溫箱。,,,,,
trabalho_entregas,Entregas,dialogo,,117,dialogo-trabalho-entregas-desculpe-o-atraso-havia-muito-transito,,,,"Desculpe o atraso, havia muito trânsito.","Sorry for the delay, there was a lot of traffic.",抱歉來晚了，路上很堵。,抱歉來晚了，路上很堵。,,,,,
trabalho_entregas,Entregas,dialogo,,118,dialogo-trabalho-entregas-confirma-o-pedido-na-app-por-favor-boa-noite,,,,"Confirma o pedido na app, por favor. Boa noite!",Please confirm the order in the app. Good night!,请在应用里确认收餐。晚安！,請在應用裡確認收餐。晚安！,,,,,
trabalho_entregas,Entregas,dialogo,,295,dialogo-trabalho-entregas-boa-noite-venho-recolher-o-pedido-847,,,,"Boa noite, venho recolher o pedido 847.","Good evening, I'm here to pick up order 847.",晚上好，我來取847号订单。,晚上好，我來取847號訂單。,,,,,
trabalho_entregas,Entregas,dialogo,,296,dialogo-trabalho-entregas-ainda-nao-esta-pronto-faltam-dez-minutos,,,,Ainda não está pronto. Faltam dez minutos.,It's not ready yet. Ten more minutes.,还没好。再等十分钟。,還沒好。再等十分鐘。,,,,,
trabalho_entregas,Entregas,dialogo,,297,dialogo-trabalho-entregas-vou-marcar-a-demora-na-app-esta-bem,,,,"Vou marcar a demora na app, está bem?","I'll log the delay in the app, okay?",我在应用里标记等候，可以吗？,我在應用裡標記等候，可以嗎？,,,,,
trabalho_entregas,Entregas,dialogo,,298,dialogo-trabalho-entregas-claro-desculpa-a-cozinha-esta-cheia,,,,"Claro. Desculpa, a cozinha está cheia.","Sure. Sorry, the kitchen is slammed.",当然。抱歉，厨房太忙了。,當然。抱歉，廚房太忙了。,,,,,
trabalho_entregas,Entregas,dialogo,,299,dialogo-trabalho-entregas-sem-problema-fico-aqui-a-espera,,,,Sem problema. Fico aqui à espera.,No problem. I'll wait here.,没事。我在这儿等。,沒事。我在這兒等。,,,,,
trabalho_entregas,Entregas,dialogo,,300,dialogo-trabalho-entregas-o-cliente-nao-atende-e-a-morada-parece-errada,,,,O cliente não atende e a morada parece errada.,The customer isn't answering and the address looks wrong.,顾客不接电话，地址好像也是错的。,顧客不接電話，地址好像也是錯的。,,,,,
trabalho_entregas,Entregas,dialogo,,301,dialogo-trabalho-entregas-ja-ligaste-duas-vezes,,,,Já ligaste duas vezes?,Have you called twice already?,已经打过两次了吗？,已經打過兩次了嗎？,,,,,
trabalho_entregas,Entregas,dialogo,,302,dialogo-trabalho-entregas-ja-vou-reportar-ao-suporte-pela-app,,,,Já. Vou reportar ao suporte pela app.,Yes. I'll report it to support via the app.,打了。我通过应用上報客服。,打了。我通過應用上報客服。,,,,,
trabalho_entregas,Entregas,dialogo,,303,dialogo-trabalho-entregas-se-nao-responderem-em-dez-minutos-a-entrega-e-cancelad,,,,"Se não responderem em dez minutos, a entrega é cancelada.","If there's no answer in ten minutes, the delivery is cancelled.",如果十分钟内没回应，配送就取消。,如果十分鐘內沒回應，配送就取消。,,,,,
trabalho_entregas,Entregas,dialogo,,304,dialogo-trabalho-entregas-e-o-pagamento-era-em-dinheiro,,,,E o pagamento? Era em dinheiro.,And the payment? It was cash.,那货款呢？这单是现金支付。,那貨款呢？這單是現金支付。,,,,,
trabalho_entregas,Entregas,dialogo,,305,dialogo-trabalho-entregas-segue-as-instrucoes-do-suporte-fica-tudo-registado,,,,Segue as instruções do suporte — fica tudo registado.,Follow support's instructions — everything gets logged.,按客服的指示办——都会有记录。,按客服的指示辦——都會有記錄。,,,,,
trabalho_entregas,Entregas,dialogo,expanded real-world coverage,717,dialogo-trabalho_entregas-a-app-manda-me-agora-para-o-ponto-de-apoio,,,,A app manda-me agora para o ponto de apoio.,The app is now directing me to the support point.,应用程序现在让我前往服务点。,應用程式現在指示我前往支援點。,,,,,
trabalho_entregas,Entregas,dialogo,expanded real-world coverage,718,dialogo-trabalho_entregas-leva-o-pedido-selado-e-mostra-o-numero-da-entrega,,,,Leva o pedido selado e mostra o número da entrega.,Take the sealed order and show the delivery number.,带上密封的订单，并出示配送编号。,帶上密封的訂單，並出示送貨編號。,,,,,
trabalho_entregas,Entregas,dialogo,expanded real-world coverage,719,dialogo-trabalho_entregas-entendido-vou-tirar-uma-fotografia-do-comprovativo-quando-o-entregar,,,,Entendido. Vou tirar uma fotografia do comprovativo quando o entregar.,Understood. I will photograph the receipt when I hand it over.,明白。交付后我会拍下凭证。,明白。交付後我會拍下證明。,,,,,
trabalho_entregas,Entregas,cartao,,86,cartao-trabalho-entregas-tenho-uma-entrega-para-nome,,,,Tenho uma entrega para [nome].,I have a delivery for [name].,有[姓名]的外卖。,有[姓名]的外賣。,,,,,
trabalho_entregas,Entregas,cartao,,87,cartao-trabalho-entregas-qual-e-o-codigo-da-porta,,,,Qual é o código da porta?,What's the door code?,门禁密码是多少？,門禁密碼是多少？,,,,,
trabalho_entregas,Entregas,cartao,,88,cartao-trabalho-entregas-pode-descer-para-levantar-o-pedido,,,,Pode descer para levantar o pedido?,Can you come down to collect the order?,您可以下來取餐吗？,您可以下來取餐嗎？,,,,,
trabalho_entregas,Entregas,cartao,,89,cartao-trabalho-entregas-estou-na-entrada-do-predio,,,,Estou na entrada do prédio.,I'm at the building entrance.,我在楼门口。,我在樓門口。,,,,,
trabalho_entregas,Entregas,cartao,,90,cartao-trabalho-entregas-desculpe-o-atraso-muito-transito,,,,Desculpe o atraso — muito trânsito.,Sorry for the delay — heavy traffic.,抱歉來晚了——路上很堵。,抱歉來晚了——路上很堵。,,,,,
trabalho_entregas,Entregas,cartao,,166,cartao-trabalho-entregas-venho-recolher-o-pedido-n,,,,Venho recolher o pedido n.º […],I'm here to pick up order no. […],我來取……号订单。,我來取……號訂單。,,,,,
trabalho_entregas,Entregas,cartao,,167,cartao-trabalho-entregas-o-pedido-ainda-nao-esta-pronto-vou-marcar-a-demora,,,,O pedido ainda não está pronto — vou marcar a demora.,The order isn't ready — I'll log the delay.,订单还没好——我标记一下等候。,訂單還沒好——我標記一下等候。,,,,,
trabalho_entregas,Entregas,cartao,,168,cartao-trabalho-entregas-o-cliente-nao-atende-vou-reportar-ao-suporte,,,,O cliente não atende — vou reportar ao suporte.,The customer isn't answering — I'll report it to support.,顾客不接电话——我上報客服。,顧客不接電話——我上報客服。,,,,,
trabalho_entregas,Entregas,cartao,,169,cartao-trabalho-entregas-a-morada-esta-errada-pode-confirmar,,,,A morada está errada — pode confirmar?,The address is wrong — can you confirm it?,地址不对——您能确认一下吗？,地址不對——您能確認一下嗎？,,,,,
trabalho_entregas,Entregas,cartao,,170,cartao-trabalho-entregas-e-pagamento-em-dinheiro-tem-troco,,,,É pagamento em dinheiro — tem troco?,It's a cash payment — do you have change?,现金支付——您有零钱找吗？,現金支付——您有零錢找嗎？,,,,,
trabalho_entregas,Entregas,cartao,useful situation example,712,cartao-trabalho_entregas-onde-posso-encontrar-informacoes-sobre-o-pagamento-semanal,,,,Onde posso encontrar informações sobre o pagamento semanal?,Where can I find information about weekly payout?,我可以在哪里查到有关周结（每周结算）的信息？,我可以在哪裡查到有關週結（每週結算）的資訊？,,,,,
trabalho_entregas,Entregas,cartao,useful situation example,713,cartao-trabalho_entregas-pode-explicar-me-o-que-devo-fazer-para-ligar-ao-cliente,,,,Pode explicar-me o que devo fazer para ligar ao cliente?,Could you explain what I need to do to call the customer?,可以说明我要怎样给顾客打电话吗？,可以說明我要怎樣給顧客打電話嗎？,,,,,
trabalho_entregas,Entregas,cartao,useful situation example,714,cartao-trabalho_entregas-pode-explicar-me-o-que-devo-fazer-para-estacionar,,,,Qual é a forma correta de estacionar aqui?,What is the correct way to park here?,在这里应该怎样正确停车？,在這裡應該怎樣正確停車？,,,,,
trabalho_entregas,Entregas,cartao,useful situation example,715,cartao-trabalho_entregas-pode-dar-me-informacoes-sobre-o-codigo-da-porta,,,,Pode dar-me informações sobre o código da porta?,Could you give me information about door/entry code?,可以告诉我有关门禁密码的信息吗？,可以告訴我有關門禁密碼的資訊嗎？,,,,,
trabalho_entregas,Entregas,cartao,useful situation example,716,cartao-trabalho_entregas-onde-posso-encontrar-informacoes-sobre-a-demora,,,,Gostaria de saber mais sobre a demora.,I would like to know more about delay / wait.,我想进一步了解等候／延误。,我想進一步了解等候／延誤。,,,,,
trabalho_entregas,Entregas,cartao,useful situation example,717,cartao-trabalho_entregas-pode-dar-me-informacoes-sobre-a-zona-de-entrega,,,,Quem me pode orientar sobre a zona de entrega?,Who can advise me about delivery zone?,关于配送区域，谁可以给我指引？,關於配送區域，誰可以給我指引？,,,,,
trabalho_entregas,Entregas,cartao,useful situation example,718,cartao-trabalho_entregas-pode-dar-me-informacoes-sobre-a-conta-bloqueada,,,,Tenho uma questão relacionada com a conta bloqueada.,I have a question related to blocked account.,我有一个与账号被封有关的问题。,我有一個與帳號被封有關的問題。,,,,,
trabalho_entregas,Entregas,cartao,useful situation example,719,cartao-trabalho_entregas-pode-dar-me-informacoes-sobre-a-entrega,,,,Consegue ajudar-me com uma dúvida sobre a entrega?,Can you help me with a question about delivery?,您能帮我解答一个有关配送的问题吗？,您能幫我解答一個有關配送的問題嗎？,,,,,
trabalho_entregas,Entregas,cartao,useful situation example,720,cartao-trabalho_entregas-onde-posso-encontrar-a-mochila-termica,,,,Onde posso encontrar a mochila térmica?,Where can I find thermal delivery bag?,保溫配送箱在哪里？,保溫配送箱在哪裡？,,,,,
trabalho_entregas,Entregas,cartao,useful situation example,721,cartao-trabalho_entregas-preciso-de-esclarecer-uma-duvida-sobre-a-taxa-de-entrega,,,,Preciso de esclarecer uma dúvida sobre a taxa de entrega.,I have a question about delivery fee.,我需要咨询有关配送费的问题。,我需要查詢有關配送費的問題。,,,,,
escola,Escola,vocabulario,,,az-0670,situacao-a-matricula,noun,f,a matrícula,enrolment,入学註册,入學註冊,,,,,
escola,Escola,vocabulario,,,az-0671,situacao-o-portal-das-matriculas,noun,m,o Portal das Matrículas,the online enrolment portal,入学註册网站,入學註冊網站,,,,,portaldasmatriculas.edu.gov.pt
escola,Escola,vocabulario,,,az-0672,situacao-o-encarregado-de-educacao,noun,m,o encarregado de educação,legal guardian (for school purposes),教育监护人,教育監護人,,,,,Usually a parent; the school's official contact
escola,Escola,vocabulario,,,az-0673,situacao-o-agrupamento-de-escolas,noun,m,o agrupamento de escolas,school cluster,学校群（校区联盟）,學校群（校區聯盟）,,,,,
escola,Escola,vocabulario,,,az-0674,situacao-a-escola-da-area-de-residencia,noun,f,a escola da área de residência,the school for your home address,居住地划片学校,居住地劃片學校,,,,,
escola,Escola,vocabulario,,,az-0675,situacao-o-ano-letivo,noun,m,o ano letivo,school year,学年,學年,,,,,
escola,Escola,vocabulario,,,az-0464,,noun,m,o boletim de vacinas,vaccination record,疫苗接种记录,疫苗接種記錄,,,,,
escola,Escola,vocabulario,,,az-0676,situacao-a-acao-social-escolar-ase,noun,f,a Ação Social Escolar (ASE),school social support (meals/books subsidy),学校社会援助（餐费/教材补助）,學校社會援助（餐費/教材補助）,,,,,Linked to abono de família escalão; needs NISS
escola,Escola,vocabulario,,,az-0677,situacao-o-abono-de-familia,noun,m,o abono de família,family allowance,家庭津贴,家庭津貼,,,,,
escola,Escola,vocabulario,,,az-0678,situacao-os-manuais-escolares,noun,m-pl,os manuais escolares,textbooks,教科书,教科書,,,,,Free in public schooling
escola,Escola,vocabulario,,,az-0679,situacao-o-horario,noun,m,o horário,timetable,课程表,課程表,,,,,
escola,Escola,vocabulario,,,az-0680,situacao-a-reuniao-de-pais,noun,f,a reunião de pais,parents' meeting,家长会,家長會,,,,,
escola,Escola,vocabulario,,,az-0681,situacao-o-atl,noun,m,o ATL,after-school care,课后託管,課後託管,,,,,
escola,Escola,vocabulario,,,az-0682,situacao-a-cantina-o-refeitorio,noun,f,a cantina / o refeitório,school canteen,学校食堂,學校食堂,,,,,
escola,Escola,vocabulario,,,az-0905,situacao-a-creche,noun,f,a creche,nursery (0-3),託儿所,託兒所,,,,,
escola,Escola,vocabulario,,,az-0906,situacao-o-jardim-de-infancia-o-pre-escolar,noun,m,o jardim de infância / o pré-escolar,kindergarten / preschool,幼儿园,幼兒園,,,,,
escola,Escola,vocabulario,,,az-0907,situacao-o-1-2-3-ciclo,noun,m,o 1.º / 2.º / 3.º ciclo,primary / middle school cycles,小学低／中／高年级段,小學低／中／高年級段,,,,,
escola,Escola,vocabulario,,,az-0908,situacao-o-ensino-secundario,noun,m,o ensino secundário,secondary school,高中,高中,,,,,
escola,Escola,vocabulario,,,az-0909,situacao-a-turma,noun,f,a turma,class (group),班级,班級,,,,,
escola,Escola,vocabulario,,,az-0910,situacao-o-diretor-de-turma,noun,m,o diretor de turma,form tutor / homeroom teacher,班主任,班主任,,,,,Your main contact at the school
escola,Escola,vocabulario,,,az-0911,situacao-a-caderneta-do-aluno,noun,f,a caderneta do aluno,student's home-school book,学生联络手册,學生聯絡手冊,,,,,Where school-home messages are written
escola,Escola,vocabulario,,,az-0912,situacao-o-intervalo-o-recreio,noun,m,o intervalo / o recreio,break / playground,课间休息／操场,課間休息／操場,,,,,
escola,Escola,vocabulario,,,az-0913,situacao-a-visita-de-estudo,noun,f,a visita de estudo,school trip,校外教学,校外教學,,,,,
escola,Escola,vocabulario,,,az-0914,situacao-a-autorizacao,noun,f,a autorização,permission slip,家长同意书,家長同意書,,,,,
escola,Escola,vocabulario,,,az-0915,situacao-a-falta,noun,f,a falta,absence,缺勤,缺勤,,,,,
escola,Escola,vocabulario,,,az-0916,situacao-justificar-a-falta,,,justificar a falta,to justify an absence,为缺勤提交说明,為缺勤提交說明,,,,,"Must be done within days, via caderneta or portal"
escola,Escola,vocabulario,,,az-0917,situacao-o-teste-a-avaliacao,noun,m,o teste / a avaliação,test / assessment,测验／评估,測驗／評估,,,,,
escola,Escola,vocabulario,,,az-0918,situacao-as-notas,noun,f-pl,as notas,grades,成绩,成績,,,,,
escola,Escola,vocabulario,,,az-0919,situacao-o-apoio-ao-estudo,noun,m,o apoio ao estudo,study support,课后輔导,課後輔導,,,,,
escola,Escola,vocabulario,,,az-0920,situacao-o-plnm-portugues-lingua-nao-materna,noun,m,o PLNM (Português Língua Não Materna),Portuguese as a non-native language,葡语非母语课程（PLNM）,葡語非母語課程（PLNM）,,,,,Extra Portuguese support — ask for it
escola,Escola,vocabulario,,,az-0921,situacao-a-equivalencia-de-estudos,noun,f,a equivalência de estudos,recognition of foreign studies,学历同等认证,學歷同等認證,,,,,For children schooled abroad
escola,Escola,vocabulario,,,az-0922,situacao-o-cartao-do-aluno,noun,m,o cartão do aluno,student card,学生卡,學生卡,,,,,
escola,Escola,vocabulario,,,az-0923,situacao-carregar-o-cartao,,,carregar o cartão,to top up the card (canteen),给学生卡充值,給學生卡充值,,,,,
escola,Escola,vocabulario,,,az-0924,situacao-o-transporte-escolar,noun,m,o transporte escolar,school transport,校车,校車,,,,,
escola,Escola,dialogo,,47,dialogo-escola-bom-dia-queria-matricular-a-minha-filha-na-escola,,,,"Bom dia, queria matricular a minha filha na escola.","Good morning, I'd like to enrol my daughter in school.",早上好，我想给女儿办理入学註册。,早上好，我想給女兒辦理入學註冊。,,,,,
escola,Escola,dialogo,,48,dialogo-escola-a-matricula-faz-se-online-no-portal-das-matriculas-pre,,,,"A matrícula faz-se online, no Portal das Matrículas. Precisa de ajuda?","Enrolment is done online, on the enrolment portal. Do you need help?",註册在入学网站上在线办理。需要帮忙吗？,註冊在入學網站上在線辦理。需要幫忙嗎？,,,,,
escola,Escola,dialogo,,49,dialogo-escola-sim-por-favor-que-documentos-sao-precisos,,,,"Sim, por favor. Que documentos são precisos?","Yes, please. What documents are needed?",好的，麻煩您。需要哪些文件？,好的，麻煩您。需要哪些文件？,,,,,
escola,Escola,dialogo,,50,dialogo-escola-documento-de-identificacao-da-crianca-numero-de-utente,,,,"Documento de identificação da criança, número de utente, boletim de vacinas e comprovativo de morada.","The child's ID, health number, vaccination record and proof of address.",孩子的身份证件、医疗用户号、疫苗记录和住址证明。,孩子的身份證件、醫療用戶號、疫苗記錄和住址證明。,,,,,
escola,Escola,dialogo,,51,dialogo-escola-ela-pode-ter-apoio-para-as-refeicoes,,,,Ela pode ter apoio para as refeições?,Can she get support for school meals?,她可以申请餐费补助吗？,她可以申請餐費補助嗎？,,,,,
escola,Escola,dialogo,,52,dialogo-escola-sim-atraves-da-acao-social-escolar-precisa-do-niss-e-d,,,,"Sim, através da Ação Social Escolar — precisa do NISS e do escalão do abono.","Yes, through school social support — you need her NISS and the family allowance bracket.",可以，通过学校社会援助——需要她的社保号和家庭津贴等级。,可以，通過學校社會援助——需要她的社保號和家庭津貼等級。,,,,,
escola,Escola,dialogo,,53,dialogo-escola-quando-comecam-as-aulas,,,,Quando começam as aulas?,When do classes start?,什么时候开学？,什麼時候開學？,,,,,
escola,Escola,dialogo,,54,dialogo-escola-em-setembro-a-lista-de-turmas-sai-no-portal-e-na-escol,,,,Em setembro. A lista de turmas sai no portal e na escola.,In September. Class lists are published on the portal and at the school.,九月。班级名单会在网站和学校公佈。,九月。班級名單會在網站和學校公佈。,,,,,
escola,Escola,dialogo,,191,dialogo-escola-boa-tarde-sou-a-mae-do-wei-da-turma-5-b,,,,"Boa tarde, sou a mãe do Wei, da turma 5.ºB.","Good afternoon, I'm Wei's mother, from class 5B.",下午好，我是5年级B班Wei的媽媽。,下午好，我是5年級B班Wei的媽媽。,,,,,
escola,Escola,dialogo,,192,dialogo-escola-muito-prazer-o-wei-esta-a-adaptar-se-bem,,,,Muito prazer. O Wei está a adaptar-se bem.,Nice to meet you. Wei is adapting well.,幸会。Wei适应得不错。,幸會。Wei適應得不錯。,,,,,
escola,Escola,dialogo,,193,dialogo-escola-ele-ainda-tem-dificuldades-com-o-portugues,,,,Ele ainda tem dificuldades com o português.,He still struggles with Portuguese.,他葡语还是有困难。,他葡語還是有困難。,,,,,
escola,Escola,dialogo,,194,dialogo-escola-vou-propor-apoio-de-plnm-aulas-extra-de-lingua,,,,Vou propor apoio de PLNM — aulas extra de língua.,I'll propose PLNM support — extra language classes.,我会申请PLNM輔导——额外的语言课。,我會申請PLNM輔導——額外的語言課。,,,,,
escola,Escola,dialogo,,195,dialogo-escola-como-acompanho-os-trabalhos-de-casa,,,,Como acompanho os trabalhos de casa?,How do I follow his homework?,我怎么了解他的作业情况？,我怎麼了解他的作業情況？,,,,,
escola,Escola,dialogo,,196,dialogo-escola-pela-caderneta-do-aluno-e-pelo-portal-da-escola,,,,Pela caderneta do aluno e pelo portal da escola.,Through the student book and the school portal.,通过学生联络手册和学校网站。,通過學生聯絡手冊和學校網站。,,,,,
escola,Escola,dialogo,,197,dialogo-escola-bom-dia-venho-justificar-a-falta-da-minha-filha,,,,"Bom dia, venho justificar a falta da minha filha.","Good morning, I've come to justify my daughter's absence.",早上好，我來为女儿的缺勤提交说明。,早上好，我來為女兒的缺勤提交說明。,,,,,
escola,Escola,dialogo,,198,dialogo-escola-qual-foi-o-motivo,,,,Qual foi o motivo?,What was the reason?,缺勤原因是什么？,缺勤原因是什麼？,,,,,
escola,Escola,dialogo,,199,dialogo-escola-esteve-doente-trago-o-atestado-medico,,,,Esteve doente. Trago o atestado médico.,She was ill. I have the medical certificate.,她生病了。我带了医生证明。,她生病了。我帶了醫生證明。,,,,,
escola,Escola,dialogo,,200,dialogo-escola-perfeito-entregue-ao-diretor-de-turma-ou-registe-no-po,,,,Perfeito. Entregue ao diretor de turma ou registe no portal.,Perfect. Give it to the form tutor or log it on the portal.,好的。交给班主任或在网站上登记。,好的。交給班主任或在網站上登記。,,,,,
escola,Escola,dialogo,,201,dialogo-escola-aproveito-para-carregar-o-cartao-do-almoco,,,,Aproveito para carregar o cartão do almoço.,"While I'm here, I'll top up her lunch card.",顺便给她的餐卡充值。,順便給她的餐卡充值。,,,,,
escola,Escola,dialogo,,202,dialogo-escola-pode-carregar-aqui-na-secretaria-ou-por-multibanco,,,,Pode carregar aqui na secretaria ou por multibanco.,You can top up here at the office or by ATM reference.,可以在教务处充，也可以通过柜员机缴费。,可以在教務處充，也可以通過櫃員機繳費。,,,,,
escola,Escola,cartao,,35,cartao-escola-venho-matricular-o-meu-filho-a-minha-filha,,,,Venho matricular o meu filho / a minha filha.,I'm here to enrol my son / daughter.,我來给儿子／女儿办入学註册。,我來給兒子／女兒辦入學註冊。,,,,,
escola,Escola,cartao,,36,cartao-escola-sou-o-encarregado-a-encarregada-de-educacao,,,,Sou o encarregado / a encarregada de educação.,I'm the legal guardian.,我是教育监护人。,我是教育監護人。,,,,,
escola,Escola,cartao,,37,cartao-escola-trago-o-boletim-de-vacinas-e-o-numero-de-utente,,,,Trago o boletim de vacinas e o número de utente.,I have the vaccination record and health number.,我带了疫苗记录和医疗用户号。,我帶了疫苗記錄和醫療用戶號。,,,,,
escola,Escola,cartao,,38,cartao-escola-queria-pedir-a-acao-social-escolar,,,,Queria pedir a Ação Social Escolar.,I'd like to apply for school social support.,我想申请学校社会援助。,我想申請學校社會援助。,,,,,
escola,Escola,cartao,,39,cartao-escola-qual-e-a-escola-da-nossa-area-de-residencia,,,,Qual é a escola da nossa área de residência?,Which is the school for our home address?,我们住址对应的学校是哪一所？,我們住址對應的學校是哪一所？,,,,,
escola,Escola,cartao,,40,cartao-escola-quando-sai-a-lista-de-turmas,,,,Quando sai a lista de turmas?,When is the class list published?,班级名单什么时候公佈？,班級名單什麼時候公佈？,,,,,
escola,Escola,cartao,,121,cartao-escola-venho-justificar-a-falta-do-meu-filho-da-minha-filha,,,,Venho justificar a falta do meu filho / da minha filha.,I've come to justify my son's / daughter's absence.,我來为儿子／女儿的缺勤提交说明。,我來為兒子／女兒的缺勤提交說明。,,,,,
escola,Escola,cartao,,122,cartao-escola-a-minha-filha-precisa-de-apoio-de-plnm,,,,A minha filha precisa de apoio de PLNM.,My daughter needs PLNM support.,我女儿需要葡语非母语课程輔导。,我女兒需要葡語非母語課程輔導。,,,,,
escola,Escola,cartao,,123,cartao-escola-como-peco-a-equivalencia-dos-estudos-do-estrangeiro,,,,Como peço a equivalência dos estudos do estrangeiro?,How do I apply for recognition of foreign studies?,如何申请國外学历的同等认证？,如何申請國外學歷的同等認證？,,,,,
escola,Escola,cartao,,124,cartao-escola-assino-a-autorizacao-da-visita-de-estudo,,,,Assino a autorização da visita de estudo.,I'm signing the school-trip permission slip.,我來签校外教学同意书。,我來簽校外教學同意書。,,,,,
escola,Escola,cartao,,125,cartao-escola-queria-falar-com-o-diretor-de-turma,,,,Queria falar com o diretor de turma.,I'd like to speak with the form tutor.,我想和班主任谈谈。,我想和班主任談談。,,,,,
escola,Escola,cartao,useful situation example,492,cartao-escola-onde-posso-encontrar-informacoes-sobre-a-escola-da-area-de-residencia,,,,Onde posso encontrar informações sobre a escola da área de residência?,Where can I find information about the school for your home address?,我可以在哪里查到有关居住地划片学校的信息？,我可以在哪裡查到有關居住地劃片學校的資訊？,,,,,
escola,Escola,cartao,useful situation example,493,cartao-escola-onde-posso-encontrar-informacoes-sobre-os-manuais-escolares,,,,Gostaria de saber mais sobre os manuais escolares.,I would like to know more about textbooks.,我想进一步了解教科书。,我想進一步了解教科書。,,,,,
escola,Escola,cartao,useful situation example,494,cartao-escola-onde-posso-encontrar-informacoes-sobre-o-diretor-de-turma,,,,Quem me pode orientar sobre o diretor de turma?,Who can advise me about form tutor / homeroom teacher?,关于班主任，谁可以给我指引？,關於班主任，誰可以給我指引？,,,,,
escola,Escola,cartao,useful situation example,495,cartao-escola-pode-dar-me-informacoes-sobre-o-portal-das-matriculas,,,,Pode dar-me informações sobre o Portal das Matrículas?,Could you give me information about the online enrolment portal?,可以告诉我有关入学註册网站的信息吗？,可以告訴我有關入學註冊網站的資訊嗎？,,,,,
escola,Escola,cartao,useful situation example,496,cartao-escola-pode-dar-me-informacoes-sobre-a-reuniao-de-pais,,,,Tenho uma questão relacionada com a reunião de pais.,I have a question related to parents' meeting.,我有一个与家长会有关的问题。,我有一個與家長會有關的問題。,,,,,
escola,Escola,cartao,useful situation example,497,cartao-escola-onde-posso-encontrar-informacoes-sobre-a-creche,,,,Consegue ajudar-me com uma dúvida sobre a creche?,Can you help me with a question about nursery (0-3)?,您能帮我解答一个有关託儿所的问题吗？,您能幫我解答一個有關託兒所的問題嗎？,,,,,
escola,Escola,cartao,useful situation example,498,cartao-escola-pode-dar-me-informacoes-sobre-o-cartao-do-aluno,,,,A quem posso pedir esclarecimentos sobre o cartão do aluno?,Who can I ask for clarification about student card?,关于学生卡，我可以向谁咨询？,關於學生卡，我可以向誰查詢？,,,,,
escola,Escola,cartao,useful situation example,499,cartao-escola-onde-posso-encontrar-informacoes-sobre-a-falta,,,,Pode explicar-me melhor o que preciso de saber sobre a falta?,Could you explain what I need to know about absence?,您能说明我需要了解缺勤的哪些信息吗？,您能說明我需要了解缺勤的哪些資訊嗎？,,,,,
escola,Escola,cartao,useful situation example,500,cartao-escola-preciso-de-esclarecer-uma-duvida-sobre-o-encarregado-de-educacao,,,,Preciso de esclarecer uma dúvida sobre o encarregado de educação.,I have a question about legal guardian (for school purposes).,我需要咨询有关教育监护人的问题。,我需要查詢有關教育監護人的問題。,,,,,
espaco_cidadao,Espaço Cidadão,vocabulario,,,az-0847,situacao-o-espaco-cidadao,noun,m,o Espaço Cidadão,Citizen's Desk (one-stop services),公民服务站,公民服務站,,,,,"Renew CC, CMD activation, IRS help — often inside the junta"
espaco_cidadao,Espaço Cidadão,vocabulario,,,az-0824,situacao-a-chave-movel-digital-cmd,noun,f,a Chave Móvel Digital (CMD),Digital Mobile Key (gov. login),数字移动密钥（政府通用登录）,數字移動密鑰（政府通用登錄）,,,,,"One login for Finanças, SS, SNS portals"
espaco_cidadao,Espaço Cidadão,vocabulario,,,az-0620,situacao-a-senha-de-acesso,noun,f,a senha de acesso,access password (portal login),登入密码,登入密碼,,,,,
espaco_cidadao,Espaço Cidadão,vocabulario,,,az-0624,situacao-atualizar-a-morada,,,atualizar a morada,to update one's address,更新地址,更新地址,,,,,
espaco_cidadao,Espaço Cidadão,vocabulario,,,az-0611,situacao-o-comprovativo-de-morada,noun,m,o comprovativo de morada,proof of address,住址证明,住址證明,,,,,"Utility bill, rental contract or junta attestation"
espaco_cidadao,Espaço Cidadão,vocabulario,,,az-0579,m12-preencher,,,preencher,to fill in,填写,填寫,Basta preencher o requerimento.,It is enough to fill in the application form.,只需填写申请表。,只需填寫申請表。,
espaco_cidadao,Espaço Cidadão,vocabulario,,,az-0580,m12-tratar-de,,,tratar de,to take care of,办理/处理,辦理/處理,Ajudam-te a tratar de tudo.,They help you take care of everything.,他们会帮你处理一切。,他們會幫你處理一切。,
espaco_cidadao,Espaço Cidadão,vocabulario,,,az-0595,m12-balcao,noun,m,o balcão,counter,柜台/服务台,櫃台/服務台,Falou do outro lado do balcão.,He spoke from the other side of the counter.,他在柜台的另一边说话。,他在櫃台的另一邊說話。,
espaco_cidadao,Espaço Cidadão,vocabulario,,,az-0621,situacao-tirar-a-senha,,,tirar a senha,to take a queue ticket,取号（排队票）,取號（排隊票）,,,,,Same word 'senha' = ticket AND password
espaco_cidadao,Espaço Cidadão,vocabulario,,,az-0232,m5-senha,noun,f,a senha,ticket number,票号,票號,Pode dar-me a sua senha?,Can you give me your ticket number?,您可以给我您的号码票吗？,您可以給我您的號碼牌嗎？,
espaco_cidadao,Espaço Cidadão,vocabulario,,,az-0529,m11-prazo,noun,m,o prazo,deadline,最后期限,最後期限,A quantia deve ser entregue no prazo de oito dias.,The amount must be delivered within eight days.,该金额应在八天期限内交付。,該金額應在八天期限內交付。,
espaco_cidadao,Espaço Cidadão,vocabulario,,,az-0509,m11-email,noun,m,o e-mail,email,电子邮件,電子郵件,Enviei o currículo por e-mail.,I sent the resume by email.,我通过电子邮件发送了简历。,我透過電子郵件寄出了履歷。,
espaco_cidadao,Espaço Cidadão,vocabulario,,,az-0506,m11-mensagem,noun,f,a mensagem,message,信息,訊息,Mandei uma mensagem.,I sent a message.,我发了一条消息。,我發了一則訊息。,
espaco_cidadao,Espaço Cidadão,vocabulario,,,az-0862,situacao-o-formulario,noun,m,o formulário,form,表格,表格,,,,,
espaco_cidadao,Espaço Cidadão,vocabulario,,,az-0863,situacao-assinar,,,assinar,to sign,签名,簽名,,,,,
espaco_cidadao,Espaço Cidadão,vocabulario,,,az-0802,situacao-a-assinatura,noun,f,a assinatura,signature,签名,簽名,,,,,
espaco_cidadao,Espaço Cidadão,vocabulario,,,az-0704,situacao-o-comprovativo,noun,m,o comprovativo,proof / receipt (of application),申请憑证,申請憑證,,,,,
espaco_cidadao,Espaço Cidadão,vocabulario,,,az-0854,situacao-o-horario-de-atendimento,noun,m,o horário de atendimento,office hours,办公时间,辦公時間,,,,,
espaco_cidadao,Espaço Cidadão,vocabulario,,,az-0855,situacao-a-senha-de-atendimento,noun,f,a senha de atendimento,queue ticket,排队取号,排隊取號,,,,,
espaco_cidadao,Espaço Cidadão,vocabulario,,,az-0864,situacao-o-comprovativo-de-pagamento,noun,m,o comprovativo de pagamento,proof of payment,缴费憑证,繳費憑證,,,,,
espaco_cidadao,Espaço Cidadão,vocabulario,,,az-0865,situacao-levantar-o-documento,,,levantar o documento,to collect the document,领取文件,領取文件,,,,,
espaco_cidadao,Espaço Cidadão,vocabulario,,,az-0646,situacao-pagar-uma-taxa,,,pagar uma taxa,to pay a fee,缴納费用,繳納費用,,,,,
espaco_cidadao,Espaço Cidadão,vocabulario,,,az-0162,m3-fatura,noun,f,a fatura,invoice,发票,發票,Pode dar-me uma fatura?,Can you give me an invoice?,可以给我一张发票吗？,可以給我一張發票嗎？,
espaco_cidadao,Espaço Cidadão,vocabulario,,,az-0017,m1-telefone,noun,m,o telefone,telephone,电话,電話,Qual é o seu número de telefone?,What is your telephone number?,您的电话号码是多少？,您的電話號碼是多少？,
espaco_cidadao,Espaço Cidadão,vocabulario,,,az-0018,m1-telemovel,noun,m,o telemóvel,mobile phone,手机/移动电话,手機/行動電話,O meu telemóvel é novo.,My mobile phone is new.,我的手机是新的。,我的手機是新的。,
espaco_cidadao,Espaço Cidadão,vocabulario,,,az-0781,situacao-a-aplicacao-a-app,noun,f,a aplicação / a app,the app,应用程式,應用程式,,,,,
espaco_cidadao,Espaço Cidadão,vocabulario,,,az-0254,m5-atender,,,atender,to answer,接电话,接電話,Não atenda o telemóvel.,Do not answer the mobile phone.,不要接手机。,不要接手機。,
espaco_cidadao,Espaço Cidadão,vocabulario,,,az-0255,m5-desligar,,,desligar,to turn off,关闭,關閉,Desligue o telemóvel.,Turn off the mobile phone.,请关掉手机。,請關掉手機。,
espaco_cidadao,Espaço Cidadão,vocabulario,,,az-0596,m12-informar-se,,,informar-se,to get informed,了解情况,了解情況,Tenta informar-se sobre os candidatos.,He tries to find out about the candidates.,他试图了解候选人的情况。,他試圖了解候選人的情況。,
espaco_cidadao,Espaço Cidadão,vocabulario,,,az-0570,m12-gratuito,,,gratuito(a),free of charge,免费,免費,O serviço é gratuito. A consulta é gratuita.,The service is free of charge. The consultation is free of charge.,该服务是免费的。咨询是免费的。,該服務是免費的。諮詢是免費的。,
espaco_cidadao,Espaço Cidadão,dialogo,opening,467,dialogo-espaco_cidadao-bom-dia-preciso-de-ativar-a-chave-movel-digital,,,,Bom dia. Preciso de ativar a Chave Móvel Digital.,Good morning. I need to activate my Digital Mobile Key.,早上好。我需要开通数字移动密钥。,早晨。我需要啟用數碼流動金鑰。,,,,,
espaco_cidadao,Espaço Cidadão,dialogo,availability,468,dialogo-espaco_cidadao-este-servico-esta-disponivel-neste-espaco-cidadao,,,,Este serviço está disponível neste Espaço Cidadão?,Is this service available at this Citizen's Desk?,这个市民服务中心可以办理这项服务吗？,這個市民服務中心可以辦理這項服務嗎？,,,,,
espaco_cidadao,Espaço Cidadão,dialogo,availability,469,dialogo-espaco_cidadao-sim-aqui-fazemos-a-ativacao-com-apoio-de-um-assistente,,,,Sim. Aqui fazemos a ativação com apoio de um assistente.,Yes. We provide assisted activation here.,可以。这里有工作人员协助开通。,可以。這裡有職員協助啟用。,,,,,
espaco_cidadao,Espaço Cidadão,dialogo,appointment,470,dialogo-espaco_cidadao-e-preciso-marcar-atendimento,,,,É preciso marcar atendimento?,Do I need an appointment?,需要预约吗？,需要預約嗎？,,,,,
espaco_cidadao,Espaço Cidadão,dialogo,appointment,471,dialogo-espaco_cidadao-nao-o-atendimento-normal-e-feito-sem-marcacao,,,,Não. O atendimento normal é feito sem marcação.,No. Regular service is provided without an appointment.,不需要。普通服务无需预约。,不需要。一般服務毋須預約。,,,,,
espaco_cidadao,Espaço Cidadão,dialogo,documents,472,dialogo-espaco_cidadao-trouxe-o-documento-de-identificacao-e-o-telemovel,,,,Trouxe o documento de identificação e o telemóvel.,I brought my identity document and phone.,我带了身份证件和手机。,我帶了身份證明文件和手機。,,,,,
espaco_cidadao,Espaço Cidadão,dialogo,problem,473,dialogo-espaco_cidadao-nao-me-lembro-do-pin-e-ja-nao-uso-o-email-antigo,,,,Não me lembro do PIN e já não uso o email antigo.,I don't remember the PIN and no longer use my old email.,我不记得密码，也不再使用原来的邮箱。,我不記得密碼，也不再使用以前的電郵。,,,,,
espaco_cidadao,Espaço Cidadão,dialogo,recovery,474,dialogo-espaco_cidadao-vamos-primeiro-confirmar-a-sua-identidade-e-atualizar-os-contactos,,,,Vamos primeiro confirmar a sua identidade e atualizar os contactos.,We will first confirm your identity and update your contact details.,我们先核实您的身份并更新联系方式。,我們先核實您的身份並更新聯絡資料。,,,,,
espaco_cidadao,Espaço Cidadão,dialogo,confirmation,475,dialogo-espaco_cidadao-no-fim-recebo-algum-comprovativo,,,,"No fim, recebo algum comprovativo?",Will I receive confirmation when it is finished?,办完后会收到凭证吗？,辦妥後會收到確認嗎？,,,,,
espaco_cidadao,Espaço Cidadão,dialogo,confirmation,476,dialogo-espaco_cidadao-sim-pode-confirmar-a-ativacao-no-ecra-e-guardar-a-mensagem,,,,Sim. Pode confirmar a ativação no ecrã e guardar a mensagem.,Yes. You can confirm activation on screen and keep the message.,会。您可以在屏幕上确认开通并保存通知。,會。您可以在畫面上確認啟用並保留訊息。,,,,,
espaco_cidadao,Espaço Cidadão,dialogo,expanded real-world coverage,528,dialogo-espaco_cidadao-tambem-preciso-de-alterar-a-morada-do-cartao-de-cidadao,,,,Também preciso de alterar a morada do Cartão de Cidadão.,I also need to change the address on my Citizen Card.,我还需要更改公民卡上的地址。,我還需要更改公民證上的地址。,,,,,
espaco_cidadao,Espaço Cidadão,dialogo,expanded real-world coverage,529,dialogo-espaco_cidadao-tem-consigo-os-codigos-pin-e-um-comprovativo-da-nova-morada,,,,Tem consigo os códigos PIN e um comprovativo da nova morada?,Do you have the PIN codes and proof of the new address with you?,您带了 PIN 码和新地址证明吗？,您帶了 PIN 碼和新地址證明嗎？,,,,,
espaco_cidadao,Espaço Cidadão,dialogo,expanded real-world coverage,530,dialogo-espaco_cidadao-tenho-os-codigos-mas-o-contrato-da-casa-esta-no-nome-da-minha-mulher,,,,"Tenho os códigos, mas o contrato da casa está no nome da minha mulher.","I have the codes, but the tenancy agreement is in my wife's name.",我有 PIN 码，但租房合同是我妻子的名字。,我有 PIN 碼，但租約是我妻子的名字。,,,,,
espaco_cidadao,Espaço Cidadão,dialogo,expanded real-world coverage,531,dialogo-espaco_cidadao-pode-apresentar-o-contrato-e-uma-declaracao-assinada-por-ela,,,,Pode apresentar o contrato e uma declaração assinada por ela.,You can present the agreement and a declaration signed by her.,您可以提交合同和她签署的声明。,您可以提交租約和她簽署的聲明。,,,,,
espaco_cidadao,Espaço Cidadão,dialogo,expanded real-world coverage,532,dialogo-espaco_cidadao-a-alteracao-fica-concluida-hoje,,,,A alteração fica concluída hoje?,Will the change be completed today?,今天能完成更改吗？,今天能完成更改嗎？,,,,,
espaco_cidadao,Espaço Cidadão,dialogo,expanded real-world coverage,533,dialogo-espaco_cidadao-primeiro-recebe-uma-carta-com-um-codigo-de-confirmacao-na-nova-morada,,,,Primeiro recebe uma carta com um código de confirmação na nova morada.,"First, you will receive a letter with a confirmation code at the new address.",您会先在新地址收到一封带确认码的信。,您會先在新地址收到一封附有確認碼的信。,,,,,
espaco_cidadao,Espaço Cidadão,dialogo,expanded real-world coverage,534,dialogo-espaco_cidadao-posso-confirmar-o-codigo-aqui-no-balcao,,,,Posso confirmar o código aqui no balcão?,Can I confirm the code here at the service desk?,我可以在这里的服务台确认吗？,我可以在這裡的服務櫃位確認嗎？,,,,,
espaco_cidadao,Espaço Cidadão,dialogo,expanded real-world coverage,535,dialogo-espaco_cidadao-sim-ou-pela-internet-dentro-do-prazo-indicado-na-carta,,,,"Sim, ou pela internet, dentro do prazo indicado na carta.","Yes, or online, within the deadline stated in the letter.",可以，也可以在信中注明的期限内在线确认。,可以，也可以在信中註明的期限內網上確認。,,,,,
espaco_cidadao,Espaço Cidadão,dialogo,expanded real-world coverage,536,dialogo-espaco_cidadao-e-se-a-carta-nao-chegar,,,,E se a carta não chegar?,What if the letter does not arrive?,如果信没有寄到怎么办？,如果信沒有寄到怎麼辦？,,,,,
espaco_cidadao,Espaço Cidadão,dialogo,expanded real-world coverage,537,dialogo-espaco_cidadao-volte-ao-balcao-para-verificarmos-a-morada-e-pedirmos-um-novo-codigo,,,,Volte ao balcão para verificarmos a morada e pedirmos um novo código.,Come back to the desk so we can check the address and request a new code.,请回到服务台，我们会核对地址并申请新代码。,請回到服務櫃位，我們會核對地址並申請新代碼。,,,,,
espaco_cidadao,Espaço Cidadão,cartao,other-service,307,cartao-espaco_cidadao-quero-alterar-e-confirmar-a-morada-do-cartao-de-cidadao,,,,Quero alterar e confirmar a morada do Cartão de Cidadão.,I want to change and confirm the address on my Citizen Card.,我想更改并确认公民卡地址。,我想更改並確認公民證地址。,,,,,
espaco_cidadao,Espaço Cidadão,cartao,availability,308,cartao-espaco_cidadao-este-balcao-faz-renovacao-da-carta-de-conducao,,,,Este balcão faz renovação da carta de condução?,Does this desk renew driving licences?,这个服务台可以续期驾驶证吗？,這個服務台可以續期駕駛執照嗎？,,,,,
espaco_cidadao,Espaço Cidadão,cartao,documents,309,cartao-espaco_cidadao-falta-algum-documento-para-concluir-o-servico,,,,Falta algum documento para concluir o serviço?,Is any document missing to complete the service?,办完这项服务还缺什么文件吗？,辦妥這項服務還欠甚麼文件嗎？,,,,,
espaco_cidadao,Espaço Cidadão,cartao,cost,310,cartao-espaco_cidadao-este-servico-tem-algum-custo,,,,Este serviço tem algum custo?,Is there a fee for this service?,这项服务收费吗？,這項服務收費嗎？,,,,,
espaco_cidadao,Espaço Cidadão,cartao,assistance,311,cartao-espaco_cidadao-pode-mostrar-me-como-fazer-isto-online-da-proxima-vez,,,,Pode mostrar-me como fazer isto online da próxima vez?,Can you show me how to do this online next time?,可以教我下次怎样在线办理吗？,可以教我下次怎樣在網上辦理嗎？,,,,,
espaco_cidadao,Espaço Cidadão,cartao,recovery,312,cartao-espaco_cidadao-pode-repetir-o-ultimo-passo-mais-devagar,,,,Pode repetir o último passo mais devagar?,Can you repeat the last step more slowly?,可以慢一点重复最后一个步骤吗？,可以慢一點重複最後一個步驟嗎？,,,,,
espaco_cidadao,Espaço Cidadão,cartao,confirmation,313,cartao-espaco_cidadao-preciso-de-confirmar-a-alteracao-depois,,,,Preciso de confirmar a alteração depois?,Do I need to confirm the change afterwards?,之后还需要确认更改吗？,之後還需要確認更改嗎？,,,,,
espaco_cidadao,Espaço Cidadão,cartao,tracking,314,cartao-espaco_cidadao-onde-posso-consultar-o-estado-deste-pedido,,,,Onde posso consultar o estado deste pedido?,Where can I check the status of this request?,在哪里可以查询这项申请的状态？,在哪裡可以查詢這項申請的狀態？,,,,,
espaco_cidadao,Espaço Cidadão,cartao,useful situation example,411,cartao-espaco_cidadao-onde-posso-encontrar-informacoes-sobre-o-comprovativo-de-pagamento,,,,Onde posso encontrar informações sobre o comprovativo de pagamento?,Where can I find information about proof of payment?,我可以在哪里查到有关缴费憑证的信息？,我可以在哪裡查到有關繳費憑證的資訊？,,,,,
espaco_cidadao,Espaço Cidadão,cartao,useful situation example,412,cartao-espaco_cidadao-onde-posso-encontrar-informacoes-sobre-o-comprovativo-de-morada,,,,Gostaria de saber mais sobre o comprovativo de morada.,I would like to know more about proof of address.,我想进一步了解住址证明。,我想進一步了解住址證明。,,,,,
espaco_cidadao,Espaço Cidadão,cartao,useful situation example,413,cartao-espaco_cidadao-pode-explicar-me-o-que-devo-fazer-para-atualizar-a-morada,,,,Pode explicar-me o que devo fazer para atualizar a morada?,Could you explain what I need to do to update my address?,可以说明我要怎样更新地址吗？,可以說明我要怎樣更新地址嗎？,,,,,
espaco_cidadao,Espaço Cidadão,cartao,useful situation example,414,cartao-espaco_cidadao-pode-explicar-me-o-que-devo-fazer-para-tirar-a-senha,,,,Onde tiro a senha para ser atendido?,Where do I take a queue ticket to be served?,我应该在哪里取号等候办理？,我應該在哪裡取號等候辦理？,,,,,
espaco_cidadao,Espaço Cidadão,cartao,useful situation example,415,cartao-espaco_cidadao-pode-dar-me-informacoes-sobre-o-comprovativo,,,,Pode dar-me informações sobre o comprovativo?,Could you give me information about proof / receipt (of application)?,可以告诉我有关申请憑证的信息吗？,可以告訴我有關申請憑證的資訊嗎？,,,,,
espaco_cidadao,Espaço Cidadão,cartao,useful situation example,416,cartao-espaco_cidadao-preciso-de-esclarecer-uma-duvida-sobre-o-horario-de-atendimento,,,,Preciso de esclarecer uma dúvida sobre o horário de atendimento.,I have a question about office hours.,我需要咨询有关办公时间的问题。,我需要查詢有關辦公時間的問題。,,,,,
espaco_cidadao,Espaço Cidadão,cartao,useful situation example,417,cartao-espaco_cidadao-como-posso-levantar-o-documento,,,,Como posso levantar o documento?,How can I collect the document?,我该怎样领取文件？,我該怎樣領取文件？,,,,,
espaco_cidadao,Espaço Cidadão,cartao,useful situation example,418,cartao-espaco_cidadao-qual-e-o-seu-numero-de-telefone,,,,Qual é o seu número de telefone?,What is your telephone number?,您的电话号码是多少？,您的電話號碼是多少？,,,,,
espaco_cidadao,Espaço Cidadão,cartao,useful situation example,419,cartao-espaco_cidadao-preciso-de-esclarecer-uma-duvida-sobre-a-senha-de-acesso,,,,Quem me pode orientar sobre a senha de acesso?,Who can advise me about access password (portal login)?,关于登入密码，谁可以给我指引？,關於登入密碼，誰可以給我指引？,,,,,
espaco_cidadao,Espaço Cidadão,cartao,useful situation example,420,cartao-espaco_cidadao-com-quem-devo-falar-sobre-a-senha-de-atendimento,,,,Com quem devo falar sobre a senha de atendimento?,Who should I speak to about queue ticket?,关于排队取号，我应该和谁联系？,關於排隊取號，我應該聯絡誰？,,,,,
espaco_cidadao,Espaço Cidadão,cartao,useful situation example,421,cartao-espaco_cidadao-pode-dar-me-a-sua-senha,,,,Pode dar-me a sua senha?,Can you give me your ticket number?,您可以给我您的号码票吗？,您可以給我您的號碼牌嗎？,,,,,
espaco_cidadao,Espaço Cidadão,cartao,useful situation example,422,cartao-espaco_cidadao-com-quem-devo-falar-sobre-o-formulario,,,,Tenho uma questão relacionada com o formulário.,I have a question related to form.,我有一个与表格有关的问题。,我有一個與表格有關的問題。,,,,,
farmacia,Farmácia,vocabulario,,,az-0312,,noun,f,a farmácia,pharmacy,药店,藥局,A farmácia fecha às sete.,The pharmacy closes at seven.,药店七点关门。,藥局七點關門。,
farmacia,Farmácia,vocabulario,,,az-1243,situacao-a-farmacia-de-servico,noun,f,a farmácia de serviço,on-duty pharmacy,值班药店,值班藥局,Procura a farmácia de serviço.,Look for the pharmacy on duty.,找一下值班药店。,找一下值班藥局。,
farmacia,Farmácia,vocabulario,,,az-1244,situacao-o-farmaceutico,noun,m,o farmacêutico,pharmacist,药剂师,藥劑師,O farmacêutico explicou tudo.,The pharmacist explained everything.,药剂师都解释清楚了。,藥劑師都解釋清楚了。,
farmacia,Farmácia,vocabulario,,,az-0311,,noun,f,a receita,prescription,处方,處方,É preciso receita?,Do I need a prescription?,需要处方吗？,需要處方嗎？,
farmacia,Farmácia,vocabulario,,,az-0333,,noun,m,o medicamento,medicine,药,藥,Tomo o medicamento à noite.,I take the medicine at night.,我晚上吃药。,我晚上吃藥。,
farmacia,Farmácia,vocabulario,,,az-1245,situacao-o-generico,noun,m,o genérico,generic drug,仿制药,學名藥,O genérico é mais barato.,The generic is cheaper.,仿制药比较便宜。,學名藥比較便宜。,
farmacia,Farmácia,vocabulario,,,az-0318,,noun,m,o comprimido,pill,药片,藥片,Tomo um comprimido por dia.,I take one pill a day.,我一天吃一颗药。,我一天吃一顆藥。,
farmacia,Farmácia,vocabulario,,,az-1246,situacao-o-xarope,noun,m,o xarope,syrup,糖浆,糖漿,O xarope é para a tosse.,The syrup is for coughs.,这糖浆是止咳的。,這糖漿是止咳的。,
farmacia,Farmácia,vocabulario,,,az-1122,situacao-a-pomada,noun,f,a pomada,ointment,药膏,藥膏,A pomada é para a pele.,The ointment is for the skin.,这药膏是擦皮肤的。,這藥膏是擦皮膚的。,
farmacia,Farmácia,vocabulario,,,az-1247,situacao-as-gotas,noun,f-pl,as gotas,drops,滴剂,滴劑,Duas gotas em cada olho.,Two drops in each eye.,每只眼睛滴两滴。,每隻眼睛滴兩滴。,
farmacia,Farmácia,vocabulario,,,az-0882,situacao-a-dose,noun,f,a dose,dose,剂量,劑量,Qual é a dose certa?,What is the right dose?,正确剂量是多少？,正確劑量是多少？,
farmacia,Farmácia,vocabulario,,,az-1248,situacao-tomar,verb,,tomar,to take (medicine),服用,服用,Tome sempre com água.,Always take with water.,一定要配水服用。,一定要配水服用。,
farmacia,Farmácia,vocabulario,,,az-0875,situacao-em-jejum,,,em jejum,on an empty stomach,空腹,空腹,Tome este em jejum.,Take this on an empty stomach.,这个要空腹吃。,這個要空腹吃。,
farmacia,Farmácia,vocabulario,,,az-1249,situacao-as-refeicoes,,,às refeições,with meals,随餐,隨餐,Um comprimido às refeições.,One tablet with meals.,随餐吃一颗。,隨餐吃一顆。,
farmacia,Farmácia,vocabulario,,,az-1250,situacao-a-dor,noun,f,a dor,pain,疼痛,疼痛,Tenho uma dor aqui.,I have a pain here.,我这里痛。,我這裡痛。,
farmacia,Farmácia,vocabulario,,,az-0492,,noun,f,a dor de cabeça,headache,头痛,頭痛,A dor de cabeça passou.,The headache went away.,头痛好了。,頭痛好了。,
farmacia,Farmácia,vocabulario,,,az-1251,situacao-a-dor-de-garganta,noun,f,a dor de garganta,sore throat,喉咙痛,喉嚨痛,Tenho dor de garganta.,I have a sore throat.,我喉咙痛。,我喉嚨痛。,
farmacia,Farmácia,vocabulario,,,az-1252,situacao-a-febre,noun,f,a febre,fever,发烧,發燒,Ele tem febre alta.,He has a high fever.,他发高烧。,他發高燒。,
farmacia,Farmácia,vocabulario,,,az-1253,situacao-o-termometro,noun,m,o termómetro,thermometer,体温计,體溫計,Compra um termómetro novo.,Buy a new thermometer.,买个新的体温计。,買個新的體溫計。,
farmacia,Farmácia,vocabulario,,,az-1254,situacao-a-tosse,noun,f,a tosse,cough,咳嗽,咳嗽,A tosse não passa.,The cough doesn't go away.,咳嗽好不了。,咳嗽好不了。,
farmacia,Farmácia,vocabulario,,,az-1255,situacao-a-constipacao,noun,f,a constipação,cold (illness),感冒,感冒,Apanhei uma constipação.,I caught a cold.,我感冒了。,我感冒了。,
farmacia,Farmácia,vocabulario,,,az-1256,situacao-a-gripe,noun,f,a gripe,flu,流感,流感,A gripe já passou.,The flu is gone.,流感已经好了。,流感已經好了。,
farmacia,Farmácia,vocabulario,,,az-0310,,noun,f,a alergia,allergy,过敏,過敏,Tenho alergia ao pólen.,I am allergic to pollen.,我对花粉过敏。,我對花粉過敏。,
farmacia,Farmácia,vocabulario,,,az-1257,situacao-o-anti-histaminico,noun,m,o anti-histamínico,antihistamine,抗组胺药,抗組織胺,Tomei um anti-histamínico.,I took an antihistamine.,我吃了抗组胺药。,我吃了抗組織胺。,
farmacia,Farmácia,vocabulario,,,az-1258,situacao-o-analgesico,noun,m,o analgésico,painkiller,止痛药,止痛藥,Este analgésico é forte.,This painkiller is strong.,这止痛药很强。,這止痛藥很強。,
farmacia,Farmácia,vocabulario,,,az-0350,,noun,m,o antibiótico,antibiotic,抗生素,抗生素,O antibiótico é com receita.,The antibiotic is prescription.,抗生素要处方。,抗生素要處方。,
farmacia,Farmácia,vocabulario,,,az-1259,situacao-a-vitamina,noun,f,a vitamina,vitamin,维生素,維他命,Tomo vitaminas no inverno.,I take vitamins in winter.,我冬天吃维生素。,我冬天吃維他命。,
farmacia,Farmácia,vocabulario,,,az-1260,situacao-o-penso-rapido,noun,m,o penso rápido,band-aid,创可贴,OK繃,Preciso de um penso rápido.,I need a Band-Aid.,我需要创可贴。,我需要OK繃。,
farmacia,Farmácia,vocabulario,,,az-1046,situacao-o-desinfetante,noun,m,o desinfetante,disinfectant,消毒液,消毒液,Põe desinfetante na ferida.,Put disinfectant on the wound.,在伤口上抹消毒液。,在傷口上抹消毒液。,
farmacia,Farmácia,vocabulario,,,az-0309,,noun,f,a máscara,mask,口罩,口罩,Levo sempre uma máscara.,I always carry a mask.,我总是带着口罩。,我總是帶著口罩。,
farmacia,Farmácia,vocabulario,,,az-1261,situacao-o-teste,noun,m,o teste,test,检测,檢測,Fiz um teste rápido.,I took a quick test.,我做了快筛。,我做了快篩。,
farmacia,Farmácia,vocabulario,,,az-1262,situacao-a-tensao,noun,f,a tensão,blood pressure,血压,血壓,A minha tensão está alta.,My tension is high.,我血压偏高。,我血壓偏高。,
farmacia,Farmácia,vocabulario,,,az-1263,situacao-medir,verb,,medir,to measure,量,量,Vou medir a febre.,I'll measure the fever.,我来量一下体温。,我來量一下體溫。,
farmacia,Farmácia,vocabulario,,,az-1264,situacao-o-protetor-solar,noun,m,o protetor solar,sunscreen,防晒霜,防曬乳,Usa protetor solar na praia.,Use sunscreen on the beach.,在海滩要擦防晒。,在海灘要擦防曬。,
farmacia,Farmácia,vocabulario,,,az-1265,situacao-o-efeito-secundario,noun,m,o efeito secundário,side effect,副作用,副作用,Tem efeitos secundários?,Does it have side effects?,有副作用吗？,有副作用嗎？,
farmacia,Farmácia,vocabulario,,,az-1266,situacao-gravida,,,grávida,pregnant,怀孕,懷孕,Ela está grávida.,She is pregnant.,她怀孕了。,她懷孕了。,
farmacia,Farmácia,dialogo,,386,dialogo-farmacia-boa-tarde-o-que-deseja,,,,"Boa tarde, o que deseja?","Good afternoon, how can I help?",下午好，需要什么？,午安，需要什麼？,,,,,
farmacia,Farmácia,dialogo,,387,dialogo-farmacia-tenho-dor-de-garganta-e-tosse,,,,Tenho dor de garganta e tosse.,I have a sore throat and a cough.,我喉咙痛还咳嗽。,我喉嚨痛還咳嗽。,,,,,
farmacia,Farmácia,dialogo,,388,dialogo-farmacia-tem-febre,,,,Tem febre?,Do you have a fever?,有发烧吗？,有發燒嗎？,,,,,
farmacia,Farmácia,dialogo,,389,dialogo-farmacia-um-pouco-ontem-a-noite,,,,"Um pouco, ontem à noite.","A little, last night.",有一点，昨晚烧的。,有一點，昨晚燒的。,,,,,
farmacia,Farmácia,dialogo,,390,dialogo-farmacia-parece-uma-constipacao-tem-alergias,,,,Parece uma constipação. Tem alergias?,Sounds like a cold. Any allergies?,像是感冒。有过敏吗？,像是感冒。有過敏嗎？,,,,,
farmacia,Farmácia,dialogo,,391,dialogo-farmacia-nao-que-eu-saiba,,,,Não que eu saiba.,Not that I know of.,据我所知没有。,據我所知沒有。,,,,,
farmacia,Farmácia,dialogo,,392,dialogo-farmacia-leve-este-xarope-e-estes-comprimidos,,,,Leve este xarope e estes comprimidos.,Take this syrup and these pills.,拿这瓶糖浆和这些药片。,拿這瓶糖漿和這些藥片。,,,,,
farmacia,Farmácia,dialogo,,393,dialogo-farmacia-como-tomo-os-comprimidos,,,,Como tomo os comprimidos?,How do I take the pills?,药片怎么吃？,藥片怎麼吃？,,,,,
farmacia,Farmácia,dialogo,,394,dialogo-farmacia-um-de-oito-em-oito-horas-as-refeicoes,,,,"Um de oito em oito horas, às refeições.","One every eight hours, with meals.",每八小时一片，随餐。,每八小時一片，隨餐。,,,,,
farmacia,Farmácia,dialogo,,395,dialogo-farmacia-e-o-xarope,,,,E o xarope?,And the syrup?,糖浆呢？,糖漿呢？,,,,,
farmacia,Farmácia,dialogo,,396,dialogo-farmacia-duas-vezes-por-dia-manha-e-noite,,,,"Duas vezes por dia, manhã e noite.","Twice a day, morning and night.",一天两次，早晚。,一天兩次，早晚。,,,,,
farmacia,Farmácia,dialogo,,397,dialogo-farmacia-este-medicamento-precisa-de-receita,,,,Este medicamento precisa de receita?,Does this medicine need a prescription?,这药要处方吗？,這藥要處方嗎？,,,,,
farmacia,Farmácia,dialogo,,398,dialogo-farmacia-nao-e-de-venda-livre,,,,"Não, é de venda livre.","No, it's over the counter.",不用，是非处方药。,不用，是非處方藥。,,,,,
farmacia,Farmácia,dialogo,,399,dialogo-farmacia-ha-generico-e-mais-barato,,,,Há genérico? É mais barato?,Is there a generic? Is it cheaper?,有仿制药吗？便宜点吗？,有學名藥嗎？便宜點嗎？,,,,,
farmacia,Farmácia,dialogo,,400,dialogo-farmacia-ha-sim-custa-quatro-euros,,,,"Há, sim. Custa quatro euros.","Yes, there is. It's four euros.",有，四欧元。,有，四歐元。,,,,,
farmacia,Farmácia,dialogo,,401,dialogo-farmacia-e-se-nao-melhorar,,,,E se não melhorar?,And if I don't get better?,要是没好转呢？,要是沒好轉呢？,,,,,
farmacia,Farmácia,dialogo,,402,dialogo-farmacia-em-tres-dias-sem-melhoras-va-ao-medico,,,,"Em três dias sem melhoras, vá ao médico.","If you're no better in three days, see a doctor.",三天没好就去看医生。,三天沒好就去看醫生。,,,,,
farmacia,Farmácia,dialogo,expanded real-world coverage,612,dialogo-farmacia-posso-tomar-este-medicamento-com-os-outros-que-ja-tomo,,,,Posso tomar este medicamento com os outros que já tomo?,Can I take this medicine with the others I already take?,这种药可以和我正在服用的其他药一起吃吗？,這種藥可以和我正在服用的其他藥一起吃嗎？,,,,,
farmacia,Farmácia,dialogo,expanded real-world coverage,613,dialogo-farmacia-diga-me-quais-sao-ou-mostre-me-a-sua-lista-de-medicacao,,,,Diga-me quais são ou mostre-me a sua lista de medicação.,"Tell me which ones they are, or show me your medication list.",请告诉我药名，或出示您的用药清单。,請告訴我藥名，或出示您的用藥清單。,,,,,
farmacia,Farmácia,dialogo,expanded real-world coverage,614,dialogo-farmacia-tenho-a-lista-no-telemovel-pode-verificar-por-favor,,,,"Tenho a lista no telemóvel. Pode verificar, por favor?","I have the list on my phone. Could you check it, please?",清单在手机里。可以帮我查看吗？,清單在手提電話裡。可以幫我查看嗎？,,,,,
farmacia,Farmácia,cartao,,251,cartao-farmacia-tenho-dor-de-cabeca,,,,Tenho dor de cabeça.,I have a headache.,我头痛。,我頭痛。,,,,,
farmacia,Farmácia,cartao,,252,cartao-farmacia-tenho-dor-de-garganta,,,,Tenho dor de garganta.,I have a sore throat.,我喉咙痛。,我喉嚨痛。,,,,,
farmacia,Farmácia,cartao,,253,cartao-farmacia-tenho-tosse-e-febre,,,,Tenho tosse e febre.,I have a cough and a fever.,我咳嗽又发烧。,我咳嗽又發燒。,,,,,
farmacia,Farmácia,cartao,,254,cartao-farmacia-estou-constipado,,,,Estou constipado.,I have a cold.,我感冒了。,我感冒了。,,,,,
farmacia,Farmácia,cartao,,255,cartao-farmacia-tenho-alergia,,,,Tenho alergia.,I have an allergy.,我过敏。,我過敏。,,,,,
farmacia,Farmácia,cartao,,256,cartao-farmacia-preciso-de-algo-para-a-dor,,,,Preciso de algo para a dor.,I need something for pain.,我需要止痛的药。,我需要止痛的藥。,,,,,
farmacia,Farmácia,cartao,,257,cartao-farmacia-e-preciso-receita,,,,É preciso receita?,Do I need a prescription?,需要处方吗？,需要處方嗎？,,,,,
farmacia,Farmácia,cartao,,258,cartao-farmacia-ha-generico,,,,Há genérico?,Is there a generic?,有仿制药吗？,有學名藥嗎？,,,,,
farmacia,Farmácia,cartao,,259,cartao-farmacia-como-se-toma,,,,Como se toma?,How do I take it?,怎么服用？,怎麼服用？,,,,,
farmacia,Farmácia,cartao,,260,cartao-farmacia-quantas-vezes-por-dia,,,,Quantas vezes por dia?,How many times a day?,一天几次？,一天幾次？,,,,,
farmacia,Farmácia,cartao,,261,cartao-farmacia-em-jejum-ou-as-refeicoes,,,,Em jejum ou às refeições?,On an empty stomach or with meals?,空腹还是随餐？,空腹還是隨餐？,,,,,
farmacia,Farmácia,cartao,,262,cartao-farmacia-tem-efeitos-secundarios,,,,Tem efeitos secundários?,Does it have side effects?,有副作用吗？,有副作用嗎？,,,,,
farmacia,Farmácia,cartao,,263,cartao-farmacia-estou-gravida-posso-tomar,,,,Estou grávida. Posso tomar?,I'm pregnant. Can I take it?,我怀孕了，能吃吗？,我懷孕了，能吃嗎？,,,,,
farmacia,Farmácia,cartao,,264,cartao-farmacia-pode-medir-me-a-tensao,,,,Pode medir-me a tensão?,Can you take my blood pressure?,可以帮我量血压吗？,可以幫我量血壓嗎？,,,,,
farmacia,Farmácia,cartao,,265,cartao-farmacia-onde-e-a-farmacia-de-servico,,,,Onde é a farmácia de serviço?,Where's the on-duty pharmacy?,值班药店在哪？,值班藥局在哪？,,,,,
farmacia,Farmácia,cartao,,266,cartao-farmacia-queria-pensos-rapidos,,,,Queria pensos rápidos.,I'd like some band-aids.,我要创可贴。,我要OK繃。,,,,,
farmacia,Farmácia,cartao,useful situation example,542,cartao-farmacia-qual-e-a-dose-certa,,,,Qual é a dose certa?,What is the right dose?,正确剂量是多少？,正確劑量是多少？,,,,,
farmacia,Farmácia,cartao,useful situation example,543,cartao-farmacia-preciso-de-um-penso-rapido,,,,Preciso de um penso rápido.,I need a Band-Aid.,我需要创可贴。,我需要OK繃。,,,,,
farmacia,Farmácia,cartao,useful situation example,544,cartao-farmacia-tenho-alergia-ao-polen,,,,Tenho alergia ao pólen.,I am allergic to pollen.,我对花粉过敏。,我對花粉過敏。,,,,,
farmacia,Farmácia,cartao,useful situation example,545,cartao-farmacia-procura-a-farmacia-de-servico,,,,Procura a farmácia de serviço.,Look for the pharmacy on duty.,找一下值班药店。,找一下值班藥局。,,,,,
financas,Finanças,vocabulario,,,az-0615,situacao-o-nif-numero-de-identificacao-fiscal,noun,m,o NIF (número de identificação fiscal),NIF (tax identification number),NIF（税务识別号码）,NIF（稅務識別號碼）,,,,,First document most newcomers need
financas,Finanças,vocabulario,,,az-0616,situacao-pedir-o-nif,,,pedir o NIF,to apply for a NIF,申请税号,申請稅號,,,,,
financas,Finanças,vocabulario,,,az-0617,situacao-o-representante-fiscal,noun,m,o representante fiscal,tax representative,税务代表,稅務代表,,,,,Only required for non-EU residents without PT address
financas,Finanças,vocabulario,,,az-0618,situacao-a-autoridade-tributaria-at,noun,f,a Autoridade Tributária (AT),Tax Authority,税务局,稅務局,,,,,
financas,Finanças,vocabulario,,,az-0619,situacao-o-portal-das-financas,noun,m,o Portal das Finanças,the Finanças online portal,财政入口网站,財政入口網站,,,,,Password sent by post after registration
financas,Finanças,vocabulario,,,az-0620,situacao-a-senha-de-acesso,noun,f,a senha de acesso,access password (portal login),登入密码,登入密碼,,,,,
financas,Finanças,vocabulario,,,az-0621,situacao-tirar-a-senha,,,tirar a senha,to take a queue ticket,取号（排队票）,取號（排隊票）,,,,,Same word 'senha' = ticket AND password
financas,Finanças,vocabulario,,,az-0622,situacao-a-declaracao-de-irs,noun,f,a declaração de IRS,income tax return,个人所得税申報表,個人所得稅申報表,,,,,
financas,Finanças,vocabulario,,,az-0623,situacao-o-domicilio-fiscal,noun,m,o domicílio fiscal,registered tax address,税务登记地址,稅務登記地址,,,,,
financas,Finanças,vocabulario,,,az-0624,situacao-atualizar-a-morada,,,atualizar a morada,to update one's address,更新地址,更新地址,,,,,
financas,Finanças,vocabulario,,,az-0611,situacao-o-comprovativo-de-morada,noun,m,o comprovativo de morada,proof of address,住址证明,住址證明,,,,,
financas,Finanças,vocabulario,,,az-0625,situacao-a-certidao-de-residencia-fiscal,noun,f,a certidão de residência fiscal,certificate of tax residency,税务居民证明,稅務居民證明,,,,,
financas,Finanças,vocabulario,,,az-0626,situacao-as-guias-de-pagamento,noun,f-pl,as guias de pagamento,payment slips,缴费单,繳費單,,,,,
financas,Finanças,vocabulario,,,az-0807,situacao-o-irs,noun,m,o IRS,personal income tax,个人所得税（IRS）,個人所得稅（IRS）,,,,,
financas,Finanças,vocabulario,,,az-0808,situacao-a-fatura-com-nif-com-contribuinte,noun,f,a fatura com NIF / com contribuinte,receipt with your tax number,带税号的发票,帶稅號的發票,,,,,Asked at every shop: 'Quer fatura com contribuinte?'
financas,Finanças,vocabulario,,,az-0809,situacao-o-e-fatura,noun,m,o e-Fatura,e-Fatura (invoice portal),电子发票平台（e-Fatura）,電子發票平台（e-Fatura）,,,,,
financas,Finanças,vocabulario,,,az-0810,situacao-o-reembolso,noun,m,o reembolso,tax refund,退税,退稅,,,,,
financas,Finanças,vocabulario,,,az-0811,situacao-pagar-em-prestacoes,,,pagar em prestações,to pay in instalments,分期缴納,分期繳納,,,,,
financas,Finanças,vocabulario,,,az-0812,situacao-a-divida-fiscal,noun,f,a dívida fiscal,tax debt,税务欠款,稅務欠款,,,,,
financas,Finanças,vocabulario,,,az-0813,situacao-o-imi,noun,m,o IMI,property tax,房产税（IMI）,房產稅（IMI）,,,,,
financas,Finanças,vocabulario,,,az-0814,situacao-o-iuc,noun,m,o IUC,road tax,车辆税（IUC）,車輛稅（IUC）,,,,,
financas,Finanças,vocabulario,,,az-0815,situacao-o-iva,noun,m,o IVA,VAT,增值税（IVA）,增值稅（IVA）,,,,,
financas,Finanças,vocabulario,,,az-0816,situacao-a-isencao,noun,f,a isenção,exemption,免税／豁免,免稅／豁免,,,,,
financas,Finanças,vocabulario,,,az-0817,situacao-o-escalao,noun,m,o escalão,income bracket,收入级距,收入級距,,,,,
financas,Finanças,vocabulario,,,az-0818,situacao-o-rendimento,noun,m,o rendimento,income,收入,收入,,,,,
financas,Finanças,vocabulario,,,az-0819,situacao-abrir-atividade,,,abrir atividade,to register as self-employed,开业登记（自雇）,開業登記（自僱）,,,,,Required before issuing recibos verdes
financas,Finanças,vocabulario,,,az-0820,situacao-cessar-atividade,,,cessar atividade,to close self-employed activity,停业登记,停業登記,,,,,
financas,Finanças,vocabulario,,,az-0821,situacao-a-categoria-b,noun,f,a categoria B,category B (self-employment income),B类收入（自雇所得）,B類收入（自僱所得）,,,,,
financas,Finanças,vocabulario,,,az-0822,situacao-a-retencao-na-fonte,noun,f,a retenção na fonte,withholding tax,源头扣缴（预扣税）,源頭扣繳（預扣稅）,,,,,
financas,Finanças,vocabulario,,,az-0823,situacao-o-recibo-verde-eletronico,noun,m,o recibo verde eletrónico,electronic freelance receipt,电子綠色收据,電子綠色收據,,,,,
financas,Finanças,vocabulario,,,az-0824,situacao-a-chave-movel-digital-cmd,noun,f,a Chave Móvel Digital (CMD),Digital Mobile Key (gov. login),数字移动密钥（政府通用登录）,數字移動密鑰（政府通用登錄）,,,,,"One login for Finanças, SS, SNS portals"
financas,Finanças,vocabulario,,,az-0825,situacao-o-certificado-digital,noun,m,o certificado digital,digital certificate,数字证书,數字證書,,,,,
financas,Finanças,vocabulario,,,az-0826,situacao-a-nota-de-liquidacao,noun,f,a nota de liquidação,tax assessment notice,税款结算单,稅款結算單,,,,,Proof of income for AR renewals
financas,Finanças,dialogo,,8,dialogo-financas-bom-dia-vim-pedir-o-nif,,,,"Bom dia, vim pedir o NIF.","Good morning, I've come to apply for a tax number.",早上好，我來申请税号。,早上好，我來申請稅號。,,,,,
financas,Finanças,dialogo,,9,dialogo-financas-tem-passaporte-e-comprovativo-de-morada,,,,Tem passaporte e comprovativo de morada?,Do you have your passport and proof of address?,您有护照和住址证明吗？,您有護照和住址證明嗎？,,,,,
financas,Finanças,dialogo,,10,dialogo-financas-tenho-o-passaporte-mas-a-morada-ainda-e-do-estrangeiro,,,,"Tenho o passaporte, mas a morada ainda é do estrangeiro.","I have my passport, but my address is still abroad.",我有护照，但地址还是國外的。,我有護照，但地址還是國外的。,,,,,
financas,Finanças,dialogo,,11,dialogo-financas-nesse-caso-precisa-de-um-representante-fiscal-ou-de-um,,,,Nesse caso precisa de um representante fiscal ou de uma morada em Portugal.,In that case you need a tax representative or a Portuguese address.,那样的话，您需要一位税务代表或一个葡萄牙地址。,那樣的話，您需要一位稅務代表或一個葡萄牙地址。,,,,,
financas,Finanças,dialogo,,12,dialogo-financas-quanto-tempo-demora,,,,Quanto tempo demora?,How long does it take?,需要多长时间？,需要多長時間？,,,,,
financas,Finanças,dialogo,,13,dialogo-financas-o-numero-e-atribuido-hoje-mesmo-a-senha-do-portal-cheg,,,,O número é atribuído hoje mesmo. A senha do portal chega por carta.,The number is issued today. The portal password arrives by post.,号码今天就发给您。网站密码会邮寄到府。,號碼今天就發給您。網站密碼會郵寄到府。,,,,,
financas,Finanças,dialogo,,14,dialogo-financas-preciso-de-atualizar-a-minha-morada-fiscal,,,,Preciso de atualizar a minha morada fiscal.,I need to update my registered tax address.,我需要更新我的税务登记地址。,我需要更新我的稅務登記地址。,,,,,
financas,Finanças,dialogo,,15,dialogo-financas-pode-fazer-isso-online-no-portal-das-financas-com-a-su,,,,"Pode fazer isso online no Portal das Finanças, com a sua senha.",You can do that online on the Finanças portal with your password.,您可以用密码在财政网站上在线办理。,您可以用密碼在財政網站上在線辦理。,,,,,
financas,Finanças,dialogo,,131,dialogo-financas-bom-dia-quero-abrir-atividade-como-trabalhador-indepen,,,,"Bom dia, quero abrir atividade como trabalhador independente.","Good morning, I want to register as self-employed.",早上好，我想登记自雇开业。,早上好，我想登記自僱開業。,,,,,
financas,Finanças,dialogo,,132,dialogo-financas-que-atividade-vai-exercer,,,,Que atividade vai exercer?,What activity will you carry out?,您要从事什么行业？,您要從事什麼行業？,,,,,
financas,Finanças,dialogo,,133,dialogo-financas-limpezas-domesticas-e-a-minha-primeira-vez,,,,Limpezas domésticas. É a minha primeira vez.,Domestic cleaning. It's my first time.,家庭保洁。这是我第一次登记。,家庭保潔。這是我第一次登記。,,,,,
financas,Finanças,dialogo,,134,dialogo-financas-no-primeiro-ano-tem-isencao-de-iva-se-ficar-abaixo-do-,,,,No primeiro ano tem isenção de IVA se ficar abaixo do limite.,In the first year you're VAT-exempt if you stay under the threshold.,第一年收入低于门檻可以免增值税。,第一年收入低於門檻可以免增值稅。,,,,,
financas,Finanças,dialogo,,135,dialogo-financas-e-como-passo-os-recibos,,,,E como passo os recibos?,And how do I issue receipts?,那我怎么开收据？,那我怎麼開收據？,,,,,
financas,Finanças,dialogo,,136,dialogo-financas-no-portal-das-financas-recibos-verdes-eletronicos-com-,,,,"No Portal das Finanças, recibos verdes eletrónicos, com a sua senha.","On the Finanças portal, electronic green receipts, with your password.",在财政网站上用您的密码开电子綠色收据。,在財政網站上用您的密碼開電子綠色收據。,,,,,
financas,Finanças,dialogo,,137,dialogo-financas-recebi-uma-nota-para-pagar-posso-pagar-em-prestacoes,,,,Recebi uma nota para pagar. Posso pagar em prestações?,I received a payment notice. Can I pay in instalments?,我收到一张缴费通知。可以分期付款吗？,我收到一張繳費通知。可以分期付款嗎？,,,,,
financas,Finanças,dialogo,,138,dialogo-financas-pode-pedir-um-plano-prestacional-no-portal-ou-aqui-ao-,,,,Pode pedir um plano prestacional no portal ou aqui ao balcão.,You can request an instalment plan on the portal or here at the counter.,您可以在网站上或在这个柜台申请分期计划。,您可以在網站上或在這個櫃檯申請分期計劃。,,,,,
financas,Finanças,dialogo,,139,dialogo-financas-quantas-prestacoes-sao-possiveis,,,,Quantas prestações são possíveis?,How many instalments are possible?,最多可以分几期？,最多可以分幾期？,,,,,
financas,Finanças,dialogo,,140,dialogo-financas-depende-do-valor-sem-juros-ate-certo-montante,,,,Depende do valor. Sem juros até certo montante.,It depends on the amount. Interest-free up to a certain sum.,取决于金额。一定额度内免利息。,取決於金額。一定額度內免利息。,,,,,
financas,Finanças,dialogo,,141,dialogo-financas-e-se-eu-atrasar-uma-prestacao,,,,E se eu atrasar uma prestação?,And if I'm late on an instalment?,如果我逾期一期会怎样？,如果我逾期一期會怎樣？,,,,,
financas,Finanças,dialogo,,142,dialogo-financas-o-plano-pode-ser-anulado-convem-pagar-a-tempo,,,,O plano pode ser anulado — convém pagar a tempo.,The plan can be cancelled — best to pay on time.,计划可能被取消——最好按时缴納。,計劃可能被取消——最好按時繳納。,,,,,
financas,Finanças,cartao,,6,cartao-financas-vim-tratar-do-nif,,,,Vim tratar do NIF.,I'm here to sort out my tax number.,我來办理税号。,我來辦理稅號。,,,,,
financas,Finanças,cartao,,7,cartao-financas-onde-tiro-a-senha-por-favor,,,,"Onde tiro a senha, por favor?","Where do I take a queue ticket, please?",请问在哪里取号？,請問在哪裡取號？,,,,,
financas,Finanças,cartao,,8,cartao-financas-trago-passaporte-e-comprovativo-de-morada,,,,Trago passaporte e comprovativo de morada.,I have my passport and proof of address.,我带了护照和住址证明。,我帶了護照和住址證明。,,,,,
financas,Finanças,cartao,,9,cartao-financas-preciso-de-representante-fiscal,,,,Preciso de representante fiscal?,Do I need a tax representative?,我需要税务代表吗？,我需要稅務代表嗎？,,,,,
financas,Finanças,cartao,,10,cartao-financas-a-senha-do-portal-vem-por-correio,,,,A senha do portal vem por correio?,Does the portal password come by post?,网站密码是邮寄的吗？,網站密碼是郵寄的嗎？,,,,,
financas,Finanças,cartao,,11,cartao-financas-quero-atualizar-o-meu-domicilio-fiscal,,,,Quero atualizar o meu domicílio fiscal.,I want to update my tax address.,我想更新我的税务登记地址。,我想更新我的稅務登記地址。,,,,,
financas,Finanças,cartao,,96,cartao-financas-quero-abrir-atividade-como-independente,,,,Quero abrir atividade como independente.,I want to register as self-employed.,我想登记自雇开业。,我想登記自僱開業。,,,,,
financas,Finanças,cartao,,97,cartao-financas-fatura-com-contribuinte-por-favor,,,,"Fatura com contribuinte, por favor.","Receipt with my tax number, please.",请开带税号的发票。,請開帶稅號的發票。,,,,,
financas,Finanças,cartao,,98,cartao-financas-posso-pagar-em-prestacoes,,,,Posso pagar em prestações?,Can I pay in instalments?,可以分期付款吗？,可以分期付款嗎？,,,,,
financas,Finanças,cartao,,99,cartao-financas-como-ativo-a-chave-movel-digital,,,,Como ativo a Chave Móvel Digital?,How do I activate the Digital Mobile Key?,怎么开通数字移动密钥？,怎麼開通數字移動密鑰？,,,,,
financas,Finanças,cartao,,100,cartao-financas-preciso-da-nota-de-liquidacao-para-a-aima,,,,Preciso da nota de liquidação para a AIMA.,I need the tax assessment notice for AIMA.,我需要税款结算单交给移民局。,我需要稅款結算單交給移民局。,,,,,
financas,Finanças,cartao,useful situation example,364,cartao-financas-onde-posso-encontrar-informacoes-sobre-o-recibo-verde-eletronico,,,,Onde posso encontrar informações sobre o recibo verde eletrónico?,Where can I find information about electronic freelance receipt?,我可以在哪里查到有关电子綠色收据的信息？,我可以在哪裡查到有關電子綠色收據的資訊？,,,,,
financas,Finanças,cartao,useful situation example,365,cartao-financas-pode-dar-me-informacoes-sobre-a-certidao-de-residencia-fiscal,,,,Pode dar-me informações sobre a certidão de residência fiscal?,Could you give me information about certificate of tax residency?,可以告诉我有关税务居民证明的信息吗？,可以告訴我有關稅務居民證明的資訊嗎？,,,,,
financas,Finanças,cartao,useful situation example,366,cartao-financas-onde-posso-encontrar-informacoes-sobre-o-portal-das-financas,,,,Gostaria de saber mais sobre o Portal das Finanças.,I would like to know more about the Finanças online portal.,我想进一步了解财政入口网站。,我想進一步了解財政入口網站。,,,,,
financas,Finanças,cartao,useful situation example,367,cartao-financas-onde-posso-encontrar-informacoes-sobre-o-rendimento,,,,Quem me pode orientar sobre o rendimento?,Who can advise me about income?,关于收入，谁可以给我指引？,關於收入，誰可以給我指引？,,,,,
financas,Finanças,cartao,useful situation example,368,cartao-financas-pode-dar-me-informacoes-sobre-o-certificado-digital,,,,Tenho uma questão relacionada com o certificado digital.,I have a question related to digital certificate.,我有一个与数字证书有关的问题。,我有一個與數字證書有關的問題。,,,,,
financas,Finanças,cartao,useful situation example,369,cartao-financas-onde-posso-encontrar-informacoes-sobre-o-imi,,,,Consegue ajudar-me com uma dúvida sobre o IMI?,Can you help me with a question about property tax?,您能帮我解答一个有关房产税（IMI）的问题吗？,您能幫我解答一個有關房產稅（IMI）的問題嗎？,,,,,
financas,Finanças,cartao,useful situation example,370,cartao-financas-pode-dar-me-informacoes-sobre-o-reembolso,,,,A quem posso pedir esclarecimentos sobre o reembolso?,Who can I ask for clarification about tax refund?,关于退税，我可以向谁咨询？,關於退稅，我可以向誰查詢？,,,,,
financas,Finanças,cartao,useful situation example,371,cartao-financas-pode-dar-me-informacoes-sobre-o-iva,,,,Pode explicar-me melhor o que preciso de saber sobre o IVA?,Could you explain what I need to know about VAT?,您能说明我需要了解增值税（IVA）的哪些信息吗？,您能說明我需要了解增值稅（IVA）的哪些資訊嗎？,,,,,
financas,Finanças,cartao,useful situation example,372,cartao-financas-preciso-de-esclarecer-uma-duvida-sobre-o-representante-fiscal,,,,Preciso de esclarecer uma dúvida sobre o representante fiscal.,I have a question about tax representative.,我需要咨询有关税务代表的问题。,我需要查詢有關稅務代表的問題。,,,,,
ginasio,Ginásio,vocabulario,,,az-1129,situacao-o-ginasio,noun,m,o ginásio,gym,健身房,健身房,Vou ao ginásio à noite.,I go to the gym at night.,我晚上去健身房。,我晚上去健身房。,
ginasio,Ginásio,vocabulario,,,az-0330,,noun,f,a inscrição,enrollment,报名,報名,A inscrição faz-se online.,Registration is done online.,报名在线上办理。,報名在線上辦理。,
ginasio,Ginásio,vocabulario,,,az-1130,situacao-inscrever-se,verb,,inscrever-se,to sign up,报名,報名,Quero inscrever-me hoje.,I want to sign up today.,我想今天报名。,我想今天報名。,
ginasio,Ginásio,vocabulario,,,az-1131,situacao-a-mensalidade,noun,f,a mensalidade,monthly fee,月费,月費,A mensalidade é de trinta euros.,The monthly fee is thirty euros.,月费是三十欧元。,月費是三十歐元。,
ginasio,Ginásio,vocabulario,,,az-1132,situacao-a-taxa-de-inscricao,noun,f,a taxa de inscrição,joining fee,入会费,入會費,A taxa de inscrição paga-se uma vez.,The registration fee is paid once.,入会费只付一次。,入會費只付一次。,
ginasio,Ginásio,vocabulario,,,az-1133,situacao-a-fidelizacao,noun,f,a fidelização,loyalty period (lock-in),绑约,綁約,Não quero fidelização.,I don't want loyalty.,我不想绑约。,我不想綁約。,
ginasio,Ginásio,vocabulario,,,az-1134,situacao-o-contrato,noun,m,o contrato,contract,合约,合約,Li o contrato todo.,I read the entire contract.,我把合约全看了。,我把合約全看了。,
ginasio,Ginásio,vocabulario,,,az-1135,situacao-cancelar,verb,,cancelar,to cancel,取消,取消,Quero cancelar a inscrição.,I want to unsubscribe.,我想取消会籍。,我想取消會籍。,
ginasio,Ginásio,vocabulario,,,az-1136,situacao-a-aula-experimental,noun,f,a aula experimental,trial class,体验课,體驗課,A aula experimental é grátis.,The trial class is free.,体验课是免费的。,體驗課是免費的。,
ginasio,Ginásio,vocabulario,,,az-1137,situacao-a-aula-de-grupo,noun,f,a aula de grupo,group class,团体课,團體課,Adoro as aulas de grupo.,I love group classes.,我很喜欢团体课。,我很喜歡團體課。,
ginasio,Ginásio,vocabulario,,,az-1138,situacao-o-treino,noun,m,o treino,workout,训练,訓練,O treino foi duro.,The training was tough.,这次训练很累。,這次訓練很累。,
ginasio,Ginásio,vocabulario,,,az-1139,situacao-o-treinador,noun,m,o treinador,trainer,教练,教練,O treinador ajuda-me muito.,The coach helps me a lot.,教练帮了我很多。,教練幫了我很多。,
ginasio,Ginásio,vocabulario,,,az-1140,situacao-o-plano-de-treino,noun,m,o plano de treino,training plan,训练计划,訓練計劃,Segue o plano de treino.,Follow the training plan.,按照训练计划做。,按照訓練計劃做。,
ginasio,Ginásio,vocabulario,,,az-1141,situacao-o-cacifo,noun,m,o cacifo,locker,置物柜,置物櫃,Deixei tudo no cacifo.,I left everything in the locker.,我把东西都放在置物柜。,我把東西都放在置物櫃。,
ginasio,Ginásio,vocabulario,,,az-1142,situacao-o-cadeado,noun,m,o cadeado,padlock,挂锁,掛鎖,Esqueci-me do cadeado.,I forgot the padlock.,我忘了带挂锁。,我忘了帶掛鎖。,
ginasio,Ginásio,vocabulario,,,az-1143,situacao-o-balneario,noun,m,o balneário,changing room,更衣室,更衣室,O balneário está limpo.,The locker room is clean.,更衣室很干净。,更衣室很乾淨。,
ginasio,Ginásio,vocabulario,,,az-1144,situacao-o-chuveiro,noun,m,o chuveiro,shower,淋浴,淋浴,O chuveiro é quente.,The shower is hot.,淋浴的水是热的。,淋浴的水是熱的。,
ginasio,Ginásio,vocabulario,,,az-1145,situacao-a-toalha,noun,f,a toalha,towel,毛巾,毛巾,A toalha é obrigatória.,A towel is mandatory.,毛巾是必备的。,毛巾是必備的。,
ginasio,Ginásio,vocabulario,,,az-1146,situacao-as-sapatilhas,noun,f-pl,as sapatilhas,sneakers,运动鞋,運動鞋,Comprei sapatilhas novas.,I bought new sneakers.,我买了新运动鞋。,我買了新運動鞋。,
ginasio,Ginásio,vocabulario,,,az-1147,situacao-a-passadeira,noun,f,a passadeira,treadmill,跑步机,跑步機,Corro na passadeira.,I run on the treadmill.,我在跑步机上跑步。,我在跑步機上跑步。,
ginasio,Ginásio,vocabulario,,,az-1148,situacao-os-halteres,noun,m-pl,os halteres,dumbbells,哑铃,啞鈴,Os halteres são pesados.,Dumbbells are heavy.,这些哑铃很重。,這些啞鈴很重。,
ginasio,Ginásio,vocabulario,,,az-1149,situacao-a-eliptica,noun,f,a elíptica,elliptical machine,椭圆机,橢圓機,Prefiro a elíptica à passadeira.,I prefer the elliptical to the treadmill.,比起跑步机我更爱椭圆机。,比起跑步機我更愛橢圓機。,
ginasio,Ginásio,vocabulario,,,az-1150,situacao-a-bicicleta-estatica,noun,f,a bicicleta estática,exercise bike,健身车,健身車,Faço bicicleta vinte minutos.,I cycle for twenty minutes.,我踩健身车二十分钟。,我踩健身車二十分鐘。,
ginasio,Ginásio,vocabulario,,,az-1151,situacao-o-remo,noun,m,o remo,rowing machine,划船机,划船機,O remo cansa muito.,Rowing is very tiring.,划船机很累人。,划船機很累人。,
ginasio,Ginásio,vocabulario,,,az-1152,situacao-a-barra,noun,f,a barra,barbell,杠铃,槓鈴,A barra pesa vinte quilos.,The bar weighs twenty kilos.,杠铃重二十公斤。,槓鈴重二十公斤。,
ginasio,Ginásio,vocabulario,,,az-1153,situacao-a-maquina,noun,f,a máquina,machine (gym),器械,器械,Esta máquina está ocupada.,This machine is busy.,这台器械有人在用。,這台器械有人在用。,
ginasio,Ginásio,vocabulario,,,az-0830,situacao-o-peso,noun,m,o peso,weight,重量,重量,Baixa um pouco o peso.,Lower the weight a little.,把重量调轻一点。,把重量調輕一點。,
ginasio,Ginásio,vocabulario,,,az-1154,situacao-o-alongamento,noun,m,o alongamento,stretching,伸展,伸展,Faz alongamentos no fim.,Stretches at the end.,最后要做伸展。,最後要做伸展。,
ginasio,Ginásio,vocabulario,,,az-0967,situacao-o-aquecimento,noun,m,o aquecimento,warm-up,热身,熱身,Nunca saltes o aquecimento.,Never skip the warm-up.,千万别跳过热身。,千萬別跳過熱身。,
ginasio,Ginásio,vocabulario,,,az-1155,situacao-a-musculacao,noun,f,a musculação,weight training,重量训练,重量訓練,Prefiro musculação a cardio.,I prefer weight training to cardio.,我爱重训胜过有氧。,我愛重訓勝過有氧。,
ginasio,Ginásio,vocabulario,,,az-0679,situacao-o-horario,noun,m,o horário,opening hours,营业时间,營業時間,O horário é alargado.,The hours are extended.,营业时间很长。,營業時間很長。,
ginasio,Ginásio,vocabulario,,,az-1156,situacao-o-cartao-de-socio,noun,m,o cartão de sócio,membership card,会员卡,會員卡,Traz o cartão de sócio.,Bring your membership card.,带上会员卡。,帶上會員卡。,
ginasio,Ginásio,vocabulario,,,az-1157,situacao-a-avaliacao-fisica,noun,f,a avaliação física,fitness assessment,体能评估,體能評估,Fiz a avaliação física ontem.,I did the physical assessment yesterday.,我昨天做了体能评估。,我昨天做了體能評估。,
ginasio,Ginásio,vocabulario,,,az-1158,situacao-a-lesao,noun,f,a lesão,injury,损伤,損傷,Tenho uma lesão no joelho.,I have a knee injury.,我膝盖受伤了。,我膝蓋受傷了。,
ginasio,Ginásio,vocabulario,,,az-1159,situacao-magoar-se,verb,,magoar-se,to hurt oneself,受伤,受傷,Magoei-me nas costas.,I hurt my back.,我背受伤了。,我背受傷了。,
ginasio,Ginásio,vocabulario,,,az-1160,situacao-suar,verb,,suar,to sweat,流汗,流汗,Suei imenso hoje.,I sweated a lot today.,我今天流了好多汗。,我今天流了好多汗。,
ginasio,Ginásio,dialogo,,322,dialogo-ginasio-boa-tarde-queria-informacoes-sobre-a-inscricao,,,,"Boa tarde, queria informações sobre a inscrição.","Good afternoon, I'd like some information about signing up.",下午好，我想了解报名信息。,午安，我想了解報名資訊。,,,,,
ginasio,Ginásio,dialogo,,323,dialogo-ginasio-com-certeza-ja-conhece-o-ginasio,,,,Com certeza. Já conhece o ginásio?,Of course. Do you know the gym already?,好的。您来过这家健身房吗？,好的。您來過這家健身房嗎？,,,,,
ginasio,Ginásio,dialogo,,324,dialogo-ginasio-nao-e-a-primeira-vez,,,,"Não, é a primeira vez.","No, it's my first time.",没有，第一次来。,沒有，第一次來。,,,,,
ginasio,Ginásio,dialogo,,325,dialogo-ginasio-quer-fazer-uma-aula-experimental-gratis,,,,Quer fazer uma aula experimental grátis?,Would you like a free trial class?,想上免费体验课吗？,想上免費體驗課嗎？,,,,,
ginasio,Ginásio,dialogo,,326,dialogo-ginasio-sim-otimo-quanto-e-a-mensalidade,,,,"Sim, ótimo. Quanto é a mensalidade?","Yes, great. How much is the monthly fee?",好啊。月费多少？,好啊。月費多少？,,,,,
ginasio,Ginásio,dialogo,,327,dialogo-ginasio-trinta-euros-com-fidelizacao-de-um-ano,,,,"Trinta euros, com fidelização de um ano.","Thirty euros, with a one-year lock-in.",三十欧元，绑约一年。,三十歐元，綁約一年。,,,,,
ginasio,Ginásio,dialogo,,328,dialogo-ginasio-e-sem-fidelizacao,,,,E sem fidelização?,And without the lock-in?,不绑约呢？,不綁約呢？,,,,,
ginasio,Ginásio,dialogo,,329,dialogo-ginasio-fica-em-quarenta-euros-por-mes,,,,Fica em quarenta euros por mês.,It comes to forty euros a month.,那就每月四十欧元。,那就每月四十歐元。,,,,,
ginasio,Ginásio,dialogo,,330,dialogo-ginasio-a-taxa-de-inscricao-esta-incluida,,,,A taxa de inscrição está incluída?,Is the joining fee included?,含入会费吗？,含入會費嗎？,,,,,
ginasio,Ginásio,dialogo,,331,dialogo-ginasio-sao-vinte-euros-pagos-so-uma-vez,,,,"São vinte euros, pagos só uma vez.","It's twenty euros, paid one time only.",二十欧元，只收一次。,二十歐元，只收一次。,,,,,
ginasio,Ginásio,dialogo,,332,dialogo-ginasio-posso-cancelar-quando-quiser,,,,Posso cancelar quando quiser?,Can I cancel whenever I want?,可以随时取消吗？,可以隨時取消嗎？,,,,,
ginasio,Ginásio,dialogo,,333,dialogo-ginasio-sem-fidelizacao-sim-com-um-mes-de-aviso,,,,"Sem fidelização, sim, com um mês de aviso.","Without the lock-in, yes, with one month's notice.",不绑约可以，提前一个月通知。,不綁約可以，提前一個月通知。,,,,,
ginasio,Ginásio,dialogo,,334,dialogo-ginasio-qual-e-o-horario,,,,Qual é o horário?,What are the opening hours?,营业时间是？,營業時間是？,,,,,
ginasio,Ginásio,dialogo,,335,dialogo-ginasio-das-sete-as-vinte-e-duas-todos-os-dias,,,,"Das sete às vinte e duas, todos os dias.","From seven to ten p.m., every day.",每天七点到二十二点。,每天七點到二十二點。,,,,,
ginasio,Ginásio,dialogo,,336,dialogo-ginasio-preciso-de-trazer-toalha,,,,Preciso de trazer toalha?,Do I need to bring a towel?,要自备毛巾吗？,要自備毛巾嗎？,,,,,
ginasio,Ginásio,dialogo,,337,dialogo-ginasio-sim-a-toalha-e-obrigatoria,,,,"Sim, a toalha é obrigatória.","Yes, a towel is mandatory.",要，毛巾是必备的。,要，毛巾是必備的。,,,,,
ginasio,Ginásio,dialogo,expanded real-world coverage,596,dialogo-ginasio-ha-alguem-que-me-explique-como-usar-as-maquinas,,,,Há alguém que me explique como usar as máquinas?,Is there someone who can explain how to use the machines?,有人可以教我怎样使用器械吗？,有人可以教我怎樣使用健身器械嗎？,,,,,
ginasio,Ginásio,dialogo,expanded real-world coverage,597,dialogo-ginasio-sim-a-avaliacao-inicial-inclui-uma-orientacao-com-um-instrutor,,,,"Sim, a avaliação inicial inclui uma orientação com um instrutor.","Yes, the initial assessment includes guidance from an instructor.",有，初次评估包括教练指导。,有，初次評估包括教練指導。,,,,,
ginasio,Ginásio,dialogo,expanded real-world coverage,598,dialogo-ginasio-tenho-uma-lesao-no-joelho-devo-avisar-antes-da-aula,,,,Tenho uma lesão no joelho. Devo avisar antes da aula?,I have a knee injury. Should I mention it before the class?,我的膝盖有伤，上课前需要说明吗？,我的膝蓋有傷，上堂前需要說明嗎？,,,,,
ginasio,Ginásio,dialogo,expanded real-world coverage,599,dialogo-ginasio-sim-fale-com-o-instrutor-para-adaptar-os-exercicios,,,,Sim. Fale com o instrutor para adaptar os exercícios.,Yes. Speak to the instructor so the exercises can be adapted.,需要。请告诉教练，以便调整练习。,需要。請告訴教練，以便調整練習。,,,,,
ginasio,Ginásio,cartao,,187,cartao-ginasio-quanto-e-a-mensalidade,,,,Quanto é a mensalidade?,How much is the monthly fee?,月费多少？,月費多少？,,,,,
ginasio,Ginásio,cartao,,188,cartao-ginasio-ha-fidelizacao,,,,Há fidelização?,Is there a lock-in period?,有绑约吗？,有綁約嗎？,,,,,
ginasio,Ginásio,cartao,,189,cartao-ginasio-posso-cancelar-quando-quiser,,,,Posso cancelar quando quiser?,Can I cancel anytime?,可以随时取消吗？,可以隨時取消嗎？,,,,,
ginasio,Ginásio,cartao,,190,cartao-ginasio-queria-uma-aula-experimental,,,,Queria uma aula experimental.,I'd like a trial class.,我想上体验课。,我想上體驗課。,,,,,
ginasio,Ginásio,cartao,,191,cartao-ginasio-a-taxa-de-inscricao-esta-incluida,,,,A taxa de inscrição está incluída?,Is the joining fee included?,含入会费吗？,含入會費嗎？,,,,,
ginasio,Ginásio,cartao,,193,cartao-ginasio-ha-aulas-de-grupo,,,,Há aulas de grupo?,Are there group classes?,有团体课吗？,有團體課嗎？,,,,,
ginasio,Ginásio,cartao,,195,cartao-ginasio-onde-sao-os-balnearios,,,,Onde são os balneários?,Where are the changing rooms?,更衣室在哪？,更衣室在哪？,,,,,
ginasio,Ginásio,cartao,,196,cartao-ginasio-onde-estao-os-cacifos,,,,Onde estão os cacifos?,Where are the lockers?,置物柜在哪？,置物櫃在哪？,,,,,
ginasio,Ginásio,cartao,,197,cartao-ginasio-preciso-de-cadeado,,,,Preciso de cadeado?,Do I need a padlock?,需要挂锁吗？,需要掛鎖嗎？,,,,,
ginasio,Ginásio,cartao,,198,cartao-ginasio-como-funciona-esta-maquina,,,,Como funciona esta máquina?,How does this machine work?,这台器械怎么用？,這台器械怎麼用？,,,,,
ginasio,Ginásio,cartao,,199,cartao-ginasio-pode-ajudar-me-por-favor,,,,"Pode ajudar-me, por favor?","Can you help me, please?",可以帮我吗？,可以幫我嗎？,,,,,
ginasio,Ginásio,cartao,,200,cartao-ginasio-magoei-me-no-treino,,,,Magoei-me no treino.,I hurt myself training.,我训练时受伤了。,我訓練時受傷了。,,,,,
ginasio,Ginásio,cartao,,201,cartao-ginasio-quero-falar-com-um-treinador,,,,Quero falar com um treinador.,I want to talk to a trainer.,我想找教练。,我想找教練。,,,,,
ginasio,Ginásio,cartao,,202,cartao-ginasio-quero-cancelar-o-contrato,,,,Quero cancelar o contrato.,I want to cancel my contract.,我想解约。,我想解約。,,,,,
ginasio,Ginásio,cartao,useful situation example,524,cartao-ginasio-quero-cancelar-a-inscricao,,,,Quero cancelar a inscrição.,I want to cancel my membership.,我想取消会员资格。,我想取消會籍。,,,,,
ginasio,Ginásio,cartao,useful situation example,525,cartao-ginasio-tenho-uma-lesao-no-joelho,,,,Tenho uma lesão no joelho.,I have a knee injury.,我膝盖受伤了。,我膝蓋受傷了。,,,,,
ginasio,Ginásio,cartao,useful situation example,526,cartao-ginasio-quero-inscrever-me-hoje,,,,Quero inscrever-me hoje.,I want to sign up today.,我想今天报名。,我想今天報名。,,,,,
ginasio,Ginásio,cartao,useful situation example,527,cartao-ginasio-a-taxa-de-inscricao-paga-se-uma-vez,,,,A taxa de inscrição paga-se uma vez.,The registration fee is paid once.,入会费只付一次。,入會費只付一次。,,,,,
ginasio,Ginásio,cartao,useful situation example,528,cartao-ginasio-a-mensalidade-e-de-trinta-euros,,,,A mensalidade é de trinta euros.,The monthly fee is thirty euros.,月费是三十欧元。,月費是三十歐元。,,,,,
ginasio,Ginásio,cartao,useful situation example,529,cartao-ginasio-nao-quero-fidelizacao,,,,Não quero um contrato com fidelização.,I do not want a contract with a lock-in period.,我不想签有绑定期的合同。,我不想簽有綁約期的合約。,,,,,
trabalho_hotelaria,Hotelaria,vocabulario,,,az-0729,situacao-o-turno-da-manha-da-tarde-da-noite,noun,m,o turno (da manhã / da tarde / da noite),shift (morning / afternoon / night),班次（早班／午班／夜班）,班次（早班／午班／夜班）,,,,,
trabalho_hotelaria,Hotelaria,vocabulario,,,az-0730,situacao-a-governanta,noun,f,a governanta,head housekeeper,客房部主管,客房部主管,,,,,
trabalho_hotelaria,Hotelaria,vocabulario,,,az-0731,situacao-arrumar-os-quartos,,,arrumar os quartos,to make up the rooms,整理客房,整理客房,,,,,
trabalho_hotelaria,Hotelaria,vocabulario,,,az-0732,situacao-mudar-os-lencois-as-toalhas,,,mudar os lençóis / as toalhas,to change the sheets / towels,更换床单／毛巾,更換床單／毛巾,,,,,
trabalho_hotelaria,Hotelaria,vocabulario,,,az-0733,situacao-o-carrinho-de-limpeza,noun,m,o carrinho de limpeza,housekeeping cart,清洁工作车,清潔工作車,,,,,
trabalho_hotelaria,Hotelaria,vocabulario,,,az-0734,situacao-o-hospede,noun,m,o hóspede,guest,住客,住客,,,,,
trabalho_hotelaria,Hotelaria,vocabulario,,,az-0513,situacao-a-rececao,noun,f,a receção,reception / front desk,前台,前台,,,,,
trabalho_hotelaria,Hotelaria,vocabulario,,,az-0736,situacao-o-check-in-o-check-out,noun,m,o check-in / o check-out,check-in / check-out,入住／退房,入住／退房,,,,,
trabalho_hotelaria,Hotelaria,vocabulario,,,az-0737,situacao-o-cartao-do-quarto,noun,m,o cartão do quarto,room key card,房卡,房卡,,,,,
trabalho_hotelaria,Hotelaria,vocabulario,,,az-0738,situacao-a-folga,noun,f,a folga,day off,休息日,休息日,,,,,
trabalho_hotelaria,Hotelaria,vocabulario,,,az-0739,situacao-as-horas-extra,noun,f-pl,as horas extra,overtime,加班,加班,,,,,
trabalho_hotelaria,Hotelaria,vocabulario,,,az-0740,situacao-o-uniforme,noun,m,o uniforme,uniform,制服,制服,,,,,
trabalho_hotelaria,Hotelaria,vocabulario,,,az-0078,situacao-o-andar,noun,m,o andar,floor (storey),楼层,樓層,,,,,
trabalho_hotelaria,Hotelaria,vocabulario,,,az-1002,situacao-a-empregada-de-andares,noun,f,a empregada de andares,room attendant / housekeeper,客房服务员,客房服務員,,,,,"The PT job title (not 'camareira', which is Brazilian)"
trabalho_hotelaria,Hotelaria,vocabulario,,,az-1003,situacao-o-rececionista,noun,m,o rececionista,receptionist,前台接待员,前台接待員,,,,,
trabalho_hotelaria,Hotelaria,vocabulario,,,az-1004,situacao-a-reserva,noun,f,a reserva,reservation,预订,預訂,,,,,
trabalho_hotelaria,Hotelaria,vocabulario,,,az-1005,situacao-o-quarto-duplo-individual-twin,noun,m,o quarto duplo / individual / twin,double / single / twin room,大床房／单人房／双床房,大床房／單人房／雙床房,,,,,
trabalho_hotelaria,Hotelaria,vocabulario,,,az-1006,situacao-a-cama-extra-o-berco,noun,f,a cama extra / o berço,extra bed / cot,加床／婴儿床,加床／嬰兒床,,,,,
trabalho_hotelaria,Hotelaria,vocabulario,,,az-1007,situacao-o-servico-de-quartos,noun,m,o serviço de quartos,room service,客房送餐服务,客房送餐服務,,,,,
trabalho_hotelaria,Hotelaria,vocabulario,,,az-1008,situacao-o-cofre,noun,m,o cofre,safe,保险箱,保險箱,,,,,
trabalho_hotelaria,Hotelaria,vocabulario,,,az-1009,situacao-o-ar-condicionado,noun,m,o ar condicionado,air conditioning,空调,空調,,,,,
trabalho_hotelaria,Hotelaria,vocabulario,,,az-1010,situacao-a-reclamacao,noun,f,a reclamação,complaint,投诉,投訴,,,,,
trabalho_hotelaria,Hotelaria,vocabulario,,,az-1011,situacao-reportar-uma-avaria,,,reportar uma avaria,to report a fault,報修,報修,,,,,
trabalho_hotelaria,Hotelaria,vocabulario,,,az-1012,situacao-a-manutencao,noun,f,a manutenção,maintenance,维修部,維修部,,,,,
trabalho_hotelaria,Hotelaria,vocabulario,,,az-1013,situacao-o-minibar-repor-o-minibar,noun,m,o minibar / repor o minibar,minibar / to restock the minibar,迷你吧／补迷你吧,迷你吧／補迷你吧,,,,,
trabalho_hotelaria,Hotelaria,vocabulario,,,az-1014,situacao-os-amenities-os-produtos-de-higiene,noun,m-pl,os amenities / os produtos de higiene,toiletries,客用洗漱用品,客用洗漱用品,,,,,
trabalho_hotelaria,Hotelaria,vocabulario,,,az-1015,situacao-o-letreiro-nao-incomodar,noun,m,o letreiro «não incomodar»,'do not disturb' sign,「请勿打擾」牌,「請勿打擾」牌,,,,,
trabalho_hotelaria,Hotelaria,vocabulario,,,az-1016,situacao-o-late-check-out,noun,m,o late check-out,late check-out,延迟退房,延遲退房,,,,,
trabalho_hotelaria,Hotelaria,vocabulario,,,az-1017,situacao-guardar-a-bagagem,,,guardar a bagagem,to store luggage,寄存行李,寄存行李,,,,,
trabalho_hotelaria,Hotelaria,vocabulario,,,az-1018,situacao-o-elevador-de-servico,noun,m,o elevador de serviço,service lift,员工电梯,員工電梯,,,,,
trabalho_hotelaria,Hotelaria,vocabulario,,,az-1019,situacao-a-rouparia,noun,f,a rouparia,linen room,布草房,布草房,,,,,
trabalho_hotelaria,Hotelaria,vocabulario,,,az-1020,situacao-o-piso-o-andar,noun,m,o piso / o andar,floor,楼层,樓層,,,,,
trabalho_hotelaria,Hotelaria,vocabulario,,,az-1021,situacao-a-folha-de-tarefas,noun,f,a folha de tarefas,task sheet,工作任务单,工作任務單,,,,,
trabalho_hotelaria,Hotelaria,dialogo,,85,dialogo-trabalho-hotelaria-bom-dia-hoje-fazes-os-quartos-do-terceiro-andar,,,,Bom dia! Hoje fazes os quartos do terceiro andar.,Good morning! Today you're doing the third-floor rooms.,早上好！今天你负责三楼的客房。,早上好！今天你負責三樓的客房。,,,,,
trabalho_hotelaria,Hotelaria,dialogo,,86,dialogo-trabalho-hotelaria-esta-bem-quantos-check-outs-ha,,,,Está bem. Quantos check-outs há?,Alright. How many check-outs are there?,好的。有几间退房？,好的。有幾間退房？,,,,,
trabalho_hotelaria,Hotelaria,dialogo,,87,dialogo-trabalho-hotelaria-seis-os-quartos-302-e-305-sao-so-arrumacao,,,,Seis. Os quartos 302 e 305 são só arrumação.,Six. Rooms 302 and 305 are tidy-up only.,六间。302和305只需整理。,六間。302和305只需整理。,,,,,
trabalho_hotelaria,Hotelaria,dialogo,,88,dialogo-trabalho-hotelaria-faltam-toalhas-no-carrinho-onde-vou-buscar,,,,Faltam toalhas no carrinho — onde vou buscar?,The cart is out of towels — where do I get more?,工作车上毛巾不够了——去哪里拿？,工作車上毛巾不夠了——去哪裡拿？,,,,,
trabalho_hotelaria,Hotelaria,dialogo,,89,dialogo-trabalho-hotelaria-na-rouparia-ao-fundo-do-corredor,,,,"Na rouparia, ao fundo do corredor.","In the linen room, at the end of the corridor.",在走廊尽头的布草房。,在走廊盡頭的布草房。,,,,,
trabalho_hotelaria,Hotelaria,dialogo,,90,dialogo-trabalho-hotelaria-um-hospede-pediu-mais-uma-almofada-para-o-310,,,,Um hóspede pediu mais uma almofada para o 310.,A guest asked for an extra pillow for room 310.,有位住客要求给310房加一个枕头。,有位住客要求給310房加一個枕頭。,,,,,
trabalho_hotelaria,Hotelaria,dialogo,,91,dialogo-trabalho-hotelaria-eu-levo-a-tua-folga-esta-semana-e-na-quinta-pode-ser,,,,"Eu levo. A tua folga esta semana é na quinta, pode ser?","I'll take it. Your day off this week is Thursday, is that okay?",我送过去。你这周四休息，可以吗？,我送過去。你這週四休息，可以嗎？,,,,,
trabalho_hotelaria,Hotelaria,dialogo,,249,dialogo-trabalho-hotelaria-rececao-fala-a-ana-do-terceiro-piso-o-ar-condicionado-,,,,"Receção? Fala a Ana, do terceiro piso. O ar condicionado do 305 está avariado.","Reception? This is Ana, third floor. The AC in 305 is broken.",前台吗？我是三楼的Ana。305房的空调坏了。,前台嗎？我是三樓的Ana。305房的空調壞了。,,,,,
trabalho_hotelaria,Hotelaria,dialogo,,250,dialogo-trabalho-hotelaria-o-hospede-esta-no-quarto,,,,O hóspede está no quarto?,Is the guest in the room?,住客在房间吗？,住客在房間嗎？,,,,,
trabalho_hotelaria,Hotelaria,dialogo,,251,dialogo-trabalho-hotelaria-nao-saiu-agora-deixou-tambem-uma-reclamacao-sobre-o-ba,,,,"Não, saiu agora. Deixou também uma reclamação sobre o barulho.","No, they just left. They also left a complaint about noise.",不在，刚出去。他们还投诉了噪音问题。,不在，剛出去。他們還投訴了噪音問題。,,,,,
trabalho_hotelaria,Hotelaria,dialogo,,252,dialogo-trabalho-hotelaria-vou-chamar-a-manutencao-e-registar-a-reclamacao,,,,Vou chamar a manutenção e registar a reclamação.,I'll call maintenance and log the complaint.,我叫维修部，并登记这个投诉。,我叫維修部，並登記這個投訴。,,,,,
trabalho_hotelaria,Hotelaria,dialogo,,253,dialogo-trabalho-hotelaria-aviso-quando-o-quarto-estiver-pronto,,,,Aviso quando o quarto estiver pronto.,I'll let you know when the room is ready.,房间弄好我通知你。,房間弄好我通知你。,,,,,
trabalho_hotelaria,Hotelaria,dialogo,,254,dialogo-trabalho-hotelaria-boa-tarde-tenho-uma-reserva-em-nome-de-chen,,,,"Boa tarde, tenho uma reserva em nome de Chen.","Good afternoon, I have a reservation under Chen.",下午好，我有预订，名字是Chen。,下午好，我有預訂，名字是Chen。,,,,,
trabalho_hotelaria,Hotelaria,dialogo,,255,dialogo-trabalho-hotelaria-bem-vindo-um-quarto-duplo-tres-noites-certo,,,,"Bem-vindo! Um quarto duplo, três noites, certo?","Welcome! A double room, three nights, correct?",欢迎！大床房三晚，对吗？,歡迎！大床房三晚，對嗎？,,,,,
trabalho_hotelaria,Hotelaria,dialogo,,256,dialogo-trabalho-hotelaria-certo-e-possivel-ter-um-berco-para-o-bebe,,,,Certo. É possível ter um berço para o bebé?,Correct. Is it possible to have a cot for the baby?,对。可以加一张婴儿床吗？,對。可以加一張嬰兒床嗎？,,,,,
trabalho_hotelaria,Hotelaria,dialogo,,257,dialogo-trabalho-hotelaria-com-certeza-colocamos-ja-no-quarto,,,,"Com certeza, colocamos já no quarto.","Of course, we'll put one in the room right away.",当然，马上给您放到房间。,當然，馬上給您放到房間。,,,,,
trabalho_hotelaria,Hotelaria,dialogo,,258,dialogo-trabalho-hotelaria-e-podemos-fazer-late-check-out-no-domingo,,,,E podemos fazer late check-out no domingo?,And can we have a late check-out on Sunday?,周日可以延迟退房吗？,週日可以延遲退房嗎？,,,,,
trabalho_hotelaria,Hotelaria,dialogo,,259,dialogo-trabalho-hotelaria-ate-as-14h-sem-custo-conforme-a-disponibilidade,,,,"Até às 14h, sem custo, conforme a disponibilidade.","Until 2 pm, free of charge, subject to availability.",视空房情况，可免费延至下午两点。,視空房情況，可免費延至下午兩點。,,,,,
trabalho_hotelaria,Hotelaria,dialogo,expanded real-world coverage,711,dialogo-trabalho_hotelaria-sim-por-favor-e-a-que-horas-e-servido-o-pequeno-almoco,,,,"Sim, por favor. E a que horas é servido o pequeno-almoço?","Yes, please. And what time is breakfast served?",好的。早餐几点供应？,好的。早餐幾點供應？,,,,,
trabalho_hotelaria,Hotelaria,dialogo,expanded real-world coverage,712,dialogo-trabalho_hotelaria-das-sete-as-dez-no-restaurante-do-res-do-chao,,,,"Das sete às dez, no restaurante do rés do chão.","From seven to ten, in the restaurant on the ground floor.",七点到十点，在一楼餐厅。,七點到十點，在地下餐廳。,,,,,
trabalho_hotelaria,Hotelaria,cartao,,63,cartao-trabalho-hotelaria-a-que-horas-comeca-o-meu-turno,,,,A que horas começa o meu turno?,What time does my shift start?,我的班几点开始？,我的班幾點開始？,,,,,
trabalho_hotelaria,Hotelaria,cartao,,64,cartao-trabalho-hotelaria-o-quarto-esta-pronto,,,,O quarto está pronto.,The room is ready.,房间已经整理好了。,房間已經整理好了。,,,,,
trabalho_hotelaria,Hotelaria,cartao,,65,cartao-trabalho-hotelaria-faltam-toalhas-lencois-amenities,,,,Faltam toalhas / lençóis / amenities.,We're out of towels / sheets / amenities.,毛巾／床单／客用品不够了。,毛巾／床單／客用品不夠了。,,,,,
trabalho_hotelaria,Hotelaria,cartao,,66,cartao-trabalho-hotelaria-o-hospede-do-n-pediu,,,,O hóspede do [n.º] pediu…,The guest in [room no.] asked for…,[房号]的住客要求……,[房號]的住客要求……,,,,,
trabalho_hotelaria,Hotelaria,cartao,,67,cartao-trabalho-hotelaria-posso-trocar-a-folga-esta-semana,,,,Posso trocar a folga esta semana?,Can I swap my day off this week?,这周的休息日可以调换吗？,這週的休息日可以調換嗎？,,,,,
trabalho_hotelaria,Hotelaria,cartao,,68,cartao-trabalho-hotelaria-fiz-duas-horas-extra-hoje,,,,Fiz duas horas extra hoje.,I did two hours of overtime today.,我今天加了两个小时的班。,我今天加了兩個小時的班。,,,,,
trabalho_hotelaria,Hotelaria,cartao,,146,cartao-trabalho-hotelaria-o-hospede-do-n-pediu-um-berco-uma-cama-extra,,,,É preciso levar um berço ou uma cama extra ao quarto [n.º].,A cot or an extra bed needs to be taken to room [no.].,需要把一张婴儿床或加床送到[房号]。,需要把一張嬰兒床或加床送到[房號]。,,,,,
trabalho_hotelaria,Hotelaria,cartao,,147,cartao-trabalho-hotelaria-o-ar-condicionado-do-n-esta-avariado-chamo-a-manutenca,,,,O ar condicionado do [n.º] está avariado — chamo a manutenção.,The AC in [room] is broken — I'll call maintenance.,[房号]的空调坏了——我叫维修部。,[房號]的空調壞了——我叫維修部。,,,,,
trabalho_hotelaria,Hotelaria,cartao,,148,cartao-trabalho-hotelaria-posso-guardar-a-sua-bagagem,,,,Posso guardar a sua bagagem.,I can store your luggage.,我可以帮您寄存行李。,我可以幫您寄存行李。,,,,,
trabalho_hotelaria,Hotelaria,cartao,,149,cartao-trabalho-hotelaria-o-check-out-e-ate-ao-meio-dia,,,,O check-out é até ao meio-dia.,Check-out is by noon.,退房时间是中午十二点前。,退房時間是中午十二點前。,,,,,
trabalho_hotelaria,Hotelaria,cartao,,150,cartao-trabalho-hotelaria-falta-roupa-lavada-na-rouparia,,,,Falta roupa lavada na rouparia.,We're out of clean linen in the linen room.,布草房的干净布草不够了。,布草房的乾淨布草不夠了。,,,,,
trabalho_hotelaria,Hotelaria,cartao,useful situation example,675,cartao-trabalho_hotelaria-pode-explicar-me-o-que-devo-fazer-para-guardar-a-bagagem,,,,Pode explicar-me o que devo fazer para guardar a bagagem?,Could you explain what I need to do to store luggage?,可以说明我要怎样寄存行李吗？,可以說明我要怎樣寄存行李嗎？,,,,,
trabalho_hotelaria,Hotelaria,cartao,useful situation example,676,cartao-trabalho_hotelaria-onde-posso-encontrar-informacoes-sobre-a-folga,,,,Onde posso encontrar informações sobre a folga?,Where can I find information about day off?,我可以在哪里查到有关休息日的信息？,我可以在哪裡查到有關休息日的資訊？,,,,,
trabalho_hotelaria,Hotelaria,cartao,useful situation example,677,cartao-trabalho_hotelaria-onde-posso-encontrar-o-carrinho-de-limpeza,,,,Onde posso encontrar o carrinho de limpeza?,Where can I find housekeeping cart?,清洁工作车在哪里？,清潔工作車在哪裡？,,,,,
trabalho_hotelaria,Hotelaria,cartao,useful situation example,678,cartao-trabalho_hotelaria-pode-dar-me-informacoes-sobre-a-reclamacao,,,,Pode dar-me informações sobre a reclamação?,Could you give me information about complaint?,可以告诉我有关投诉的信息吗？,可以告訴我有關投訴的資訊嗎？,,,,,
trabalho_hotelaria,Hotelaria,cartao,useful situation example,679,cartao-trabalho_hotelaria-onde-posso-encontrar-o-elevador-de-servico,,,,Onde posso encontrar o elevador de serviço?,Where can I find service lift?,员工电梯在哪里？,員工電梯在哪裡？,,,,,
trabalho_hotelaria,Hotelaria,cartao,useful situation example,680,cartao-trabalho_hotelaria-onde-posso-encontrar-o-rececionista,,,,Onde posso encontrar o rececionista?,Where can I find receptionist?,前台接待员在哪里？,前台接待員在哪裡？,,,,,
trabalho_hotelaria,Hotelaria,cartao,useful situation example,681,cartao-trabalho_hotelaria-onde-posso-encontrar-a-governanta,,,,Onde posso encontrar a governanta?,Where can I find head housekeeper?,客房部主管在哪里？,客房部主管在哪裡？,,,,,
trabalho_hotelaria,Hotelaria,cartao,useful situation example,682,cartao-trabalho_hotelaria-onde-posso-encontrar-o-uniforme,,,,Onde posso encontrar o uniforme?,Where can I find uniform?,制服在哪里？,制服在哪裡？,,,,,
trabalho_hotelaria,Hotelaria,cartao,useful situation example,683,cartao-trabalho_hotelaria-preciso-de-esclarecer-uma-duvida-sobre-a-folha-de-tarefas,,,,Preciso de esclarecer uma dúvida sobre a folha de tarefas.,I have a question about task sheet.,我需要咨询有关工作任务单的问题。,我需要查詢有關工作任務單的問題。,,,,,
iefp,IEFP,vocabulario,,,az-0683,situacao-o-iefp-o-centro-de-emprego,noun,m,o IEFP / o centro de emprego,IEFP / job centre,就业与职业培训局（就业中心）,就業與職業培訓局（就業中心）,,,,,
iefp,IEFP,vocabulario,,,az-0684,situacao-inscrever-se-como-candidato-a-emprego,,,inscrever-se como candidato a emprego,to register as a jobseeker,登记为求职者,登記為求職者,,,,,Online via iefponline or in person
iefp,IEFP,vocabulario,,,az-0685,situacao-o-iefponline,noun,m,o iefponline,the IEFP online portal,IEFP线上平台,IEFP線上平台,,,,,
iefp,IEFP,vocabulario,,,az-0440,,noun,m,o subsídio de desemprego,unemployment benefit,失业救济金,失業救濟金,,,,,Register within 90 days of losing your job
iefp,IEFP,vocabulario,,,az-0686,situacao-a-declaracao-da-entidade-empregadora,noun,f,a declaração da entidade empregadora,employer's declaration (of dismissal),雇主解雇声明,僱主解僱聲明,,,,,
iefp,IEFP,vocabulario,,,az-0687,situacao-o-plano-pessoal-de-emprego,noun,m,o Plano Pessoal de Emprego,Personal Employment Plan,个人就业计划,個人就業計劃,,,,,
iefp,IEFP,vocabulario,,,az-0688,situacao-o-gestor-pessoal,noun,m,o gestor pessoal,personal case officer,个人专员,個人專員,,,,,
iefp,IEFP,vocabulario,,,az-0689,situacao-a-oferta-de-emprego,noun,f,a oferta de emprego,job offer / vacancy,职位空缺,職位空缺,,,,,
iefp,IEFP,vocabulario,,,az-0690,situacao-a-formacao-profissional,noun,f,a formação profissional,vocational training,职业培训,職業培訓,,,,,"Free courses, some with allowance"
iefp,IEFP,vocabulario,,,az-0691,situacao-o-niss-seguranca-social,noun,m,o NISS (segurança social),social security number,社会保障号码（NISS）,社會保障號碼（NISS）,,,,,
iefp,IEFP,vocabulario,,,az-0692,situacao-a-convocatoria,noun,f,a convocatória,summons / official call-in,（官方）约谈通知,（官方）約談通知,,,,,Missing one can suspend your benefit
iefp,IEFP,vocabulario,,,az-0693,situacao-apresentar-se-no-centro-de-emprego,,,apresentar-se no centro de emprego,to report to the job centre,到就业中心報到,到就業中心報到,,,,,
iefp,IEFP,vocabulario,,,az-0694,situacao-o-certificado-de-habilitacoes,noun,m,o certificado de habilitações,qualifications certificate,学历证明,學歷證明,,,,,
iefp,IEFP,vocabulario,,,az-0925,situacao-o-salario-minimo,noun,m,o salário mínimo,minimum wage,最低工资,最低工資,,,,,
iefp,IEFP,vocabulario,,,az-0926,situacao-o-recibo-de-vencimento,noun,m,o recibo de vencimento,payslip,工资单,工資單,,,,,
iefp,IEFP,vocabulario,,,az-0927,situacao-o-contrato-a-termo-sem-termo,noun,m,o contrato a termo / sem termo,fixed-term / permanent contract,固定期限合同／无固定期限合同,固定期限合同／無固定期限合同,,,,,
iefp,IEFP,vocabulario,,,az-0928,situacao-o-periodo-experimental,noun,m,o período experimental,probation period,试用期,試用期,,,,,
iefp,IEFP,vocabulario,,,az-0929,situacao-as-ferias-pagas,noun,f-pl,as férias pagas,paid holidays,带薪年假,帶薪年假,,,,,
iefp,IEFP,vocabulario,,,az-0930,situacao-o-subsidio-de-ferias-de-natal,noun,m,o subsídio de férias / de Natal,holiday / Christmas bonus (13th/14th month),假期津贴／圣诞津贴（双粮）,假期津貼／聖誕津貼（雙糧）,,,,,Legally owed — 14 payments per year is standard
iefp,IEFP,vocabulario,,,az-0392,,noun,f-pl,as horas extraordinárias,overtime,加班,加班,,,,,
iefp,IEFP,vocabulario,,,az-0931,situacao-o-despedimento,noun,m,o despedimento,dismissal,解雇,解僱,,,,,
iefp,IEFP,vocabulario,,,az-0932,situacao-a-rescisao-do-contrato,noun,f,a rescisão do contrato,contract termination,解除合同,解除合同,,,,,
iefp,IEFP,vocabulario,,,az-0933,situacao-o-pre-aviso,noun,m,o pré-aviso,notice period,预先通知期,預先通知期,,,,,
iefp,IEFP,vocabulario,,,az-0934,situacao-a-indemnizacao-a-compensacao,noun,f,a indemnização / a compensação,severance / compensation,赔偿金／补偿金,賠償金／補償金,,,,,
iefp,IEFP,vocabulario,,,az-0935,situacao-a-act-autoridade-para-as-condicoes-do-trabalho,noun,f,a ACT (Autoridade para as Condições do Trabalho),Labour Conditions Authority,劳动监察局（ACT）,勞動監察局（ACT）,,,,,Where to report unpaid wages or abuse
iefp,IEFP,vocabulario,,,az-0936,situacao-apresentar-queixa,,,apresentar queixa,to file a complaint,投诉／申诉,投訴／申訴,,,,,
iefp,IEFP,vocabulario,,,az-0937,situacao-o-sindicato,noun,m,o sindicato,trade union,工会,工會,,,,,
iefp,IEFP,vocabulario,,,az-0938,situacao-a-agencia-de-trabalho-temporario,noun,f,a agência de trabalho temporário,temp agency,劳务派遣公司,勞務派遣公司,,,,,
iefp,IEFP,vocabulario,,,az-0939,situacao-a-candidatura-espontanea,noun,f,a candidatura espontânea,unsolicited application,主动求职申请,主動求職申請,,,,,
iefp,IEFP,vocabulario,,,az-0940,situacao-a-entrevista-de-emprego,noun,f,a entrevista de emprego,job interview,求职面试,求職面試,,,,,
iefp,IEFP,vocabulario,,,az-0941,situacao-o-estagio-profissional,noun,m,o estágio profissional,professional internship (IEFP measure),职业实习（IEFP项目）,職業實習（IEFP項目）,,,,,
iefp,IEFP,vocabulario,,,az-0942,situacao-o-curso-de-portugues-para-estrangeiros,noun,m,o curso de português para estrangeiros,Portuguese course for foreigners,对外葡语课程,對外葡語課程,,,,,Free via IEFP/schools — ask to enrol
iefp,IEFP,vocabulario,,,az-0943,situacao-o-certificado-de-formacao,noun,m,o certificado de formação,training certificate,培训证书,培訓證書,,,,,
iefp,IEFP,dialogo,,55,dialogo-iefp-bom-dia-queria-inscrever-me-como-candidato-a-emprego,,,,"Bom dia, queria inscrever-me como candidato a emprego.","Good morning, I'd like to register as a jobseeker.",早上好，我想登记为求职者。,早上好，我想登記為求職者。,,,,,
iefp,IEFP,dialogo,,56,dialogo-iefp-tem-documento-de-identificacao-nif-niss-e-comprovativo,,,,"Tem documento de identificação, NIF, NISS e comprovativo de morada?","Do you have ID, tax number, social security number and proof of address?",您有身份证件、税号、社保号和住址证明吗？,您有身份證件、稅號、社保號和住址證明嗎？,,,,,
iefp,IEFP,dialogo,,57,dialogo-iefp-tenho-tudo-tambem-perdi-o-emprego-ha-duas-semanas,,,,Tenho tudo. Também perdi o emprego há duas semanas.,I have everything. I also lost my job two weeks ago.,都有。另外我两周前失业了。,都有。另外我兩週前失業了。,,,,,
iefp,IEFP,dialogo,,58,dialogo-iefp-entao-pode-pedir-o-subsidio-de-desemprego-o-prazo-e-de,,,,Então pode pedir o subsídio de desemprego — o prazo é de 90 dias.,Then you can apply for unemployment benefit — the deadline is 90 days.,那您可以申请失业救济金——期限是90天。,那您可以申請失業救濟金——期限是90天。,,,,,
iefp,IEFP,dialogo,,59,dialogo-iefp-que-documentos-preciso-para-o-subsidio,,,,Que documentos preciso para o subsídio?,What documents do I need for the benefit?,申请救济金需要哪些文件？,申請救濟金需要哪些文件？,,,,,
iefp,IEFP,dialogo,,60,dialogo-iefp-a-declaracao-da-entidade-empregadora-e-o-iban,,,,A declaração da entidade empregadora e o IBAN.,The employer's declaration and your IBAN.,雇主的解雇声明和您的IBAN。,僱主的解僱聲明和您的IBAN。,,,,,
iefp,IEFP,dialogo,,61,dialogo-iefp-ha-cursos-de-formacao-disponiveis,,,,Há cursos de formação disponíveis?,Are there training courses available?,有职业培训课程吗？,有職業培訓課程嗎？,,,,,
iefp,IEFP,dialogo,,62,dialogo-iefp-sim-o-seu-gestor-pessoal-vai-definir-isso-consigo-no-p,,,,"Sim, o seu gestor pessoal vai definir isso consigo no Plano Pessoal de Emprego.","Yes, your case officer will set that up with you in your Personal Employment Plan.",有，您的个人专员会在个人就业计划中和您一起安排。,有，您的個人專員會在個人就業計劃中和您一起安排。,,,,,
iefp,IEFP,dialogo,,203,dialogo-iefp-bom-dia-o-meu-patrao-nao-me-pagou-o-ultimo-mes,,,,"Bom dia, o meu patrão não me pagou o último mês.","Good morning, my boss didn't pay me last month's wages.",早上好，老板没付我上个月的工资。,早上好，老闆沒付我上個月的工資。,,,,,
iefp,IEFP,dialogo,,204,dialogo-iefp-tem-contrato-de-trabalho-e-recibos-de-vencimento,,,,Tem contrato de trabalho e recibos de vencimento?,Do you have a work contract and payslips?,您有劳动合同和工资单吗？,您有勞動合同和工資單嗎？,,,,,
iefp,IEFP,dialogo,,205,dialogo-iefp-tenho-contrato-mas-nunca-recebi-recibos,,,,"Tenho contrato, mas nunca recebi recibos.","I have a contract, but I never received payslips.",有合同，但从没拿到过工资单。,有合同，但從沒拿到過工資單。,,,,,
iefp,IEFP,dialogo,,206,dialogo-iefp-isso-e-irregular-pode-apresentar-queixa-na-act,,,,Isso é irregular. Pode apresentar queixa na ACT.,That's irregular. You can file a complaint with the ACT.,这不合规。您可以向劳动监察局投诉。,這不合規。您可以向勞動監察局投訴。,,,,,
iefp,IEFP,dialogo,,207,dialogo-iefp-a-queixa-e-anonima-tenho-medo-de-perder-o-emprego,,,,A queixa é anónima? Tenho medo de perder o emprego.,Is the complaint anonymous? I'm afraid of losing my job.,投诉是匿名的吗？我怕丟了工作。,投訴是匿名的嗎？我怕丟了工作。,,,,,
iefp,IEFP,dialogo,,208,dialogo-iefp-pode-pedir-confidencialidade-e-o-despedimento-por-quei,,,,Pode pedir confidencialidade. E o despedimento por queixa é ilegal.,You can request confidentiality. And dismissal for complaining is illegal.,可以要求保密。而且因投诉而解雇是违法的。,可以要求保密。而且因投訴而解僱是違法的。,,,,,
iefp,IEFP,dialogo,,209,dialogo-iefp-queria-inscrever-me-num-curso-de-formacao,,,,Queria inscrever-me num curso de formação.,I'd like to enrol in a training course.,我想報名參加培训课程。,我想報名參加培訓課程。,,,,,
iefp,IEFP,dialogo,,210,dialogo-iefp-ha-vagas-em-restauracao-limpeza-industrial-e-portugues,,,,"Há vagas em restauração, limpeza industrial e português para estrangeiros.","There are places in catering, industrial cleaning and Portuguese for foreigners.",餐饮、工业清洁和对外葡语课程都有名额。,餐飲、工業清潔和對外葡語課程都有名額。,,,,,
iefp,IEFP,dialogo,,211,dialogo-iefp-o-curso-de-portugues-e-pago,,,,O curso de português é pago?,Is the Portuguese course paid?,葡语课程收费吗？,葡語課程收費嗎？,,,,,
iefp,IEFP,dialogo,,212,dialogo-iefp-e-gratuito-e-pode-dar-acesso-a-uma-bolsa-de-formacao,,,,"É gratuito, e pode dar acesso a uma bolsa de formação.","It's free, and may include a training allowance.",免费，还可能有培训补贴。,免費，還可能有培訓補貼。,,,,,
iefp,IEFP,dialogo,,213,dialogo-iefp-que-horario-tem-trabalho-durante-o-dia,,,,Que horário tem? Trabalho durante o dia.,What's the schedule? I work during the day.,上课时间是什么？我白天要上班。,上課時間是什麼？我白天要上班。,,,,,
iefp,IEFP,dialogo,,214,dialogo-iefp-ha-turmas-pos-laborais-a-noite,,,,"Há turmas pós-laborais, à noite.","There are after-work classes, in the evening.",有晚间的下班后班次。,有晚間的下班後班次。,,,,,
iefp,IEFP,cartao,,41,cartao-iefp-queria-inscrever-me-como-candidato-a-emprego,,,,Queria inscrever-me como candidato a emprego.,I'd like to register as a jobseeker.,我想登记为求职者。,我想登記為求職者。,,,,,
iefp,IEFP,cartao,,42,cartao-iefp-trago-identificacao-nif-niss-e-comprovativo-de-morada,,,,"Trago identificação, NIF, NISS e comprovativo de morada.","I have my ID, tax number, social security number and proof of address.",我带了证件、税号、社保号和住址证明。,我帶了證件、稅號、社保號和住址證明。,,,,,
iefp,IEFP,cartao,,43,cartao-iefp-quero-pedir-o-subsidio-de-desemprego,,,,Quero pedir o subsídio de desemprego.,I want to apply for unemployment benefit.,我想申请失业救济金。,我想申請失業救濟金。,,,,,
iefp,IEFP,cartao,,44,cartao-iefp-tenho-a-declaracao-da-entidade-empregadora,,,,Tenho a declaração da entidade empregadora.,I have the employer's declaration.,我有雇主的解雇声明。,我有僱主的解僱聲明。,,,,,
iefp,IEFP,cartao,,45,cartao-iefp-estou-interessado-a-em-formacao-profissional,,,,Estou interessado/a em formação profissional.,I'm interested in vocational training.,我对职业培训有兴趣。,我對職業培訓有興趣。,,,,,
iefp,IEFP,cartao,,46,cartao-iefp-recebi-uma-convocatoria-para-esta-data,,,,Recebi uma convocatória para esta data.,I received a summons for this date.,我收到了这个日期的约谈通知。,我收到了這個日期的約談通知。,,,,,
iefp,IEFP,cartao,,126,cartao-iefp-qual-e-o-salario-minimo-atual,,,,Qual é o salário mínimo atual?,What's the current minimum wage?,现在的最低工资是多少？,現在的最低工資是多少？,,,,,
iefp,IEFP,cartao,,127,cartao-iefp-tenho-direito-a-subsidio-de-ferias-e-de-natal,,,,Tenho direito a subsídio de férias e de Natal.,I'm entitled to holiday and Christmas bonuses.,我有权领取假期津贴和圣诞津贴。,我有權領取假期津貼和聖誕津貼。,,,,,
iefp,IEFP,cartao,,128,cartao-iefp-o-contrato-e-a-termo-ou-sem-termo,,,,O contrato é a termo ou sem termo?,Is the contract fixed-term or permanent?,合同是固定期限还是无固定期限？,合同是固定期限還是無固定期限？,,,,,
iefp,IEFP,cartao,,129,cartao-iefp-quero-apresentar-queixa-na-act,,,,Quero apresentar queixa na ACT.,I want to file a complaint with the ACT.,我要向劳动监察局投诉。,我要向勞動監察局投訴。,,,,,
iefp,IEFP,cartao,,130,cartao-iefp-quero-inscrever-me-no-curso-de-portugues,,,,Quero inscrever-me no curso de português.,I want to enrol in the Portuguese course.,我想報名葡语课程。,我想報名葡語課程。,,,,,
iefp,IEFP,cartao,useful situation example,666,cartao-iefp-onde-posso-encontrar-informacoes-sobre-a-declaracao-da-entidade-empregadora,,,,Onde posso encontrar informações sobre a declaração da entidade empregadora?,Where can I find information about employer's declaration (of dismissal)?,我可以在哪里查到有关雇主解雇声明的信息？,我可以在哪裡查到有關僱主解僱聲明的資訊？,,,,,
iefp,IEFP,cartao,useful situation example,667,cartao-iefp-pode-dar-me-informacoes-sobre-o-curso-de-portugues-para-estrangeiros,,,,Pode dar-me informações sobre o curso de português para estrangeiros?,Could you give me information about Portuguese course for foreigners?,可以告诉我有关对外葡语课程的信息吗？,可以告訴我有關對外葡語課程的資訊嗎？,,,,,
iefp,IEFP,cartao,useful situation example,668,cartao-iefp-onde-posso-encontrar-informacoes-sobre-a-entrevista-de-emprego,,,,Gostaria de saber mais sobre a entrevista de emprego.,I would like to know more about job interview.,我想进一步了解求职面试。,我想進一步了解求職面試。,,,,,
iefp,IEFP,cartao,useful situation example,669,cartao-iefp-onde-posso-encontrar-informacoes-sobre-o-recibo-de-vencimento,,,,Quem me pode orientar sobre o recibo de vencimento?,Who can advise me about payslip?,关于工资单，谁可以给我指引？,關於工資單，誰可以給我指引？,,,,,
iefp,IEFP,cartao,useful situation example,670,cartao-iefp-pode-dar-me-informacoes-sobre-o-periodo-experimental,,,,Tenho uma questão relacionada com o período experimental.,I have a question related to probation period.,我有一个与试用期有关的问题。,我有一個與試用期有關的問題。,,,,,
iefp,IEFP,cartao,useful situation example,671,cartao-iefp-pode-dar-me-informacoes-sobre-a-rescisao-do-contrato,,,,Consegue ajudar-me com uma dúvida sobre a rescisão do contrato?,Can you help me with a question about contract termination?,您能帮我解答一个有关解除合同的问题吗？,您能幫我解答一個有關解除合同的問題嗎？,,,,,
iefp,IEFP,cartao,useful situation example,672,cartao-iefp-pode-dar-me-informacoes-sobre-o-gestor-pessoal,,,,A quem posso pedir esclarecimentos sobre o gestor pessoal?,Who can I ask for clarification about personal case officer?,关于个人专员，我可以向谁咨询？,關於個人專員，我可以向誰查詢？,,,,,
iefp,IEFP,cartao,useful situation example,673,cartao-iefp-preciso-de-esclarecer-uma-duvida-sobre-a-agencia-de-trabalho-temporario,,,,Preciso de esclarecer uma dúvida sobre a agência de trabalho temporário.,I have a question about temp agency.,我需要咨询有关劳务派遣公司的问题。,我需要查詢有關勞務派遣公司的問題。,,,,,
iefp,IEFP,cartao,useful situation example,674,cartao-iefp-pode-dar-me-informacoes-sobre-o-sindicato,,,,Pode explicar-me melhor o que preciso de saber sobre o sindicato?,Could you explain what I need to know about trade union?,您能说明我需要了解工会的哪些信息吗？,您能說明我需要了解工會的哪些資訊嗎？,,,,,
imt_carta_conducao,IMT e Carta de Condução,vocabulario,,,az-0428,m8-carta-conducao,noun,f,a carta de condução,driving licence,驾驶执照,駕駛執照,Tenho carta de condução.,I have a driving licence.,我有驾驶执照。,我有駕駛執照。,
imt_carta_conducao,IMT e Carta de Condução,vocabulario,,,az-0239,m5-passaporte,noun,m,o passaporte,passport,护照,護照,Deve levar o passaporte.,You should take the passport.,您应该带上护照。,您應該帶上護照。,
imt_carta_conducao,IMT e Carta de Condução,vocabulario,,,az-0241,m5-pessoalmente,,,pessoalmente,in person,亲自,親自,Tem de vir cá pessoalmente.,You have to come here in person.,您必须亲自来这里。,您必須親自來這裡。,
imt_carta_conducao,IMT e Carta de Condução,vocabulario,,,az-0234,m5-impresso,noun,m,o impresso,form,表格,表格,Preencha este impresso.,Fill in this form.,请填写这张表格。,請填寫這張表格。,
imt_carta_conducao,IMT e Carta de Condução,vocabulario,,,az-0235,m5-renovar,,,renovar,to renew,续签/更新,續簽/更新,Queria renovar a autorização de residência.,I would like to renew the residence permit.,我想续居留许可。,我想續居留許可。,
imt_carta_conducao,IMT e Carta de Condução,vocabulario,,,az-0236,m5-documentos-necessarios,noun,m-pl,os documentos necessários,required documents,所需文件,所需文件,Que documentos necessários devo trazer?,What required documents should I bring?,我应该带哪些必要文件？,我應該帶哪些必要文件？,
imt_carta_conducao,IMT e Carta de Condução,vocabulario,,,az-0237,m5-requerente,noun,m,o requerente,applicant,申请人,申請人,O requerente assina o pedido.,The applicant signs the request.,申请人在申请书上签字。,申請人在申請書上簽字。,
imt_carta_conducao,IMT e Carta de Condução,vocabulario,,,az-0238,m5-fotografia-tipo-passe,noun,f,a fotografia tipo passe,passport photo,护照照片,護照照片,Preciso de duas fotografias tipo passe.,I need two passport-style photographs.,我需要两张证件照。,我需要兩張證件照。,
imt_carta_conducao,IMT e Carta de Condução,vocabulario,,,az-0240,m5-registo-criminal,noun,m,o registo criminal,criminal record,犯罪记录,犯罪記錄,Preciso de autorização para consulta do registo criminal.,I need authorisation to consult the criminal record.,我需要授权查询犯罪记录。,我需要授權查詢犯罪紀錄。,
imt_carta_conducao,IMT e Carta de Condução,vocabulario,,,az-0268,m5-cartao-de-residencia,noun,m,o cartão de residência,residence card,居留卡,居留卡,Preciso do cartão de residência.,I need the residence card.,我需要居留卡。,我需要居留卡。,
imt_carta_conducao,IMT e Carta de Condução,vocabulario,,,az-0659,situacao-a-autorizacao-de-residencia-ar,noun,f,a autorização de residência (AR),residence permit,居留許可,居留許可,,,,,
imt_carta_conducao,IMT e Carta de Condução,vocabulario,,,az-0663,situacao-a-marcacao-o-agendamento,noun,f,a marcação / o agendamento,appointment / booking,预约,預約,,,,,
imt_carta_conducao,IMT e Carta de Condução,vocabulario,,,az-0664,situacao-a-recolha-de-dados-biometricos,noun,f,a recolha de dados biométricos,biometric data collection,採集生物识別资料（按指紋等）,採集生物識別資料（按指紋等）,,,,,
imt_carta_conducao,IMT e Carta de Condução,vocabulario,,,az-0668,situacao-caducado-a,,,caducado/a,expired,已过期,已過期,,,,,AR expired <6 months can still renew
imt_carta_conducao,IMT e Carta de Condução,vocabulario,,,az-0669,situacao-as-taxas,noun,f-pl,as taxas,fees,费用,費用,,,,,
imt_carta_conducao,IMT e Carta de Condução,vocabulario,,,az-0802,situacao-a-assinatura,noun,f,a assinatura,signature,签名,簽名,,,,,
imt_carta_conducao,IMT e Carta de Condução,vocabulario,,,az-0824,situacao-a-chave-movel-digital-cmd,noun,f,a Chave Móvel Digital (CMD),Digital Mobile Key (gov. login),数字移动密钥（政府通用登录）,數字移動密鑰（政府通用登錄）,,,,,"One login for Finanças, SS, SNS portals"
imt_carta_conducao,IMT e Carta de Condução,vocabulario,,,az-0851,situacao-a-fotocopia-autenticada,noun,f,a fotocópia autenticada,certified photocopy,认证副本,認證副本,,,,,
imt_carta_conducao,IMT e Carta de Condução,vocabulario,,,az-0852,situacao-o-reconhecimento-de-assinatura,noun,m,o reconhecimento de assinatura,signature certification,签名认证,簽名認證,,,,,
imt_carta_conducao,IMT e Carta de Condução,vocabulario,,,az-0863,situacao-assinar,,,assinar,to sign,签名,簽名,,,,,
imt_carta_conducao,IMT e Carta de Condução,vocabulario,,,az-0864,situacao-o-comprovativo-de-pagamento,noun,m,o comprovativo de pagamento,proof of payment,缴费憑证,繳費憑證,,,,,
imt_carta_conducao,IMT e Carta de Condução,vocabulario,,,az-0884,situacao-o-atestado-medico,noun,m,o atestado médico,medical certificate,医生证明,醫生證明,,,,,
imt_carta_conducao,IMT e Carta de Condução,vocabulario,,,az-0887,situacao-a-apostila-de-haia,noun,f,a apostila (de Haia),(Hague) apostille,海牙认证,海牙認證,,,,,Foreign documents must be apostilled
imt_carta_conducao,IMT e Carta de Condução,vocabulario,,,az-0888,situacao-a-traducao-certificada,noun,f,a tradução certificada,certified translation,认证翻译,認證翻譯,,,,,
imt_carta_conducao,IMT e Carta de Condução,vocabulario,,,az-0893,situacao-o-comprovativo-de-agendamento,noun,m,o comprovativo de agendamento,proof of appointment,预约憑证,預約憑證,,,,,
imt_carta_conducao,IMT e Carta de Condução,vocabulario,,,az-0894,situacao-o-numero-de-processo,noun,m,o número de processo,case number,案件編号,案件編號,,,,,
imt_carta_conducao,IMT e Carta de Condução,vocabulario,,,az-0895,situacao-o-estado-do-processo,noun,m,o estado do processo,case status,案件状态,案件狀態,,,,,
imt_carta_conducao,IMT e Carta de Condução,vocabulario,,,az-1321,situacao-o-imt,noun,m,o IMT,Institute for Mobility and Transport (IMT),交通与运输局（IMT）,交通及運輸局（IMT）,O pedido foi enviado ao IMT.,The application was sent to the IMT.,申请已提交给IMT。,申請已提交給IMT。,
imt_carta_conducao,IMT e Carta de Condução,vocabulario,,,az-1322,situacao-trocar-a-carta-de-conducao,,,trocar a carta de condução,to exchange a driving licence,换领驾驶证,換領駕駛執照,Quero trocar a minha carta estrangeira.,I want to exchange my foreign licence.,我想换领外国驾驶证。,我想換領外國駕駛執照。,
imt_carta_conducao,IMT e Carta de Condução,vocabulario,,,az-1323,situacao-o-atestado-medico-eletronico,noun,m,o atestado médico eletrónico,electronic medical certificate,电子健康证明,電子健康證明,O médico enviou o atestado eletrónico ao IMT.,The doctor sent the electronic certificate to the IMT.,医生已将电子健康证明发送给IMT。,醫生已將電子健康證明傳送給IMT。,
imt_carta_conducao,IMT e Carta de Condução,dialogo,opening,477,dialogo-imt_carta_conducao-bom-dia-quero-trocar-a-minha-carta-de-conducao-estrangeira,,,,Bom dia. Quero trocar a minha carta de condução estrangeira.,Good morning. I want to exchange my foreign driving licence.,早上好。我想换领外国驾驶证。,早晨。我想換領外國駕駛執照。,,,,,
imt_carta_conducao,IMT e Carta de Condução,dialogo,eligibility,478,dialogo-imt_carta_conducao-em-que-pais-foi-emitida-e-desde-quando-reside-em-portugal,,,,Em que país foi emitida e desde quando reside em Portugal?,"Which country issued it, and since when have you lived in Portugal?",驾驶证由哪个国家签发？您从什么时候开始在葡萄牙居住？,駕駛執照由哪個國家簽發？您從甚麼時候開始在葡萄牙居住？,,,,,
imt_carta_conducao,IMT e Carta de Condução,dialogo,eligibility,479,dialogo-imt_carta_conducao-foi-emitida-na-china-e-tenho-residencia-desde-marco,,,,Foi emitida na China e tenho residência desde março.,"It was issued in China, and I have been resident since March.",由中国签发，我从三月起在葡萄牙居住。,由中國簽發，我從三月起在葡萄牙居住。,,,,,
imt_carta_conducao,IMT e Carta de Condução,dialogo,documents,480,dialogo-imt_carta_conducao-a-lista-de-documentos-depende-do-pais-vamos-confirmar-o-seu-caso,,,,A lista de documentos depende do país. Vamos confirmar o seu caso.,The document list depends on the country. Let us check your case.,所需文件取决于签发国。我们先核对您的情况。,所需文件視乎簽發國。我們先核對您的情況。,,,,,
imt_carta_conducao,IMT e Carta de Condução,dialogo,documents,481,dialogo-imt_carta_conducao-tenho-a-carta-original-o-atestado-medico-e-o-titulo-de-residencia,,,,"Tenho a carta original, o atestado médico e o título de residência.","I have the original licence, medical certificate, and residence permit.",我带了驾驶证原件、健康证明和居留证。,我帶了駕駛執照正本、健康證明和居留證。,,,,,
imt_carta_conducao,IMT e Carta de Condução,dialogo,documents,482,dialogo-imt_carta_conducao-pode-ainda-ser-necessaria-uma-declaracao-de-autenticidade-ou-traducao-certificada,,,,Pode ainda ser necessária uma declaração de autenticidade ou tradução certificada.,A declaration of authenticity or certified translation may also be required.,还可能需要真实性声明或认证翻译。,還可能需要真實性聲明或核證翻譯。,,,,,
imt_carta_conducao,IMT e Carta de Condução,dialogo,submission,483,dialogo-imt_carta_conducao-posso-entregar-tudo-online,,,,Posso entregar tudo online?,Can I submit everything online?,可以全部在线提交吗？,可以全部網上提交嗎？,,,,,
imt_carta_conducao,IMT e Carta de Condução,dialogo,submission,484,dialogo-imt_carta_conducao-o-pedido-comeca-no-formulario-online-siga-depois-as-instrucoes-do-imt,,,,O pedido começa no formulário online; siga depois as instruções do IMT.,The application starts with the online form; then follow the IMT instructions.,申请从在线表格开始，之后请按IMT的指示办理。,申請由網上表格開始，之後請按IMT的指示辦理。,,,,,
imt_carta_conducao,IMT e Carta de Condução,dialogo,cost,485,dialogo-imt_carta_conducao-qual-e-o-custo-e-como-faco-o-pagamento,,,,Qual é o custo e como faço o pagamento?,"What does it cost, and how do I pay?",费用是多少？如何付款？,費用是多少？如何付款？,,,,,
imt_carta_conducao,IMT e Carta de Condução,dialogo,tracking,486,dialogo-imt_carta_conducao-a-taxa-base-aparece-no-pedido-guarde-a-referencia-para-acompanhar-o-processo,,,,A taxa base aparece no pedido. Guarde a referência para acompanhar o processo.,The base fee appears in the application. Keep the reference to track the process.,基本费用会显示在申请中。请保存编号以查询进度。,基本費用會顯示在申請中。請保留編號以查詢進度。,,,,,
imt_carta_conducao,IMT e Carta de Condução,dialogo,expanded real-world coverage,538,dialogo-imt_carta_conducao-a-minha-carta-portuguesa-caduca-no-proximo-mes,,,,A minha carta portuguesa caduca no próximo mês.,My Portuguese driving licence expires next month.,我的葡萄牙驾驶证下个月到期。,我的葡萄牙駕駛執照下個月到期。,,,,,
imt_carta_conducao,IMT e Carta de Condução,dialogo,expanded real-world coverage,539,dialogo-imt_carta_conducao-pode-pedir-a-renovacao-nos-seis-meses-anteriores-a-data-de-validade,,,,Pode pedir a renovação nos seis meses anteriores à data de validade.,You can request renewal during the six months before the expiry date.,您可以在有效期届满前六个月内申请续期。,您可以在有效期屆滿前六個月內申請續期。,,,,,
imt_carta_conducao,IMT e Carta de Condução,dialogo,expanded real-world coverage,540,dialogo-imt_carta_conducao-preciso-de-fazer-um-novo-atestado-medico,,,,Preciso de fazer um novo atestado médico?,Do I need a new medical certificate?,我需要重新办理体检证明吗？,我需要重新辦理醫療證明嗎？,,,,,
imt_carta_conducao,IMT e Carta de Condução,dialogo,expanded real-world coverage,541,dialogo-imt_carta_conducao-depende-da-sua-idade-e-das-categorias-da-carta,,,,Depende da sua idade e das categorias da carta.,It depends on your age and the licence categories.,这取决于您的年龄和驾驶证类别。,這取決於您的年齡和駕駛執照類別。,,,,,
imt_carta_conducao,IMT e Carta de Condução,dialogo,expanded real-world coverage,542,dialogo-imt_carta_conducao-mudei-de-morada-tenho-de-atualizar-a-carta,,,,Mudei de morada. Tenho de atualizar a carta?,I have changed address. Must I update the licence?,我搬家了，需要更新驾驶证吗？,我搬家了，需要更新駕駛執照嗎？,,,,,
imt_carta_conducao,IMT e Carta de Condução,dialogo,expanded real-world coverage,543,dialogo-imt_carta_conducao-a-morada-deve-estar-atualizada-nos-seus-dados-de-identificacao,,,,A morada deve estar atualizada nos seus dados de identificação.,Your address must be current in your identification records.,您的身份资料中必须登记最新地址。,您的身份資料中必須登記最新地址。,,,,,
imt_carta_conducao,IMT e Carta de Condução,dialogo,expanded real-world coverage,544,dialogo-imt_carta_conducao-enquanto-espero-posso-continuar-a-conduzir,,,,"Enquanto espero, posso continuar a conduzir?",Can I keep driving while I wait?,等待期间我可以继续驾驶吗？,等候期間我可以繼續駕駛嗎？,,,,,
imt_carta_conducao,IMT e Carta de Condução,dialogo,expanded real-world coverage,545,dialogo-imt_carta_conducao-guarde-o-comprovativo-do-pedido-e-confirme-a-validade-indicada,,,,Guarde o comprovativo do pedido e confirme a validade indicada.,Keep the application receipt and check the validity shown on it.,请保留申请凭证，并确认上面注明的有效期。,請保留申請證明，並確認上面註明的有效期。,,,,,
imt_carta_conducao,IMT e Carta de Condução,dialogo,expanded real-world coverage,546,dialogo-imt_carta_conducao-como-recebo-a-nova-carta,,,,Como recebo a nova carta?,How will I receive the new licence?,新驾驶证会怎样寄给我？,新駕駛執照會怎樣寄給我？,,,,,
imt_carta_conducao,IMT e Carta de Condução,dialogo,expanded real-world coverage,547,dialogo-imt_carta_conducao-e-enviada-para-a-morada-registada-acompanhe-o-pedido-no-portal,,,,É enviada para a morada registada; acompanhe o pedido no portal.,It is sent to the registered address; track the application on the portal.,会寄到登记地址；您可以在网站查询进度。,會寄到登記地址；您可以在網站查詢進度。,,,,,
imt_carta_conducao,IMT e Carta de Condução,cartao,eligibility,315,cartao-imt_carta_conducao-posso-conduzir-em-portugal-com-esta-carta,,,,Posso conduzir em Portugal com esta carta?,Can I drive in Portugal with this licence?,我可以持这本驾驶证在葡萄牙驾驶吗？,我可以持這本駕駛執照在葡萄牙駕駛嗎？,,,,,
imt_carta_conducao,IMT e Carta de Condução,cartao,deadline,316,cartao-imt_carta_conducao-qual-e-o-prazo-para-fazer-a-troca,,,,Qual é o prazo para fazer a troca?,What is the deadline for exchanging it?,换领期限是多久？,換領期限是多久？,,,,,
imt_carta_conducao,IMT e Carta de Condução,cartao,appointment,317,cartao-imt_carta_conducao-preciso-de-ir-a-um-balcao-ou-basta-o-pedido-online,,,,Preciso de ir a um balcão ou basta o pedido online?,"Must I visit a desk, or is the online application enough?",需要到服务台办理，还是在线申请即可？,需要到服務櫃位辦理，還是網上申請即可？,,,,,
imt_carta_conducao,IMT e Carta de Condução,cartao,documents,318,cartao-imt_carta_conducao-qual-destes-documentos-ainda-falta,,,,Qual destes documentos ainda falta?,Which of these documents is still missing?,这些文件中还缺哪一份？,這些文件中還欠哪一份？,,,,,
imt_carta_conducao,IMT e Carta de Condução,cartao,payment,319,cartao-imt_carta_conducao-onde-encontro-a-referencia-para-pagar,,,,Onde encontro a referência para pagar?,Where can I find the payment reference?,在哪里可以找到付款编号？,在哪裡可以找到付款編號？,,,,,
imt_carta_conducao,IMT e Carta de Condução,cartao,temporary-proof,320,cartao-imt_carta_conducao-recebo-algum-comprovativo-enquanto-espero-pela-nova-carta,,,,Recebo algum comprovativo enquanto espero pela nova carta?,Will I receive proof while waiting for the new licence?,等待新驾驶证期间会收到临时凭证吗？,等候新駕駛執照期間會收到臨時證明嗎？,,,,,
imt_carta_conducao,IMT e Carta de Condução,cartao,problem,321,cartao-imt_carta_conducao-recebi-um-pedido-de-documentos-adicionais,,,,Recebi um pedido de documentos adicionais.,I received a request for additional documents.,我收到补交文件的通知。,我收到補交文件的通知。,,,,,
imt_carta_conducao,IMT e Carta de Condução,cartao,tracking,322,cartao-imt_carta_conducao-a-referencia-do-meu-pedido-e-esta,,,,A referência do meu pedido é esta.,This is my application reference.,这是我的申请编号。,這是我的申請編號。,,,,,
imt_carta_conducao,IMT e Carta de Condução,cartao,useful situation example,423,cartao-imt_carta_conducao-onde-posso-encontrar-informacoes-sobre-o-comprovativo-de-agendamento,,,,Onde posso encontrar informações sobre o comprovativo de agendamento?,Where can I find information about proof of appointment?,我可以在哪里查到有关预约憑证的信息？,我可以在哪裡查到有關預約憑證的資訊？,,,,,
imt_carta_conducao,IMT e Carta de Condução,cartao,useful situation example,424,cartao-imt_carta_conducao-pode-dar-me-informacoes-sobre-o-estado-do-processo,,,,Pode dar-me informações sobre o estado do processo?,Could you give me information about case status?,可以告诉我有关案件状态的信息吗？,可以告訴我有關案件狀態的資訊嗎？,,,,,
imt_carta_conducao,IMT e Carta de Condução,cartao,useful situation example,425,cartao-imt_carta_conducao-onde-posso-encontrar-informacoes-sobre-as-taxas,,,,Gostaria de saber mais sobre as taxas.,I would like to know more about fees.,我想进一步了解费用。,我想進一步了解費用。,,,,,
imt_carta_conducao,IMT e Carta de Condução,cartao,useful situation example,426,cartao-imt_carta_conducao-pode-dar-me-informacoes-sobre-o-atestado-medico,,,,Quem me pode orientar sobre o atestado médico?,Who can advise me about medical certificate?,关于医生证明，谁可以给我指引？,關於醫生證明，誰可以給我指引？,,,,,
imt_carta_conducao,IMT e Carta de Condução,cartao,useful situation example,427,cartao-imt_carta_conducao-preciso-de-esclarecer-uma-duvida-sobre-a-recolha-de-dados-biometricos,,,,Preciso de esclarecer uma dúvida sobre a recolha de dados biométricos.,I have a question about biometric data collection.,我需要咨询有关採集生物识別资料（按指紋等）的问题。,我需要查詢有關採集生物識別資料（按指紋等）的問題。,,,,,
imt_carta_conducao,IMT e Carta de Condução,cartao,useful situation example,428,cartao-imt_carta_conducao-preciso-de-esclarecer-uma-duvida-sobre-a-fotocopia-autenticada,,,,Tenho uma questão relacionada com a fotocópia autenticada.,I have a question related to certified photocopy.,我有一个与认证副本有关的问题。,我有一個與認證副本有關的問題。,,,,,
imt_carta_conducao,IMT e Carta de Condução,cartao,useful situation example,429,cartao-imt_carta_conducao-com-quem-devo-falar-sobre-o-reconhecimento-de-assinatura,,,,Com quem devo falar sobre o reconhecimento de assinatura?,Who should I speak to about signature certification?,关于签名认证，我应该和谁联系？,關於簽名認證，我應該聯絡誰？,,,,,
imt_carta_conducao,IMT e Carta de Condução,cartao,useful situation example,430,cartao-imt_carta_conducao-preciso-de-autorizacao-para-consulta-do-registo-criminal,,,,Preciso de autorização para consulta do registo criminal.,I need authorisation to consult the criminal record.,我需要授权查询犯罪记录。,我需要授權查詢犯罪紀錄。,,,,,
imt_carta_conducao,IMT e Carta de Condução,cartao,useful situation example,431,cartao-imt_carta_conducao-com-quem-devo-falar-sobre-a-traducao-certificada,,,,Consegue ajudar-me com uma dúvida sobre a tradução certificada?,Can you help me with a question about certified translation?,您能帮我解答一个有关认证翻译的问题吗？,您能幫我解答一個有關認證翻譯的問題嗎？,,,,,
imt_carta_conducao,IMT e Carta de Condução,cartao,useful situation example,432,cartao-imt_carta_conducao-queria-informacoes-sobre-o-comprovativo-de-pagamento,,,,Queria informações sobre o comprovativo de pagamento.,I would like information about proof of payment.,我想了解缴费憑证。,我想了解繳費憑證。,,,,,
imt_carta_conducao,IMT e Carta de Condução,cartao,useful situation example,433,cartao-imt_carta_conducao-queria-informacoes-sobre-o-numero-de-processo,,,,A quem posso pedir esclarecimentos sobre o número de processo?,Who can I ask for clarification about case number?,关于案件編号，我可以向谁咨询？,關於案件編號，我可以向誰查詢？,,,,,
imt_carta_conducao,IMT e Carta de Condução,cartao,useful situation example,434,cartao-imt_carta_conducao-que-documentos-necessarios-devo-trazer,,,,Que documentos devo trazer?,Which documents should I bring?,我需要带哪些文件？,我需要帶哪些文件？,,,,,
junta_de_freguesia,Junta de Freguesia,vocabulario,,,az-0637,situacao-a-junta-de-freguesia,noun,f,a junta de freguesia,parish council office,堂区行政委员会（社区办事处）,堂區行政委員會（社區辦事處）,,,,,Most local level of government
junta_de_freguesia,Junta de Freguesia,vocabulario,,,az-0638,situacao-o-atestado-de-residencia,noun,m,o atestado de residência,certificate of residence,居住证明书,居住證明書,,,,,Key doc for SNS number without residence permit
junta_de_freguesia,Junta de Freguesia,vocabulario,,,az-0639,situacao-as-duas-testemunhas,noun,f-pl,as duas testemunhas,two witnesses,两名证人,兩名證人,,,,,Neighbours registered in the same freguesia
junta_de_freguesia,Junta de Freguesia,vocabulario,,,az-0640,situacao-recenseado-na-freguesia,,,recenseado na freguesia,registered (on the electoral roll) in the parish,在本堂区登记在册的,在本堂區登記在冊的,,,,,
junta_de_freguesia,Junta de Freguesia,vocabulario,,,az-0641,situacao-o-agregado-familiar,noun,m,o agregado familiar,household,家庭成员（同户）,家庭成員（同戶）,,,,,
junta_de_freguesia,Junta de Freguesia,vocabulario,,,az-0642,situacao-a-declaracao-sob-compromisso-de-honra,noun,f,a declaração sob compromisso de honra,sworn declaration,誓词声明（保证声明）,誓詞聲明（保證聲明）,,,,,
junta_de_freguesia,Junta de Freguesia,vocabulario,,,az-0643,situacao-o-contrato-de-arrendamento,noun,m,o contrato de arrendamento,rental contract,租赁合同,租賃合同,,,,,
junta_de_freguesia,Junta de Freguesia,vocabulario,,,az-0644,situacao-a-certidao,noun,f,a certidão,certificate / official copy,证明书／正式副本,證明書／正式副本,,,,,
junta_de_freguesia,Junta de Freguesia,vocabulario,,,az-0645,situacao-o-carimbo,noun,m,o carimbo,official stamp,公章,公章,,,,,
junta_de_freguesia,Junta de Freguesia,vocabulario,,,az-0646,situacao-pagar-uma-taxa,,,pagar uma taxa,to pay a fee,缴納费用,繳納費用,,,,,
junta_de_freguesia,Junta de Freguesia,vocabulario,,,az-0847,situacao-o-espaco-cidadao,noun,m,o Espaço Cidadão,Citizen's Desk (one-stop services),公民服务站,公民服務站,,,,,"Renew CC, CMD activation, IRS help — often inside the junta"
junta_de_freguesia,Junta de Freguesia,vocabulario,,,az-0848,situacao-o-recenseamento-eleitoral,noun,m,o recenseamento eleitoral,electoral registration,选民登记,選民登記,,,,,
junta_de_freguesia,Junta de Freguesia,vocabulario,,,az-0849,situacao-a-prova-de-vida,noun,f,a prova de vida,proof of life (for pensions),生存证明（领养老金用）,生存證明（領養老金用）,,,,,
junta_de_freguesia,Junta de Freguesia,vocabulario,,,az-0850,situacao-o-atestado-de-agregado-familiar,noun,m,o atestado de agregado familiar,household certificate,家庭成员证明,家庭成員證明,,,,,Often needed for family reunification
junta_de_freguesia,Junta de Freguesia,vocabulario,,,az-0851,situacao-a-fotocopia-autenticada,noun,f,a fotocópia autenticada,certified photocopy,认证副本,認證副本,,,,,
junta_de_freguesia,Junta de Freguesia,vocabulario,,,az-0852,situacao-o-reconhecimento-de-assinatura,noun,m,o reconhecimento de assinatura,signature certification,签名认证,簽名認證,,,,,
junta_de_freguesia,Junta de Freguesia,vocabulario,,,az-0853,situacao-a-taxa-de-emissao,noun,f,a taxa de emissão,issuance fee,办理费用,辦理費用,,,,,
junta_de_freguesia,Junta de Freguesia,vocabulario,,,az-0854,situacao-o-horario-de-atendimento,noun,m,o horário de atendimento,office hours,办公时间,辦公時間,,,,,
junta_de_freguesia,Junta de Freguesia,vocabulario,,,az-0855,situacao-a-senha-de-atendimento,noun,f,a senha de atendimento,queue ticket,排队取号,排隊取號,,,,,
junta_de_freguesia,Junta de Freguesia,vocabulario,,,az-0856,situacao-valido-por-tres-meses,,,válido por três meses,valid for three months,三个月有效,三個月有效,,,,,Most junta certificates expire quickly
junta_de_freguesia,Junta de Freguesia,vocabulario,,,az-0857,situacao-a-declaracao,noun,f,a declaração,declaration / statement,声明书,聲明書,,,,,
junta_de_freguesia,Junta de Freguesia,vocabulario,,,az-0858,situacao-morar-residir,,,morar / residir,to live / to reside,居住,居住,,,,,
junta_de_freguesia,Junta de Freguesia,vocabulario,,,az-0859,situacao-a-freguesia,noun,f,a freguesia,parish (administrative area),堂区（行政区）,堂區（行政區）,,,,,
junta_de_freguesia,Junta de Freguesia,vocabulario,,,az-0860,situacao-o-municipe-o-morador,noun,m,o munícipe / o morador,resident,居民,居民,,,,,
junta_de_freguesia,Junta de Freguesia,vocabulario,,,az-0594,situacao-a-camara-municipal,noun,f,a câmara municipal,city hall,市政厅,市政廳,,,,,
junta_de_freguesia,Junta de Freguesia,vocabulario,,,az-0862,situacao-o-formulario,noun,m,o formulário,form,表格,表格,,,,,
junta_de_freguesia,Junta de Freguesia,vocabulario,,,az-0579,,,,preencher,to fill in,填写,填寫,,,,,
junta_de_freguesia,Junta de Freguesia,vocabulario,,,az-0863,situacao-assinar,,,assinar,to sign,签名,簽名,,,,,
junta_de_freguesia,Junta de Freguesia,vocabulario,,,az-0864,situacao-o-comprovativo-de-pagamento,noun,m,o comprovativo de pagamento,proof of payment,缴费憑证,繳費憑證,,,,,
junta_de_freguesia,Junta de Freguesia,vocabulario,,,az-0865,situacao-levantar-o-documento,,,levantar o documento,to collect the document,领取文件,領取文件,,,,,
junta_de_freguesia,Junta de Freguesia,dialogo,,23,dialogo-junta-de-freguesia-bom-dia-preciso-de-um-atestado-de-residencia,,,,"Bom dia, preciso de um atestado de residência.","Good morning, I need a certificate of residence.",早上好，我需要一份居住证明。,早上好，我需要一份居住證明。,,,,,
junta_de_freguesia,Junta de Freguesia,dialogo,,24,dialogo-junta-de-freguesia-mora-nesta-freguesia-ha-quanto-tempo,,,,Mora nesta freguesia há quanto tempo?,How long have you lived in this parish?,您在本堂区住了多久？,您在本堂區住了多久？,,,,,
junta_de_freguesia,Junta de Freguesia,dialogo,,25,dialogo-junta-de-freguesia-ha-quatro-meses-e-para-pedir-o-numero-de-utente,,,,Há quatro meses. É para pedir o número de utente.,Four months. It's to apply for my health service number.,四个月了。是为了申请医疗用户号。,四個月了。是為了申請醫療用戶號。,,,,,
junta_de_freguesia,Junta de Freguesia,dialogo,,26,dialogo-junta-de-freguesia-tem-contrato-de-arrendamento-ou-duas-testemunhas-recen,,,,Tem contrato de arrendamento ou duas testemunhas recenseadas aqui?,Do you have a rental contract or two witnesses registered here?,您有租赁合同，或两位在此登记的证人吗？,您有租賃合同，或兩位在此登記的證人嗎？,,,,,
junta_de_freguesia,Junta de Freguesia,dialogo,,27,dialogo-junta-de-freguesia-tenho-o-contrato-de-arrendamento-e-uma-fatura-da-luz,,,,Tenho o contrato de arrendamento e uma fatura da luz.,I have the rental contract and an electricity bill.,我有租赁合同和一张电费单。,我有租賃合同和一張電費單。,,,,,
junta_de_freguesia,Junta de Freguesia,dialogo,,28,dialogo-junta-de-freguesia-otimo-preencha-este-formulario-e-pague-a-taxa-por-favo,,,,"Ótimo. Preencha este formulário e pague a taxa, por favor.","Great. Fill in this form and pay the fee, please.",很好。请填写这张表格并缴费。,很好。請填寫這張表格並繳費。,,,,,
junta_de_freguesia,Junta de Freguesia,dialogo,,29,dialogo-junta-de-freguesia-quando-fica-pronto,,,,Quando fica pronto?,When will it be ready?,什么时候可以拿？,什麼時候可以拿？,,,,,
junta_de_freguesia,Junta de Freguesia,dialogo,,30,dialogo-junta-de-freguesia-fica-pronto-hoje-com-o-carimbo-da-junta,,,,"Fica pronto hoje, com o carimbo da junta.","It'll be ready today, with the parish stamp.",今天就好，会盖上堂区公章。,今天就好，會蓋上堂區公章。,,,,,
junta_de_freguesia,Junta de Freguesia,dialogo,,155,dialogo-junta-de-freguesia-bom-dia-ha-espaco-cidadao-aqui-na-junta,,,,"Bom dia, há Espaço Cidadão aqui na junta?","Good morning, is there a Citizen's Desk here at the junta?",早上好，这里有公民服务站吗？,早上好，這裡有公民服務站嗎？,,,,,
junta_de_freguesia,Junta de Freguesia,dialogo,,156,dialogo-junta-de-freguesia-ha-sim-o-que-precisa-de-tratar,,,,"Há, sim. O que precisa de tratar?","Yes, there is. What do you need to do?",有的。您需要办什么？,有的。您需要辦什麼？,,,,,
junta_de_freguesia,Junta de Freguesia,dialogo,,157,dialogo-junta-de-freguesia-queria-ativar-a-chave-movel-digital,,,,Queria ativar a Chave Móvel Digital.,I'd like to activate the Digital Mobile Key.,我想开通数字移动密钥。,我想開通數字移動密鑰。,,,,,
junta_de_freguesia,Junta de Freguesia,dialogo,,158,dialogo-junta-de-freguesia-traga-o-titulo-de-residencia-e-o-telemovel-demora-dez-,,,,Traga o título de residência e o telemóvel. Demora dez minutos.,Bring your residence permit and phone. It takes ten minutes.,带居留证和手机來。十分钟就好。,帶居留證和手機來。十分鐘就好。,,,,,
junta_de_freguesia,Junta de Freguesia,dialogo,,159,dialogo-junta-de-freguesia-tambem-fazem-renovacao-do-cartao-de-cidadao,,,,Também fazem renovação do cartão de cidadão?,Do you also renew citizen cards?,你们也办公民卡续期吗？,你們也辦公民卡續期嗎？,,,,,
junta_de_freguesia,Junta de Freguesia,dialogo,,160,dialogo-junta-de-freguesia-fazemos-com-marcacao-previa,,,,"Fazemos, com marcação prévia.","We do, by prior appointment.",可以，需要提前预约。,可以，需要提前預約。,,,,,
junta_de_freguesia,Junta de Freguesia,dialogo,,161,dialogo-junta-de-freguesia-preciso-de-um-atestado-de-agregado-familiar-para-o-rea,,,,Preciso de um atestado de agregado familiar para o reagrupamento.,I need a household certificate for family reunification.,我需要一份家庭成员证明办家庭团聚。,我需要一份家庭成員證明辦家庭團聚。,,,,,
junta_de_freguesia,Junta de Freguesia,dialogo,,162,dialogo-junta-de-freguesia-quem-faz-parte-do-agregado,,,,Quem faz parte do agregado?,Who is part of the household?,家庭成员有哪些人？,家庭成員有哪些人？,,,,,
junta_de_freguesia,Junta de Freguesia,dialogo,,163,dialogo-junta-de-freguesia-eu-a-minha-mulher-e-os-nossos-dois-filhos,,,,"Eu, a minha mulher e os nossos dois filhos.","Me, my wife and our two children.",我、我妻子和我们的两个孩子。,我、我妻子和我們的兩個孩子。,,,,,
junta_de_freguesia,Junta de Freguesia,dialogo,,164,dialogo-junta-de-freguesia-traga-os-documentos-de-todos-e-o-contrato-de-arrendame,,,,Traga os documentos de todos e o contrato de arrendamento.,Bring everyone's documents and the rental contract.,带上所有人的证件和租赁合同。,帶上所有人的證件和租賃合同。,,,,,
junta_de_freguesia,Junta de Freguesia,dialogo,,165,dialogo-junta-de-freguesia-o-atestado-e-valido-por-quanto-tempo,,,,O atestado é válido por quanto tempo?,How long is the certificate valid?,证明有效期多久？,證明有效期多久？,,,,,
junta_de_freguesia,Junta de Freguesia,dialogo,,166,dialogo-junta-de-freguesia-tres-meses-a-partir-da-emissao,,,,Três meses a partir da emissão.,Three months from issuance.,自签发起三个月。,自簽發起三個月。,,,,,
junta_de_freguesia,Junta de Freguesia,cartao,,18,cartao-junta-de-freguesia-preciso-de-um-atestado-de-residencia-por-favor,,,,"Preciso de um atestado de residência, por favor.","I need a certificate of residence, please.",我需要一份居住证明，麻煩您。,我需要一份居住證明，麻煩您。,,,,,
junta_de_freguesia,Junta de Freguesia,cartao,,19,cartao-junta-de-freguesia-moro-nesta-freguesia-ha-x-meses,,,,Moro nesta freguesia há X meses.,I've lived in this parish for X months.,我在本堂区住了X个月。,我在本堂區住了X個月。,,,,,
junta_de_freguesia,Junta de Freguesia,cartao,,20,cartao-junta-de-freguesia-trago-o-contrato-de-arrendamento,,,,Trago o contrato de arrendamento.,I have my rental contract with me.,我带了租赁合同。,我帶了租賃合同。,,,,,
junta_de_freguesia,Junta de Freguesia,cartao,,21,cartao-junta-de-freguesia-posso-trazer-duas-testemunhas-se-for-preciso,,,,"Posso trazer duas testemunhas, se for preciso.",I can bring two witnesses if necessary.,如有需要，我可以带两位证人來。,如有需要，我可以帶兩位證人來。,,,,,
junta_de_freguesia,Junta de Freguesia,cartao,,22,cartao-junta-de-freguesia-quanto-custa-e-quando-fica-pronto,,,,Quanto custa e quando fica pronto?,How much is it and when will it be ready?,多少钱？什么时候能拿？,多少錢？什麼時候能拿？,,,,,
junta_de_freguesia,Junta de Freguesia,cartao,,106,cartao-junta-de-freguesia-ha-espaco-cidadao-aqui,,,,Há Espaço Cidadão aqui?,Is there a Citizen's Desk here?,这里有公民服务站吗？,這裡有公民服務站嗎？,,,,,
junta_de_freguesia,Junta de Freguesia,cartao,,107,cartao-junta-de-freguesia-qual-e-o-horario-de-atendimento,,,,Qual é o horário de atendimento?,What are the office hours?,办公时间是什么时候？,辦公時間是什麼時候？,,,,,
junta_de_freguesia,Junta de Freguesia,cartao,,108,cartao-junta-de-freguesia-preciso-do-atestado-de-agregado-familiar,,,,Preciso do atestado de agregado familiar.,I need a household certificate.,我需要家庭成员证明。,我需要家庭成員證明。,,,,,
junta_de_freguesia,Junta de Freguesia,cartao,,109,cartao-junta-de-freguesia-quero-ativar-a-chave-movel-digital,,,,Quero ativar a Chave Móvel Digital.,I want to activate the Digital Mobile Key.,我想开通数字移动密钥。,我想開通數字移動密鑰。,,,,,
junta_de_freguesia,Junta de Freguesia,cartao,,110,cartao-junta-de-freguesia-o-documento-e-valido-por-quanto-tempo,,,,O documento é válido por quanto tempo?,How long is the document valid?,文件有效期多久？,文件有效期多久？,,,,,
junta_de_freguesia,Junta de Freguesia,cartao,useful situation example,382,cartao-junta_de_freguesia-onde-posso-encontrar-informacoes-sobre-a-fotocopia-autenticada,,,,Onde posso encontrar informações sobre a fotocópia autenticada?,Where can I find information about certified photocopy?,我可以在哪里查到有关认证副本的信息？,我可以在哪裡查到有關認證副本的資訊？,,,,,
junta_de_freguesia,Junta de Freguesia,cartao,useful situation example,383,cartao-junta_de_freguesia-onde-posso-encontrar-informacoes-sobre-o-agregado-familiar,,,,Gostaria de saber mais sobre o agregado familiar.,I would like to know more about household.,我想进一步了解家庭成员（同户）。,我想進一步了解家庭成員（同戶）。,,,,,
junta_de_freguesia,Junta de Freguesia,cartao,useful situation example,384,cartao-junta_de_freguesia-pode-dar-me-informacoes-sobre-o-contrato-de-arrendamento,,,,Pode dar-me informações sobre o contrato de arrendamento?,Could you give me information about rental contract?,可以告诉我有关租赁合同的信息吗？,可以告訴我有關租賃合同的資訊嗎？,,,,,
junta_de_freguesia,Junta de Freguesia,cartao,useful situation example,385,cartao-junta_de_freguesia-pode-dar-me-informacoes-sobre-o-recenseamento-eleitoral,,,,Quem me pode orientar sobre o recenseamento eleitoral?,Who can advise me about electoral registration?,关于选民登记，谁可以给我指引？,關於選民登記，誰可以給我指引？,,,,,
junta_de_freguesia,Junta de Freguesia,cartao,useful situation example,386,cartao-junta_de_freguesia-pode-dar-me-informacoes-sobre-o-atestado-de-residencia,,,,Tenho uma questão relacionada com o atestado de residência.,I have a question related to certificate of residence.,我有一个与居住证明书有关的问题。,我有一個與居住證明書有關的問題。,,,,,
junta_de_freguesia,Junta de Freguesia,cartao,useful situation example,387,cartao-junta_de_freguesia-pode-dar-me-informacoes-sobre-a-taxa-de-emissao,,,,Consegue ajudar-me com uma dúvida sobre a taxa de emissão?,Can you help me with a question about issuance fee?,您能帮我解答一个有关办理费用的问题吗？,您能幫我解答一個有關辦理費用的問題嗎？,,,,,
junta_de_freguesia,Junta de Freguesia,cartao,useful situation example,388,cartao-junta_de_freguesia-com-quem-devo-falar-sobre-o-atestado-de-agregado-familiar,,,,Com quem devo falar sobre o atestado de agregado familiar?,Who should I speak to about household certificate?,关于家庭成员证明，我应该和谁联系？,關於家庭成員證明，我應該聯絡誰？,,,,,
junta_de_freguesia,Junta de Freguesia,cartao,useful situation example,389,cartao-junta_de_freguesia-preciso-de-esclarecer-uma-duvida-sobre-o-horario-de-atendimento,,,,Preciso de esclarecer uma dúvida sobre o horário de atendimento.,I have a question about office hours.,我需要咨询有关办公时间的问题。,我需要查詢有關辦公時間的問題。,,,,,
junta_de_freguesia,Junta de Freguesia,cartao,useful situation example,390,cartao-junta_de_freguesia-queria-informacoes-sobre-a-declaracao-sob-compromisso-de-honra,,,,Queria informações sobre a declaração sob compromisso de honra.,I would like information about sworn declaration.,我想了解誓词声明（保证声明）。,我想了解誓詞聲明（保證聲明）。,,,,,
junta_de_freguesia,Junta de Freguesia,cartao,useful situation example,391,cartao-junta_de_freguesia-com-quem-devo-falar-sobre-o-comprovativo-de-pagamento,,,,A quem posso pedir esclarecimentos sobre o comprovativo de pagamento?,Who can I ask for clarification about proof of payment?,关于缴费憑证，我可以向谁咨询？,關於繳費憑證，我可以向誰查詢？,,,,,
trabalho_limpezas,Limpezas,vocabulario,,,az-0755,situacao-a-empregada-o-empregado-de-limpeza,noun,f,a empregada / o empregado de limpeza,cleaner,清洁工,清潔工,,,,,
trabalho_limpezas,Limpezas,vocabulario,,,az-0756,situacao-o-produto-de-limpeza,noun,m,o produto de limpeza,cleaning product,清洁剂,清潔劑,,,,,
trabalho_limpezas,Limpezas,vocabulario,,,az-0757,situacao-a-lixivia,noun,f,a lixívia,bleach,漂白水,漂白水,,,,,
trabalho_limpezas,Limpezas,vocabulario,,,az-0758,situacao-a-esfregona-e-o-balde,noun,f,a esfregona e o balde,mop and bucket,拖把和水桶,拖把和水桶,,,,,
trabalho_limpezas,Limpezas,vocabulario,,,az-0373,,,,aspirar,to vacuum,吸塵,吸塵,,,,,
trabalho_limpezas,Limpezas,vocabulario,,,az-0372,,,,limpar o pó,to dust,擦灰塵,擦灰塵,,,,,
trabalho_limpezas,Limpezas,vocabulario,,,az-0759,situacao-esfregar-o-chao,,,esfregar o chão,to mop/scrub the floor,拖地／擦地,拖地／擦地,,,,,
trabalho_limpezas,Limpezas,vocabulario,,,az-0760,situacao-o-lixo-a-reciclagem,noun,m,o lixo / a reciclagem,rubbish / recycling,垃圾／回收,垃圾／回收,,,,,
trabalho_limpezas,Limpezas,vocabulario,,,az-0354,,noun,f-pl,as luvas,gloves,手套,手套,,,,,
trabalho_limpezas,Limpezas,vocabulario,,,az-0761,situacao-a-hora-por-horas,,,à hora / por horas,paid by the hour,按小时计酬,按小時計酬,,,,,
trabalho_limpezas,Limpezas,vocabulario,,,az-0762,situacao-a-patroa-o-patrao,noun,f,a patroa / o patrão,employer (informal),雇主（东家）,僱主（東家）,,,,,
trabalho_limpezas,Limpezas,vocabulario,,,az-0439,situacao-os-recibos-verdes,noun,m-pl,os recibos verdes,freelance receipts,綠色收据（自雇开票）,綠色收據（自僱開票）,,,,,Very common in domestic cleaning
trabalho_limpezas,Limpezas,vocabulario,,,az-1040,situacao-passar-a-ferro,,,passar a ferro,to iron,熨衣服,熨衣服,,,,,Often part of domestic cleaning jobs
trabalho_limpezas,Limpezas,vocabulario,,,az-1041,situacao-a-tabua-e-o-ferro-de-engomar,noun,f,a tábua e o ferro de engomar,ironing board and iron,烫衣板和熨斗,燙衣板和熨斗,,,,,
trabalho_limpezas,Limpezas,vocabulario,,,az-1042,situacao-dobrar-a-roupa,,,dobrar a roupa,to fold the laundry,叠衣服,疊衣服,,,,,
trabalho_limpezas,Limpezas,vocabulario,,,az-1043,situacao-estender-a-roupa,,,estender a roupa,to hang out the laundry,晾衣服,晾衣服,,,,,
trabalho_limpezas,Limpezas,vocabulario,,,az-1044,situacao-a-maquina-de-lavar-de-secar,noun,f,a máquina de lavar / de secar,washing machine / dryer,洗衣机／烘干机,洗衣機／烘乾機,,,,,
trabalho_limpezas,Limpezas,vocabulario,,,az-1045,situacao-o-detergente-o-amaciador,noun,m,o detergente / o amaciador,detergent / fabric softener,洗滌剂／柔顺剂,洗滌劑／柔順劑,,,,,
trabalho_limpezas,Limpezas,vocabulario,,,az-1046,situacao-o-desinfetante,noun,m,o desinfetante,disinfectant,消毒剂,消毒劑,,,,,
trabalho_limpezas,Limpezas,vocabulario,,,az-1047,situacao-o-pano-do-po,noun,m,o pano do pó,dust cloth,抹布,抹布,,,,,
trabalho_limpezas,Limpezas,vocabulario,,,az-1048,situacao-a-esponja,noun,f,a esponja,sponge,海綿,海綿,,,,,
trabalho_limpezas,Limpezas,vocabulario,,,az-1049,situacao-limpar-os-vidros,,,limpar os vidros,to clean the windows,擦玻璃,擦玻璃,,,,,
trabalho_limpezas,Limpezas,vocabulario,,,az-1050,situacao-a-limpeza-a-fundo,noun,f,a limpeza a fundo,deep clean,深度清洁,深度清潔,,,,,Quote it higher than regular cleaning
trabalho_limpezas,Limpezas,vocabulario,,,az-1051,situacao-semanal-quinzenal,,,semanal / quinzenal,weekly / fortnightly,每周一次／每两周一次,每週一次／每兩週一次,,,,,
trabalho_limpezas,Limpezas,vocabulario,,,az-1052,situacao-a-chave-de-casa,noun,f,a chave de casa,house key,家门钥匙,家門鑰匙,,,,,
trabalho_limpezas,Limpezas,vocabulario,,,az-1053,situacao-remarcar,,,remarcar,to reschedule,改期,改期,,,,,
trabalho_limpezas,Limpezas,vocabulario,,,az-1054,situacao-avisar-com-antecedencia,,,avisar com antecedência,to give advance notice,提前通知,提前通知,,,,,
trabalho_limpezas,Limpezas,vocabulario,,,az-1055,situacao-o-feriado,noun,m,o feriado,public holiday,公众假期,公眾假期,,,,,
trabalho_limpezas,Limpezas,vocabulario,,,az-1056,situacao-o-pagamento-por-transferencia,noun,m,o pagamento por transferência,payment by bank transfer,转账付款,轉帳付款,,,,,
trabalho_limpezas,Limpezas,vocabulario,,,az-1057,situacao-aumentar-o-preco,,,aumentar o preço,to raise the price,涨价,漲價,,,,,
trabalho_limpezas,Limpezas,vocabulario,,,az-1058,situacao-o-material-de-limpeza,noun,m,o material de limpeza,cleaning supplies,清洁用品,清潔用品,,,,,
trabalho_limpezas,Limpezas,vocabulario,,,az-1059,situacao-a-referencia-de-clientes,noun,f,a referência (de clientes),reference (from clients),客户推荐信,客戶推薦信,,,,,
trabalho_limpezas,Limpezas,dialogo,,99,dialogo-trabalho-limpezas-bom-dia-procuro-alguem-para-limpezas-duas-vezes-por-se,,,,Bom dia. Procuro alguém para limpezas duas vezes por semana.,Good morning. I'm looking for someone to clean twice a week.,早上好。我想找人一周打扫两次。,早上好。我想找人一週打掃兩次。,,,,,
trabalho_limpezas,Limpezas,dialogo,,100,dialogo-trabalho-limpezas-eu-tenho-disponibilidade-as-tercas-e-sextas-de-manha,,,,Eu tenho disponibilidade às terças e sextas de manhã.,I'm available Tuesday and Friday mornings.,我周二和周五上午有空。,我週二和週五上午有空。,,,,,
trabalho_limpezas,Limpezas,dialogo,,101,dialogo-trabalho-limpezas-quanto-cobra-a-hora,,,,Quanto cobra à hora?,How much do you charge per hour?,您每小时收多少钱？,您每小時收多少錢？,,,,,
trabalho_limpezas,Limpezas,dialogo,,102,dialogo-trabalho-limpezas-doze-euros-a-hora-com-recibo-verde,,,,"Doze euros à hora, com recibo verde.","Twelve euros an hour, with a freelance receipt.",每小时十二欧元，开綠色收据。,每小時十二歐元，開綠色收據。,,,,,
trabalho_limpezas,Limpezas,dialogo,,103,dialogo-trabalho-limpezas-esta-bem-o-material-de-limpeza-fica-ca-em-casa,,,,Está bem. O material de limpeza fica cá em casa.,Alright. The cleaning supplies are kept here at the house.,好的。清洁用品放在家里。,好的。清潔用品放在家裡。,,,,,
trabalho_limpezas,Limpezas,dialogo,,104,dialogo-trabalho-limpezas-prefere-que-aspire-primeiro-e-depois-esfregue-o-chao,,,,Prefere que aspire primeiro e depois esfregue o chão?,Do you prefer I vacuum first and then mop?,您希望我先吸塵再拖地吗？,您希望我先吸塵再拖地嗎？,,,,,
trabalho_limpezas,Limpezas,dialogo,,105,dialogo-trabalho-limpezas-sim-e-atencao-nao-use-lixivia-no-chao-de-madeira,,,,"Sim, e atenção: não use lixívia no chão de madeira.","Yes, and careful: don't use bleach on the wooden floor.",对，注意：木地板不要用漂白水。,對，注意：木地板不要用漂白水。,,,,,
trabalho_limpezas,Limpezas,dialogo,,272,dialogo-trabalho-limpezas-bom-dia-dona-teresa-na-sexta-nao-posso-ir-tenho-consul,,,,"Bom dia, Dona Teresa. Na sexta não posso ir — tenho consulta médica.","Good morning, Dona Teresa. I can't come on Friday — I have a medical appointment.",早上好，Teresa太太。周五我來不了——我有医生预约。,早上好，Teresa太太。週五我來不了——我有醫生預約。,,,,,
trabalho_limpezas,Limpezas,dialogo,,273,dialogo-trabalho-limpezas-obrigada-por-avisar-com-antecedencia-pode-vir-no-sabad,,,,Obrigada por avisar com antecedência. Pode vir no sábado?,Thanks for the advance notice. Can you come on Saturday?,谢谢提前通知。周六可以來吗？,謝謝提前通知。週六可以來嗎？,,,,,
trabalho_limpezas,Limpezas,dialogo,,274,dialogo-trabalho-limpezas-posso-de-manha-as-nove-esta-bem,,,,"Posso, de manhã. Às nove está bem?","I can, in the morning. Is nine okay?",可以，上午。九点行吗？,可以，上午。九點行嗎？,,,,,
trabalho_limpezas,Limpezas,dialogo,,275,dialogo-trabalho-limpezas-perfeito-deixo-a-chave-no-sitio-do-costume,,,,Perfeito. Deixo a chave no sítio do costume.,Perfect. I'll leave the key in the usual place.,好。钥匙放在老地方。,好。鑰匙放在老地方。,,,,,
trabalho_limpezas,Limpezas,dialogo,,276,dialogo-trabalho-limpezas-combinado-ate-sabado,,,,Combinado. Até sábado!,Agreed. See you Saturday!,说定了。周六见！,說定了。週六見！,,,,,
trabalho_limpezas,Limpezas,dialogo,,277,dialogo-trabalho-limpezas-a-senhora-tambem-passa-a-ferro,,,,A senhora também passa a ferro?,Do you also iron?,您也熨衣服吗？,您也熨衣服嗎？,,,,,
trabalho_limpezas,Limpezas,dialogo,,278,dialogo-trabalho-limpezas-passo-mas-e-mais-uma-hora-de-trabalho,,,,"Passo, mas é mais uma hora de trabalho.","I do, but it's one more hour of work.",熨的，但要多算一小时工钱。,熨的，但要多算一小時工錢。,,,,,
trabalho_limpezas,Limpezas,dialogo,,279,dialogo-trabalho-limpezas-e-uma-limpeza-a-fundo-a-cozinha-quanto-custaria,,,,"E uma limpeza a fundo à cozinha, quanto custaria?","And a deep clean of the kitchen, how much would that cost?",厨房深度清洁要多少钱？,廚房深度清潔要多少錢？,,,,,
trabalho_limpezas,Limpezas,dialogo,,280,dialogo-trabalho-limpezas-a-limpeza-a-fundo-e-ao-preco-de-duas-horas-extra,,,,A limpeza a fundo é ao preço de duas horas extra.,A deep clean is priced at two extra hours.,深度清洁按加两小时计费。,深度清潔按加兩小時計費。,,,,,
trabalho_limpezas,Limpezas,dialogo,,281,dialogo-trabalho-limpezas-esta-bem-e-nos-feriados-trabalha,,,,"Está bem. E nos feriados, trabalha?",Alright. And do you work on public holidays?,好的。公众假期您上班吗？,好的。公眾假期您上班嗎？,,,,,
trabalho_limpezas,Limpezas,dialogo,,282,dialogo-trabalho-limpezas-so-com-combinacao-previa-e-o-valor-e-a-dobrar,,,,"Só com combinação prévia, e o valor é a dobrar.","Only by prior arrangement, and the rate is double.",需要提前约定，而且工钱双倍。,需要提前約定，而且工錢雙倍。,,,,,
trabalho_limpezas,Limpezas,dialogo,expanded real-world coverage,714,dialogo-trabalho_limpezas-na-proxima-semana-mantenho-o-mesmo-horario,,,,Na próxima semana mantenho o mesmo horário?,Do I keep the same schedule next week?,下周还是同样的时间吗？,下星期還是同樣的時間嗎？,,,,,
trabalho_limpezas,Limpezas,dialogo,expanded real-world coverage,715,dialogo-trabalho_limpezas-sim-terca-e-sexta-as-nove-se-houver-mudanca-aviso-com-antecedencia,,,,"Sim, terça e sexta às nove. Se houver mudança, aviso com antecedência.","Yes, Tuesday and Friday at nine. If anything changes, I will let you know in advance.",是的，星期二和星期五九点。如有变化，我会提前通知。,是的，星期二和星期五九點。如有改動，我會提前通知。,,,,,
trabalho_limpezas,Limpezas,cartao,,75,cartao-trabalho-limpezas-cobro-x-euros-a-hora,,,,Cobro X euros à hora.,I charge X euros per hour.,我每小时收X欧元。,我每小時收X歐元。,,,,,
trabalho_limpezas,Limpezas,cartao,,76,cartao-trabalho-limpezas-passo-recibo-verde,,,,Passo recibo verde.,I issue a freelance receipt.,我开綠色收据。,我開綠色收據。,,,,,
trabalho_limpezas,Limpezas,cartao,,77,cartao-trabalho-limpezas-tenho-disponibilidade-as-dias-de-manha-tarde,,,,Tenho disponibilidade às [dias] de [manhã/tarde].,I'm available on [days] in the [morning/afternoon].,我[星期几][上午/下午]有空。,我[星期幾][上午/下午]有空。,,,,,
trabalho_limpezas,Limpezas,cartao,,78,cartao-trabalho-limpezas-o-material-fica-em-casa-ou-trago-eu,,,,O material fica em casa ou trago eu?,Are supplies kept at the house or do I bring them?,清洁用品放在家里还是我自带？,清潔用品放在家裡還是我自帶？,,,,,
trabalho_limpezas,Limpezas,cartao,,79,cartao-trabalho-limpezas-terminei-esta-tudo-limpo,,,,Terminei — está tudo limpo.,I'm done — everything is clean.,做完了——都打扫干净了。,做完了——都打掃乾淨了。,,,,,
trabalho_limpezas,Limpezas,cartao,,156,cartao-trabalho-limpezas-tambem-passo-a-ferro-e-mais-uma-hora,,,,Também passo a ferro — é mais uma hora.,I also iron — it's one more hour.,我也熨衣服——多算一小时。,我也熨衣服——多算一小時。,,,,,
trabalho_limpezas,Limpezas,cartao,,157,cartao-trabalho-limpezas-a-limpeza-a-fundo-custa-mais,,,,A limpeza a fundo custa mais.,A deep clean costs more.,深度清洁要加钱。,深度清潔要加錢。,,,,,
trabalho_limpezas,Limpezas,cartao,,158,cartao-trabalho-limpezas-nao-posso-ir-na-dia-podemos-remarcar,,,,Não posso ir na [dia] — podemos remarcar?,I can't come on [day] — can we reschedule?,[星期几]我來不了——可以改期吗？,[星期幾]我來不了——可以改期嗎？,,,,,
trabalho_limpezas,Limpezas,cartao,,159,cartao-trabalho-limpezas-nos-feriados-o-valor-e-a-dobrar,,,,Nos feriados o valor é a dobrar.,On public holidays the rate is double.,公众假期工钱双倍。,公眾假期工錢雙倍。,,,,,
trabalho_limpezas,Limpezas,cartao,,160,cartao-trabalho-limpezas-posso-dar-referencias-de-outros-clientes,,,,Posso dar referências de outros clientes.,I can provide references from other clients.,我可以提供其他客户的推荐。,我可以提供其他客戶的推薦。,,,,,
trabalho_limpezas,Limpezas,cartao,useful situation example,693,cartao-trabalho_limpezas-onde-posso-encontrar-a-tabua-e-o-ferro-de-engomar,,,,Onde posso encontrar a tábua e o ferro de engomar?,Where can I find ironing board and iron?,烫衣板和熨斗在哪里？,燙衣板和熨斗在哪裡？,,,,,
trabalho_limpezas,Limpezas,cartao,useful situation example,694,cartao-trabalho_limpezas-onde-posso-encontrar-a-esfregona-e-o-balde,,,,Onde posso encontrar a esfregona e o balde?,Where can I find mop and bucket?,拖把和水桶在哪里？,拖把和水桶在哪裡？,,,,,
trabalho_limpezas,Limpezas,cartao,useful situation example,695,cartao-trabalho_limpezas-onde-posso-encontrar-o-material-de-limpeza,,,,Onde posso encontrar o material de limpeza?,Where can I find cleaning supplies?,清洁用品在哪里？,清潔用品在哪裡？,,,,,
trabalho_limpezas,Limpezas,cartao,useful situation example,696,cartao-trabalho_limpezas-onde-posso-encontrar-o-produto-de-limpeza,,,,Onde posso encontrar o produto de limpeza?,Where can I find cleaning product?,清洁剂在哪里？,清潔劑在哪裡？,,,,,
trabalho_limpezas,Limpezas,cartao,useful situation example,697,cartao-trabalho_limpezas-onde-posso-encontrar-a-chave-de-casa,,,,Onde posso encontrar a chave de casa?,Where can I find house key?,家门钥匙在哪里？,家門鑰匙在哪裡？,,,,,
trabalho_limpezas,Limpezas,cartao,useful situation example,698,cartao-trabalho_limpezas-onde-posso-encontrar-o-pano-do-po,,,,Onde posso encontrar o pano do pó?,Where can I find dust cloth?,抹布在哪里？,抹布在哪裡？,,,,,
trabalho_limpezas,Limpezas,cartao,useful situation example,699,cartao-trabalho_limpezas-com-quem-devo-falar-sobre-o-pagamento-por-transferencia,,,,Com quem devo falar sobre o pagamento por transferência?,Who should I speak to about payment by bank transfer?,关于转账付款，我应该和谁联系？,關於轉帳付款，我應該聯絡誰？,,,,,
trabalho_limpezas,Limpezas,cartao,useful situation example,700,cartao-trabalho_limpezas-onde-posso-encontrar-a-lixivia,,,,Onde posso encontrar a lixívia?,Where can I find bleach?,漂白水在哪里？,漂白水在哪裡？,,,,,
trabalho_limpezas,Limpezas,cartao,useful situation example,701,cartao-trabalho_limpezas-preciso-de-esclarecer-uma-duvida-sobre-a-limpeza-a-fundo,,,,Preciso de esclarecer uma dúvida sobre a limpeza a fundo.,I have a question about deep clean.,我需要咨询有关深度清洁的问题。,我需要查詢有關深度清潔的問題。,,,,,
trabalho_limpezas,Limpezas,cartao,useful situation example,702,cartao-trabalho_limpezas-como-posso-estender-a-roupa,,,,Como posso estender a roupa?,How can I hang out the laundry?,我该怎样晾衣服？,我該怎樣晾衣服？,,,,,
policia_documentos,Polícia e Documentos Perdidos,vocabulario,,,az-0324,m6-assalto,noun,m,o assalto,robbery,抢劫,搶劫,O 112 atende situações de assalto.,112 handles robbery situations.,112 处理抢劫情况。,112 處理搶劫情況。,
policia_documentos,Polícia e Documentos Perdidos,vocabulario,,,az-0323,m6-incendio,noun,m,o incêndio,fire,火灾,火災,O 112 atende situações de incêndio.,112 handles fire situations.,112 处理火灾情况。,112 處理火災情況。,
policia_documentos,Polícia e Documentos Perdidos,vocabulario,,,az-0320,m6-numero-europeu-de-emergencia,noun,m,o Número Europeu de Emergência,European emergency number,欧洲紧急电话号码,歐洲緊急電話號碼,O 112 é o Número Europeu de Emergência.,112 is the European Emergency Number.,112 是欧洲紧急电话号码。,112 是歐洲緊急電話號碼。,
policia_documentos,Polícia e Documentos Perdidos,vocabulario,,,az-0653,situacao-o-112,noun,m,o 112,112 (emergency number),112（紧急救援电话）,112（緊急救援電話）,,,,,
policia_documentos,Polícia e Documentos Perdidos,vocabulario,,,az-0552,m11-assaltar,,,assaltar,to rob,抢劫,搶劫,O banco foi assaltado ontem de manhã.,The bank was robbed yesterday morning.,银行昨天早上被抢劫了。,銀行昨天早上被搶劫了。,
policia_documentos,Polícia e Documentos Perdidos,vocabulario,,,az-0534,m11-queixa,noun,f,a queixa,complaint,抱怨/投诉,抱怨/投訴,A DECO tem recebido queixas de consumidores.,DECO has received complaints from consumers.,DECO 一直收到消费者的投诉。,DECO 一直收到消費者的投訴。,
policia_documentos,Polícia e Documentos Perdidos,vocabulario,,,az-0239,m5-passaporte,noun,m,o passaporte,passport,护照,護照,Deve levar o passaporte.,You should take the passport.,您应该带上护照。,您應該帶上護照。,
policia_documentos,Polícia e Documentos Perdidos,vocabulario,,,az-0240,m5-registo-criminal,noun,m,o registo criminal,criminal record,犯罪记录,犯罪記錄,Preciso de autorização para consulta do registo criminal.,I need authorisation to consult the criminal record.,我需要授权查询犯罪记录。,我需要授權查詢犯罪紀錄。,
policia_documentos,Polícia e Documentos Perdidos,vocabulario,,,az-0506,m11-mensagem,noun,f,a mensagem,message,信息,訊息,Mandei uma mensagem.,I sent a message.,我发了一条消息。,我發了一則訊息。,
policia_documentos,Polícia e Documentos Perdidos,vocabulario,,,az-0542,m11-destinatario,noun,m,o destinatário,recipient,接受者,接受者,Não conhecemos o destinatário.,We do not know the recipient.,我们不认识收件人。,我們不認識收件人。,
policia_documentos,Polícia e Documentos Perdidos,vocabulario,,,az-0553,m11-alguem,,,alguém,someone,某人,某人,Alguém sabe onde fica o ACM?,Does anyone know where the ACM is?,有人知道 ACM 在哪里吗？,有人知道 ACM 在哪裡嗎？,
policia_documentos,Polícia e Documentos Perdidos,vocabulario,,,az-0554,m11-ninguem,,,ninguém,no one,没有人,沒有人,Ninguém deve estar ilegal.,No one should be in an illegal situation.,任何人都不应该处于非法状态。,任何人都不應該處於非法狀態。,
policia_documentos,Polícia e Documentos Perdidos,vocabulario,,,az-0579,m12-preencher,,,preencher,to fill in,填写,填寫,Basta preencher o requerimento.,It is enough to fill in the application form.,只需填写申请表。,只需填寫申請表。,
policia_documentos,Polícia e Documentos Perdidos,vocabulario,,,az-0704,situacao-o-comprovativo,noun,m,o comprovativo,proof / receipt (of application),申请憑证,申請憑證,,,,,
policia_documentos,Polícia e Documentos Perdidos,vocabulario,,,az-0800,situacao-bloquear-o-cartao,,,bloquear o cartão,to block the card,挂失／冻结银行卡,掛失／凍結銀行卡,,,,,
policia_documentos,Polícia e Documentos Perdidos,vocabulario,,,az-1306,situacao-a-esquadra,noun,f,a esquadra,police station,警察局,警署,A esquadra mais próxima fica nesta rua.,The nearest police station is on this street.,最近的警察局在这条街上。,最近的警署在這條街上。,
policia_documentos,Polícia e Documentos Perdidos,vocabulario,,,az-1307,situacao-a-policia,noun,f,a polícia,police,警察,警察,A polícia chegou poucos minutos depois.,The police arrived a few minutes later.,警察几分钟后到达。,警察幾分鐘後到達。,
policia_documentos,Polícia e Documentos Perdidos,vocabulario,,,az-1308,situacao-apresentar-uma-denuncia,,,apresentar uma denúncia,to file a police report,报案,報案,Quero apresentar uma denúncia por furto.,I want to file a report for theft.,我要报案，物品被盗。,我要報案，物品被盜。,
policia_documentos,Polícia e Documentos Perdidos,vocabulario,,,az-1309,situacao-a-ocorrencia,noun,f,a ocorrência,incident,事件记录,事件紀錄,O agente registou a ocorrência.,The officer recorded the incident.,警员记录了这起事件。,警員記錄了這宗事件。,
policia_documentos,Polícia e Documentos Perdidos,vocabulario,,,az-1310,situacao-o-furto,noun,m,o furto,theft,盗窃,盜竊,O furto aconteceu dentro do autocarro.,The theft happened on the bus.,盗窃发生在公交车上。,盜竊發生在巴士上。,
policia_documentos,Polícia e Documentos Perdidos,vocabulario,,,az-1311,situacao-a-carteira,noun,f,a carteira,wallet,钱包,銀包,Perdi a carteira com os documentos.,I lost my wallet with my documents.,我丢了装有证件的钱包。,我遺失了裝有證件的銀包。,
policia_documentos,Polícia e Documentos Perdidos,vocabulario,,,az-1312,situacao-o-documento-de-identificacao,noun,m,o documento de identificação,identity document,身份证件,身份證明文件,Levaram o meu documento de identificação.,My identity document was taken.,我的身份证件被拿走了。,我的身份證明文件被取走了。,
policia_documentos,Polícia e Documentos Perdidos,vocabulario,,,az-1313,situacao-os-perdidos-e-achados,noun,m-pl,os perdidos e achados,lost and found,失物招领处,失物認領處,Pergunte primeiro nos perdidos e achados.,Ask at lost and found first.,请先到失物招领处询问。,請先到失物認領處查詢。,
policia_documentos,Polícia e Documentos Perdidos,vocabulario,,,az-1314,situacao-a-descricao,noun,f,a descrição,description,描述,描述,Pode dar uma descrição da mochila?,Can you describe the backpack?,您可以描述一下背包吗？,您可以描述一下背包嗎？,
policia_documentos,Polícia e Documentos Perdidos,vocabulario,,,az-1315,situacao-a-testemunha,noun,f,a testemunha,witness,目击者,目擊證人,Uma testemunha viu o que aconteceu.,A witness saw what happened.,一名目击者看到了事情经过。,一名目擊證人看到了事情經過。,
policia_documentos,Polícia e Documentos Perdidos,vocabulario,,,az-1316,situacao-o-suspeito,noun,m,o suspeito,suspect,嫌疑人,疑犯,Não consegui ver a cara do suspeito.,I could not see the suspect's face.,我没看清嫌疑人的脸。,我沒有看清疑犯的臉。,
policia_documentos,Polícia e Documentos Perdidos,vocabulario,,,az-1317,situacao-o-auto-da-ocorrencia,noun,m,o auto da ocorrência,incident report,事件报告,事件報告,Preciso de uma cópia do auto da ocorrência.,I need a copy of the incident report.,我需要一份事件报告副本。,我需要一份事件報告副本。,
policia_documentos,Polícia e Documentos Perdidos,vocabulario,,,az-1318,situacao-o-numero-da-ocorrencia,noun,m,o número da ocorrência,incident reference number,事件编号,事件編號,Guarde o número da ocorrência.,Keep the incident reference number.,请保留事件编号。,請保留事件編號。,
policia_documentos,Polícia e Documentos Perdidos,vocabulario,,,az-1319,situacao-bloquear-os-cartoes,,,bloquear os cartões,to block the cards,冻结银行卡,停用銀行卡,Liguei ao banco para bloquear os cartões.,I called the bank to block the cards.,我给银行打电话冻结银行卡。,我致電銀行停用銀行卡。,
policia_documentos,Polícia e Documentos Perdidos,vocabulario,,,az-1320,situacao-foi-roubado-a,,,foi roubado/a,was stolen,被盗了,被盜了,O meu telemóvel foi roubado.,My phone was stolen.,我的手机被盗了。,我的手機被盜了。,
policia_documentos,Polícia e Documentos Perdidos,dialogo,,459,dialogo-policia_documentos-boa-noite-quero-apresentar-uma-denuncia,,,,Boa noite. Quero apresentar uma denúncia.,Good evening. I want to file a police report.,晚上好。我要报案。,晚上好。我要報案。,,,,,
policia_documentos,Polícia e Documentos Perdidos,dialogo,,460,dialogo-policia_documentos-o-que-aconteceu,,,,O que aconteceu?,What happened?,发生了什么？,發生了甚麼事？,,,,,
policia_documentos,Polícia e Documentos Perdidos,dialogo,,461,dialogo-policia_documentos-roubaram-me-a-carteira-no-metro,,,,Roubaram-me a carteira no metro.,My wallet was stolen on the metro.,我的钱包在地铁里被偷了。,我的銀包在地鐵裡被偷了。,,,,,
policia_documentos,Polícia e Documentos Perdidos,dialogo,,462,dialogo-policia_documentos-a-que-horas-e-em-que-estacao,,,,A que horas e em que estação?,At what time and at which station?,几点？在哪个车站？,幾點？在哪個車站？,,,,,
policia_documentos,Polícia e Documentos Perdidos,dialogo,,463,dialogo-policia_documentos-por-volta-das-seis-entre-o-saldanha-e-o-marques,,,,"Por volta das seis, entre Saldanha e o Marquês de Pombal.","At around six, between Saldanha and Marquês de Pombal.",大约六点，在Saldanha和Marquês de Pombal之间。,大約六點，在Saldanha和Marquês de Pombal之間。,,,,,
policia_documentos,Polícia e Documentos Perdidos,dialogo,,464,dialogo-policia_documentos-que-documentos-estavam-na-carteira,,,,Que documentos estavam na carteira?,Which documents were in the wallet?,钱包里有哪些证件？,銀包裡有哪些證件？,,,,,
policia_documentos,Polícia e Documentos Perdidos,dialogo,,465,dialogo-policia_documentos-o-cartao-de-residencia-o-cartao-do-banco-e-a-carta-de-conducao,,,,"O cartão de residência, o cartão do banco e a carta de condução.","My residence card, bank card, and driving licence.",居留卡、银行卡和驾驶证。,居留卡、銀行卡和駕駛執照。,,,,,
policia_documentos,Polícia e Documentos Perdidos,dialogo,,466,dialogo-policia_documentos-vou-registar-a-ocorrencia-e-dar-lhe-uma-copia-do-auto,,,,Vou registar a ocorrência e dar-lhe uma cópia do auto.,I'll record the incident and give you a copy of the report.,我会登记事件并给您一份报告副本。,我會登記事件並給您一份報告副本。,,,,,
policia_documentos,Polícia e Documentos Perdidos,dialogo,expanded real-world coverage,699,dialogo-policia_documentos-tambem-perdi-o-passaporte-preciso-de-viajar-amanha,,,,Também perdi o passaporte. Preciso de viajar amanhã.,I also lost my passport. I need to travel tomorrow.,我的护照也丢了，明天需要出行。,我的護照也遺失了，明天需要出行。,,,,,
policia_documentos,Polícia e Documentos Perdidos,dialogo,expanded real-world coverage,700,dialogo-policia_documentos-depois-da-denuncia-contacte-imediatamente-o-seu-consulado,,,,"Depois da denúncia, contacte imediatamente o seu consulado.","After filing the report, contact your consulate immediately.",报案后，请立即联系您的领事馆。,報案後，請立即聯絡您的領事館。,,,,,
policia_documentos,Polícia e Documentos Perdidos,dialogo,expanded real-world coverage,701,dialogo-policia_documentos-posso-receber-uma-copia-em-ingles,,,,Posso receber uma cópia em inglês?,Can I receive a copy in English?,我可以拿到英文副本吗？,我可以取得英文副本嗎？,,,,,
policia_documentos,Polícia e Documentos Perdidos,dialogo,expanded real-world coverage,702,dialogo-policia_documentos-a-participacao-e-emitida-em-portugues-peca-ao-consulado-orientacao-sobre-traducao,,,,A participação é emitida em português; peça ao consulado orientação sobre tradução.,The report is issued in Portuguese; ask the consulate for guidance on translation.,报案证明以葡萄牙语签发；翻译事宜请咨询领事馆。,報案證明以葡萄牙語簽發；翻譯事宜請向領事館查詢。,,,,,
policia_documentos,Polícia e Documentos Perdidos,dialogo,expanded real-world coverage,703,dialogo-policia_documentos-encontraram-uma-mochila-parecida-nos-perdidos-e-achados,,,,Encontraram uma mochila parecida nos perdidos e achados.,A similar backpack was found at lost and found.,失物招领处找到一个相似的背包。,失物認領處找到一個相似的背囊。,,,,,
policia_documentos,Polícia e Documentos Perdidos,dialogo,expanded real-world coverage,704,dialogo-policia_documentos-descreva-a-cor-a-marca-e-o-que-estava-la-dentro,,,,"Descreva a cor, a marca e o que estava lá dentro.","Describe the colour, brand, and what was inside.",请描述颜色、品牌和里面的物品。,請描述顏色、品牌和裡面的物品。,,,,,
policia_documentos,Polícia e Documentos Perdidos,dialogo,expanded real-world coverage,705,dialogo-policia_documentos-era-azul-escura-e-tinha-os-livros-da-minha-filha,,,,Era azul-escura e tinha os livros da minha filha.,It was dark blue and contained my daughter's books.,是深蓝色的，里面有我女儿的书。,是深藍色的，裡面有我女兒的書。,,,,,
policia_documentos,Polícia e Documentos Perdidos,dialogo,expanded real-world coverage,706,dialogo-policia_documentos-vamos-comparar-a-descricao-antes-de-lhe-mostrar-a-mochila,,,,Vamos comparar a descrição antes de lhe mostrar a mochila.,We will compare the description before showing you the backpack.,我们会先核对描述，再给您看背包。,我們會先核對描述，再給您看背囊。,,,,,
policia_documentos,Polícia e Documentos Perdidos,dialogo,expanded real-world coverage,707,dialogo-policia_documentos-partiram-o-vidro-do-carro-e-levaram-o-computador,,,,Partiram o vidro do carro e levaram o computador.,They broke the car window and took the computer.,有人砸了车窗并偷走电脑。,有人打破車窗並偷走電腦。,,,,,
policia_documentos,Polícia e Documentos Perdidos,dialogo,expanded real-world coverage,708,dialogo-policia_documentos-nao-mexa-no-veiculo-ate-os-agentes-registarem-os-danos,,,,Não mexa no veículo até os agentes registarem os danos.,Do not touch the vehicle until the officers record the damage.,警员记录损坏情况前，请不要动车。,警員記錄損毀情況前，請不要移動車輛。,,,,,
policia_documentos,Polícia e Documentos Perdidos,dialogo,expanded real-world coverage,709,dialogo-policia_documentos-preciso-do-auto-para-entregar-a-seguradora,,,,Preciso do auto para entregar à seguradora.,I need the report for the insurance company.,我需要报案记录交给保险公司。,我需要報案紀錄交給保險公司。,,,,,
policia_documentos,Polícia e Documentos Perdidos,dialogo,expanded real-world coverage,710,dialogo-policia_documentos-indicamos-o-numero-da-ocorrencia-e-como-pedir-uma-certidao,,,,Indicamos o número da ocorrência e como pedir uma certidão.,We will give you the incident number and explain how to request a certificate.,我们会提供事件编号，并说明如何申请证明。,我們會提供事件編號，並說明如何申請證明書。,,,,,
policia_documentos,Polícia e Documentos Perdidos,cartao,,302,cartao-policia_documentos-perdi-a-carteira,,,,Perdi a carteira.,I lost my wallet.,我丢了钱包。,我遺失了銀包。,,,,,
policia_documentos,Polícia e Documentos Perdidos,cartao,,303,cartao-policia_documentos-o-meu-telemovel-foi-roubado,,,,O meu telemóvel foi roubado.,My phone was stolen.,我的手机被盗了。,我的手機被盜了。,,,,,
policia_documentos,Polícia e Documentos Perdidos,cartao,,304,cartao-policia_documentos-quero-apresentar-uma-denuncia,,,,Quero apresentar uma denúncia.,I want to file a police report.,我要报案。,我要報案。,,,,,
policia_documentos,Polícia e Documentos Perdidos,cartao,,305,cartao-policia_documentos-preciso-de-uma-copia-do-auto,,,,Preciso de uma cópia do auto.,I need a copy of the report.,我需要报告副本。,我需要報告副本。,,,,,
policia_documentos,Polícia e Documentos Perdidos,cartao,,306,cartao-policia_documentos-qual-e-o-numero-da-ocorrencia,,,,Qual é o número da ocorrência?,What is the incident reference number?,事件编号是多少？,事件編號是多少？,,,,,
policia_documentos,Polícia e Documentos Perdidos,cartao,useful situation example,651,cartao-policia_documentos-pode-dar-uma-descricao-da-mochila,,,,Pode dar uma descrição da mochila?,Can you describe the backpack?,您可以描述一下背包吗？,您可以描述一下背包嗎？,,,,,
policia_documentos,Polícia e Documentos Perdidos,cartao,useful situation example,652,cartao-policia_documentos-preciso-de-autorizacao-para-consulta-do-registo-criminal,,,,Preciso de substituir os documentos roubados.,I need to replace the stolen documents.,我需要补办被盗的证件。,我需要補領被盜的證件。,,,,,
policia_documentos,Polícia e Documentos Perdidos,cartao,useful situation example,653,cartao-policia_documentos-com-quem-devo-falar-sobre-o-comprovativo,,,,Este é o comprovativo da compra.,This is the proof of purchase.,这是购买凭证。,這是購買證明。,,,,,
policia_documentos,Polícia e Documentos Perdidos,cartao,useful situation example,654,cartao-policia_documentos-preciso-de-uma-copia-do-auto-da-ocorrencia,,,,Pode dar-me uma cópia do auto da ocorrência?,Could you give me a copy of the incident report?,您能给我一份事件报告副本吗？,您能給我一份事件報告副本嗎？,,,,,
policia_documentos,Polícia e Documentos Perdidos,cartao,useful situation example,655,cartao-policia_documentos-quero-apresentar-uma-denuncia-por-furto,,,,Quero apresentar uma denúncia por furto.,I want to file a report for theft.,我要报案，物品被盗。,我要報案，物品被盜。,,,,,
policia_documentos,Polícia e Documentos Perdidos,cartao,useful situation example,656,cartao-policia_documentos-com-quem-devo-falar-sobre-o-112,,,,É uma emergência. Vou ligar para o 112.,It is an emergency. I am going to call 112.,这是紧急情况，我要拨打 112。,這是緊急情況，我要致電 112。,,,,,
policia_documentos,Polícia e Documentos Perdidos,cartao,useful situation example,657,cartao-policia_documentos-queria-bloquear-o-cartao-por-favor,,,,"Queria bloquear o cartão, por favor.","I would like to block the card, please.",我想挂失／冻结银行卡。,我想掛失／凍結銀行卡。,,,,,
policia_documentos,Polícia e Documentos Perdidos,cartao,useful situation example,658,cartao-policia_documentos-nao-consegui-ver-a-cara-do-suspeito,,,,Não consegui ver a cara do suspeito.,I could not see the suspect's face.,我没看清嫌疑人的脸。,我沒有看清疑犯的臉。,,,,,
policia_documentos,Polícia e Documentos Perdidos,cartao,useful situation example,659,cartao-policia_documentos-alguem-sabe-onde-fica-o-acm,,,,Onde ficam os perdidos e achados?,Where is lost and found?,失物招领处在哪里？,失物認領處在哪裡？,,,,,
policia_documentos,Polícia e Documentos Perdidos,cartao,useful situation example,660,cartao-policia_documentos-nao-conhecemos-o-destinatario,,,,Não conheço o suspeito.,I do not know the suspect.,我不认识嫌疑人。,我不認識疑犯。,,,,,
policia_documentos,Polícia e Documentos Perdidos,cartao,useful situation example,661,cartao-policia_documentos-a-deco-tem-recebido-queixas-de-consumidores,,,,Quero denunciar uma burla.,I want to report a scam.,我要举报诈骗。,我要舉報騙案。,,,,,
policia_documentos,Polícia e Documentos Perdidos,cartao,useful situation example,662,cartao-policia_documentos-levaram-o-meu-documento-de-identificacao,,,,Levaram o meu documento de identificação.,My identity document was taken.,我的身份证件被拿走了。,我的身份證明文件被取走了。,,,,,
policia_documentos,Polícia e Documentos Perdidos,cartao,useful situation example,663,cartao-policia_documentos-pergunte-primeiro-nos-perdidos-e-achados,,,,Pergunte primeiro nos perdidos e achados.,Ask at lost and found first.,请先到失物招领处询问。,請先到失物認領處查詢。,,,,,
policia_documentos,Polícia e Documentos Perdidos,cartao,useful situation example,664,cartao-policia_documentos-liguei-ao-banco-para-bloquear-os-cartoes,,,,Liguei ao banco para bloquear os cartões.,I called the bank to block the cards.,我给银行打电话冻结银行卡。,我致電銀行停用銀行卡。,,,,,
policia_documentos,Polícia e Documentos Perdidos,cartao,useful situation example,665,cartao-policia_documentos-o-112-e-o-numero-europeu-de-emergencia,,,,O 112 é o Número Europeu de Emergência.,112 is the European Emergency Number.,112 是欧洲紧急电话号码。,112 是歐洲緊急電話號碼。,,,,,
reconhecimento_diplomas,Reconhecimento de Diplomas,vocabulario,,,az-0517,m11-diploma,noun,m,o diploma,diploma,文凭,文憑,Recebi o meu diploma de Informática.,I received my diploma in Computer Science.,我收到了我的信息学文凭。,我收到了我的資訊學文憑。,
reconhecimento_diplomas,Reconhecimento de Diplomas,vocabulario,,,az-0518,m11-competencia,noun,f,a competência,skill; competence,能力/技能,能力/技能,Desenvolvi competências na minha formação.,I developed skills during my training.,我在培训中培养了技能。,我在培訓中培養了技能。,
reconhecimento_diplomas,Reconhecimento de Diplomas,vocabulario,,,az-0536,m11-candidatura,noun,f,a candidatura,application,申请,申請/求職申請,Saiu o resultado das candidaturas.,The application results have been released.,申请结果出来了。,申請結果出來了。,
reconhecimento_diplomas,Reconhecimento de Diplomas,vocabulario,,,az-0537,m11-tradutor,,,tradutor(a),translator,翻译者,翻譯者,Há uma vaga de tradutor.,There is a translator vacancy.,有一个译员职位空缺。,有一個譯員職位空缺。,
reconhecimento_diplomas,Reconhecimento de Diplomas,vocabulario,,,az-0577,m12-requerimento,noun,m,o requerimento,application form,申请表,申請表,Deve juntar documentos ao requerimento.,You must attach documents to the application form.,应把文件附在申请表上。,應把文件附在申請表上。,
reconhecimento_diplomas,Reconhecimento de Diplomas,vocabulario,,,az-0578,m12-certificado,noun,m,o certificado,certificate,证书,證書,Tem de apresentar um Certificado de Língua Portuguesa.,You have to present a Portuguese Language Certificate.,必须提交一份葡萄牙语证书。,必須提交一份葡萄牙語證書。,
reconhecimento_diplomas,Reconhecimento de Diplomas,vocabulario,,,az-0579,m12-preencher,,,preencher,to fill in,填写,填寫,Basta preencher o requerimento.,It is enough to fill in the application form.,只需填写申请表。,只需填寫申請表。,
reconhecimento_diplomas,Reconhecimento de Diplomas,vocabulario,,,az-0644,situacao-a-certidao,noun,f,a certidão,certificate / official copy,证明书／正式副本,證明書／正式副本,,,,,
reconhecimento_diplomas,Reconhecimento de Diplomas,vocabulario,,,az-0646,situacao-pagar-uma-taxa,,,pagar uma taxa,to pay a fee,缴納费用,繳納費用,,,,,
reconhecimento_diplomas,Reconhecimento de Diplomas,vocabulario,,,az-0694,situacao-o-certificado-de-habilitacoes,noun,m,o certificado de habilitações,qualifications certificate,学历证明,學歷證明,,,,,
reconhecimento_diplomas,Reconhecimento de Diplomas,vocabulario,,,az-0824,situacao-a-chave-movel-digital-cmd,noun,f,a Chave Móvel Digital (CMD),Digital Mobile Key (gov. login),数字移动密钥（政府通用登录）,數字移動密鑰（政府通用登錄）,,,,,"One login for Finanças, SS, SNS portals"
reconhecimento_diplomas,Reconhecimento de Diplomas,vocabulario,,,az-0825,situacao-o-certificado-digital,noun,m,o certificado digital,digital certificate,数字证书,數字證書,,,,,
reconhecimento_diplomas,Reconhecimento de Diplomas,vocabulario,,,az-0851,situacao-a-fotocopia-autenticada,noun,f,a fotocópia autenticada,certified photocopy,认证副本,認證副本,,,,,
reconhecimento_diplomas,Reconhecimento de Diplomas,vocabulario,,,az-0852,situacao-o-reconhecimento-de-assinatura,noun,m,o reconhecimento de assinatura,signature certification,签名认证,簽名認證,,,,,
reconhecimento_diplomas,Reconhecimento de Diplomas,vocabulario,,,az-0862,situacao-o-formulario,noun,m,o formulário,form,表格,表格,,,,,
reconhecimento_diplomas,Reconhecimento de Diplomas,vocabulario,,,az-0863,situacao-assinar,,,assinar,to sign,签名,簽名,,,,,
reconhecimento_diplomas,Reconhecimento de Diplomas,vocabulario,,,az-0864,situacao-o-comprovativo-de-pagamento,noun,m,o comprovativo de pagamento,proof of payment,缴费憑证,繳費憑證,,,,,
reconhecimento_diplomas,Reconhecimento de Diplomas,vocabulario,,,az-0887,situacao-a-apostila-de-haia,noun,f,a apostila (de Haia),(Hague) apostille,海牙认证,海牙認證,,,,,Foreign documents must be apostilled
reconhecimento_diplomas,Reconhecimento de Diplomas,vocabulario,,,az-0888,situacao-a-traducao-certificada,noun,f,a tradução certificada,certified translation,认证翻译,認證翻譯,,,,,
reconhecimento_diplomas,Reconhecimento de Diplomas,vocabulario,,,az-0894,situacao-o-numero-de-processo,noun,m,o número de processo,case number,案件編号,案件編號,,,,,
reconhecimento_diplomas,Reconhecimento de Diplomas,vocabulario,,,az-0895,situacao-o-estado-do-processo,noun,m,o estado do processo,case status,案件状态,案件狀態,,,,,
reconhecimento_diplomas,Reconhecimento de Diplomas,vocabulario,,,az-0896,situacao-a-notificacao,noun,f,a notificação,official notification,官方通知,官方通知,,,,,
reconhecimento_diplomas,Reconhecimento de Diplomas,vocabulario,,,az-0897,situacao-em-analise,,,em análise,under review,审核中,審核中,,,,,
reconhecimento_diplomas,Reconhecimento de Diplomas,vocabulario,,,az-0898,situacao-deferido-indeferido,,,deferido / indeferido,approved / rejected,获批／被拒,獲批／被拒,,,,,
reconhecimento_diplomas,Reconhecimento de Diplomas,vocabulario,,,az-0921,situacao-a-equivalencia-de-estudos,noun,f,a equivalência de estudos,recognition of foreign studies,学历同等认证,學歷同等認證,,,,,For children schooled abroad
reconhecimento_diplomas,Reconhecimento de Diplomas,vocabulario,,,az-0943,situacao-o-certificado-de-formacao,noun,m,o certificado de formação,training certificate,培训证书,培訓證書,,,,,
reconhecimento_diplomas,Reconhecimento de Diplomas,vocabulario,,,az-1331,situacao-o-reconhecimento-automatico,noun,m,o reconhecimento automático,automatic recognition,自动认可,自動認可,O meu diploma permite reconhecimento automático.,My diploma is eligible for automatic recognition.,我的文凭符合自动认可条件。,我的文憑符合自動認可條件。,
reconhecimento_diplomas,Reconhecimento de Diplomas,vocabulario,,,az-1332,situacao-o-reconhecimento-de-nivel,noun,m,o reconhecimento de nível,level recognition,等级认可,級別認可,Pedi o reconhecimento de nível de mestre.,I requested recognition at master's level.,我申请了硕士等级认可。,我申請了碩士級別認可。,
reconhecimento_diplomas,Reconhecimento de Diplomas,vocabulario,,,az-1333,situacao-o-reconhecimento-especifico,noun,m,o reconhecimento específico,specific recognition,专业认可,特定認可,A profissão exige reconhecimento específico.,The profession requires specific recognition.,该职业要求专业认可。,該職業要求特定認可。,
reconhecimento_diplomas,Reconhecimento de Diplomas,vocabulario,,,az-1334,situacao-o-certificado-de-disciplinas,noun,m,o certificado de disciplinas,academic transcript,成绩单,成績單,Anexei o certificado de disciplinas ao pedido.,I attached the academic transcript to the application.,我在申请中附上了成绩单。,我在申請中附上了成績單。,
reconhecimento_diplomas,Reconhecimento de Diplomas,dialogo,opening,507,dialogo-reconhecimento_diplomas-bom-dia-quero-pedir-o-reconhecimento-do-meu-diploma-estrangeiro,,,,Bom dia. Quero pedir o reconhecimento do meu diploma estrangeiro.,Good morning. I want to apply for recognition of my foreign diploma.,早上好。我想申请外国文凭认可。,早晨。我想申請外國文憑認可。,,,,,
reconhecimento_diplomas,Reconhecimento de Diplomas,dialogo,route,508,dialogo-reconhecimento_diplomas-precisa-apenas-do-grau-ou-tambem-do-curso-e-da-area-cientifica,,,,Precisa apenas do grau ou também do curso e da área científica?,"Do you need only the degree level, or also the course and subject area?",您只需要认可学位等级，还是还要认可专业和学科领域？,您只需要認可學位級別，還是也要認可課程和學科範疇？,,,,,
reconhecimento_diplomas,Reconhecimento de Diplomas,dialogo,route,509,dialogo-reconhecimento_diplomas-preciso-que-o-meu-mestrado-em-engenharia-seja-reconhecido-nessa-area,,,,Preciso que o meu mestrado em engenharia seja reconhecido nessa área.,I need my master's in engineering recognised in that subject area.,我需要工程学硕士在该专业领域获得认可。,我需要工程學碩士在該專業範疇獲得認可。,,,,,
reconhecimento_diplomas,Reconhecimento de Diplomas,dialogo,route,510,dialogo-reconhecimento_diplomas-nesse-caso-verifique-o-reconhecimento-especifico-o-automatico-so-se-aplica-a-diplomas-da-lista,,,,"Nesse caso, verifique o reconhecimento específico; o automático só se aplica a diplomas da lista.","In that case, check specific recognition; automatic recognition only applies to listed diplomas.",这种情况请查看专业认可；自动认可只适用于名单内的文凭。,這種情況請查看特定認可；自動認可只適用於名單內的文憑。,,,,,
reconhecimento_diplomas,Reconhecimento de Diplomas,dialogo,submission,511,dialogo-reconhecimento_diplomas-o-pedido-e-entregue-diretamente-na-universidade,,,,O pedido é entregue diretamente na universidade?,Is the application submitted directly to the university?,申请要直接交给大学吗？,申請要直接交給大學嗎？,,,,,
reconhecimento_diplomas,Reconhecimento de Diplomas,dialogo,submission,512,dialogo-reconhecimento_diplomas-e-submetido-no-formulario-online-onde-escolhe-a-instituicao-responsavel,,,,"É submetido no formulário online, onde escolhe a instituição responsável.","It is submitted through the online form, where you choose the responsible institution.",请通过在线表格提交，并在表格中选择负责机构。,請透過網上表格提交，並在表格中選擇負責機構。,,,,,
reconhecimento_diplomas,Reconhecimento de Diplomas,dialogo,documents,513,dialogo-reconhecimento_diplomas-vou-anexar-o-diploma-e-o-certificado-com-disciplinas-e-notas,,,,Vou anexar o diploma e o certificado com disciplinas e notas.,I will attach the diploma and transcript with subjects and grades.,我会上传文凭及载有课程和成绩的成绩单。,我會上載文憑及載有科目和成績的成績單。,,,,,
reconhecimento_diplomas,Reconhecimento de Diplomas,dialogo,documents,514,dialogo-reconhecimento_diplomas-confirme-tambem-as-regras-de-autenticacao-e-traducao-dos-documentos,,,,Confirme também as regras de autenticação e tradução dos documentos.,Also check the authentication and translation rules for the documents.,还请确认文件认证和翻译要求。,還請確認文件認證和翻譯要求。,,,,,
reconhecimento_diplomas,Reconhecimento de Diplomas,dialogo,cost,515,dialogo-reconhecimento_diplomas-o-preco-e-o-prazo-sao-iguais-para-todos-os-tipos,,,,O preço e o prazo são iguais para todos os tipos?,Are the price and deadline the same for every type?,所有认可类型的费用和期限都一样吗？,所有認可類型的費用和期限都一樣嗎？,,,,,
reconhecimento_diplomas,Reconhecimento de Diplomas,dialogo,timing,516,dialogo-reconhecimento_diplomas-nao-dependem-do-tipo-e-da-instituicao-o-prazo-conta-apos-o-processo-estar-completo,,,,Não. Dependem do tipo e da instituição; o prazo conta após o processo estar completo.,No. They depend on the type and institution; the deadline starts once the file is complete.,不一样，取决于认可类型和机构；期限从材料齐全后开始计算。,不一樣，視乎認可類型和機構；期限由文件齊全後開始計算。,,,,,
reconhecimento_diplomas,Reconhecimento de Diplomas,dialogo,expanded real-world coverage,568,dialogo-reconhecimento_diplomas-a-minha-profissao-e-regulamentada-em-portugal,,,,A minha profissão é regulamentada em Portugal?,Is my profession regulated in Portugal?,我的职业在葡萄牙属于受监管职业吗？,我的職業在葡萄牙屬於受規管職業嗎？,,,,,
reconhecimento_diplomas,Reconhecimento de Diplomas,dialogo,expanded real-world coverage,569,dialogo-reconhecimento_diplomas-consulte-a-autoridade-competente-antes-de-escolher-o-tipo-de-reconhecimento,,,,Consulte a autoridade competente antes de escolher o tipo de reconhecimento.,Check with the competent authority before choosing the recognition type.,选择认可类型前，请先咨询主管机构。,選擇認可類型前，請先向主管機構查詢。,,,,,
reconhecimento_diplomas,Reconhecimento de Diplomas,dialogo,expanded real-world coverage,570,dialogo-reconhecimento_diplomas-os-meus-documentos-estao-em-ingles-preciso-de-traducao,,,,Os meus documentos estão em inglês. Preciso de tradução?,My documents are in English. Do I need a translation?,我的文件是英文的，需要翻译吗？,我的文件是英文的，需要翻譯嗎？,,,,,
reconhecimento_diplomas,Reconhecimento de Diplomas,dialogo,expanded real-world coverage,571,dialogo-reconhecimento_diplomas-confirme-as-regras-da-instituicao-que-vai-analisar-o-pedido,,,,Confirme as regras da instituição que vai analisar o pedido.,Check the rules of the institution that will assess the application.,请确认负责审核申请的机构要求。,請確認負責審核申請的院校規定。,,,,,
reconhecimento_diplomas,Reconhecimento de Diplomas,dialogo,expanded real-world coverage,572,dialogo-reconhecimento_diplomas-o-portal-da-erro-quando-tento-anexar-o-certificado,,,,O portal dá erro quando tento anexar o certificado.,The portal shows an error when I try to attach the transcript.,我上传成绩单时网站报错。,我上載成績單時網站出錯。,,,,,
reconhecimento_diplomas,Reconhecimento de Diplomas,dialogo,expanded real-world coverage,573,dialogo-reconhecimento_diplomas-verifique-o-formato-e-o-tamanho-do-ficheiro-antes-de-tentar-novamente,,,,Verifique o formato e o tamanho do ficheiro antes de tentar novamente.,Check the file format and size before trying again.,重新尝试前，请检查文件格式和大小。,再次嘗試前，請檢查檔案格式和大小。,,,,,
reconhecimento_diplomas,Reconhecimento de Diplomas,dialogo,expanded real-world coverage,574,dialogo-reconhecimento_diplomas-ja-submeti-o-pedido-mas-falta-uma-disciplina-no-certificado,,,,"Já submeti o pedido, mas falta uma disciplina no certificado.","I have submitted the application, but one subject is missing from the transcript.",我已经提交申请，但成绩单上少了一门课程。,我已經提交申請，但成績單上欠了一門科目。,,,,,
reconhecimento_diplomas,Reconhecimento de Diplomas,dialogo,expanded real-world coverage,575,dialogo-reconhecimento_diplomas-contacte-a-instituicao-e-indique-a-referencia-antes-de-enviar-outro-ficheiro,,,,Contacte a instituição e indique a referência antes de enviar outro ficheiro.,Contact the institution and give the reference before sending another file.,发送新文件前，请联系机构并提供申请编号。,傳送新檔案前，請聯絡院校並提供申請編號。,,,,,
reconhecimento_diplomas,Reconhecimento de Diplomas,dialogo,expanded real-world coverage,576,dialogo-reconhecimento_diplomas-tambem-posso-pedir-a-conversao-da-classificacao-final,,,,Também posso pedir a conversão da classificação final?,Can I also request conversion of the final grade?,我也可以申请最终成绩换算吗？,我也可以申請最終成績換算嗎？,,,,,
reconhecimento_diplomas,Reconhecimento de Diplomas,dialogo,expanded real-world coverage,577,dialogo-reconhecimento_diplomas-sim-mas-confirme-se-esse-servico-esta-incluido-no-pedido-escolhido,,,,"Sim, mas confirme se esse serviço está incluído no pedido escolhido.","Yes, but check whether that service is included in the chosen application.",可以，但请确认所选申请是否包含这项服务。,可以，但請確認所選申請是否包括這項服務。,,,,,
reconhecimento_diplomas,Reconhecimento de Diplomas,cartao,route,339,cartao-reconhecimento_diplomas-o-meu-diploma-consta-da-lista-de-reconhecimento-automatico,,,,O meu diploma consta da lista de reconhecimento automático?,Is my diploma on the automatic-recognition list?,我的文凭在自动认可名单中吗？,我的文憑在自動認可名單中嗎？,,,,,
reconhecimento_diplomas,Reconhecimento de Diplomas,cartao,profession,340,cartao-reconhecimento_diplomas-esta-e-uma-profissao-regulamentada-em-portugal,,,,Esta é uma profissão regulamentada em Portugal?,Is this a regulated profession in Portugal?,这是葡萄牙的受监管职业吗？,這是葡萄牙的受規管職業嗎？,,,,,
reconhecimento_diplomas,Reconhecimento de Diplomas,cartao,translation,341,cartao-reconhecimento_diplomas-aceitam-estes-documentos-em-ingles-ou-precisam-de-traducao,,,,Aceitam estes documentos em inglês ou precisam de tradução?,"Do you accept these documents in English, or is a translation required?",这些英文文件可以接受，还是需要翻译？,這些英文文件可以接受，還是需要翻譯？,,,,,
reconhecimento_diplomas,Reconhecimento de Diplomas,cartao,payment,342,cartao-reconhecimento_diplomas-ja-paguei-onde-envio-o-comprovativo,,,,Já paguei. Onde envio o comprovativo?,I have paid. Where do I send the receipt?,我已经付款。付款凭证要发到哪里？,我已經付款。付款證明要傳送到哪裡？,,,,,
reconhecimento_diplomas,Reconhecimento de Diplomas,cartao,problem,343,cartao-reconhecimento_diplomas-o-formulario-da-erro-quando-tento-anexar-o-diploma,,,,O formulário dá erro quando tento anexar o diploma.,The form shows an error when I try to attach the diploma.,上传文凭时表格显示错误。,上載文憑時表格顯示錯誤。,,,,,
reconhecimento_diplomas,Reconhecimento de Diplomas,cartao,documents,344,cartao-reconhecimento_diplomas-posso-acrescentar-um-documento-ao-pedido-ja-submetido,,,,Posso acrescentar um documento ao pedido já submetido?,Can I add a document to an application already submitted?,已提交的申请可以补充文件吗？,已提交的申請可以補充文件嗎？,,,,,
reconhecimento_diplomas,Reconhecimento de Diplomas,cartao,grade,345,cartao-reconhecimento_diplomas-tambem-quero-pedir-a-conversao-da-classificacao-final,,,,Também quero pedir a conversão da classificação final.,I also want to request conversion of my final grade.,我还想申请最终成绩换算。,我還想申請最終成績換算。,,,,,
reconhecimento_diplomas,Reconhecimento de Diplomas,cartao,tracking,346,cartao-reconhecimento_diplomas-vou-contactar-a-instituicao-e-indicar-a-referencia-do-pedido,,,,Vou contactar a instituição e indicar a referência do pedido.,I will contact the institution and give the application reference.,我会联系负责机构并提供申请编号。,我會聯絡負責機構並提供申請編號。,,,,,
reconhecimento_diplomas,Reconhecimento de Diplomas,cartao,useful situation example,459,cartao-reconhecimento_diplomas-onde-posso-encontrar-informacoes-sobre-o-certificado-de-habilitacoes,,,,Onde posso encontrar informações sobre o certificado de habilitações?,Where can I find information about qualifications certificate?,我可以在哪里查到有关学历证明的信息？,我可以在哪裡查到有關學歷證明的資訊？,,,,,
reconhecimento_diplomas,Reconhecimento de Diplomas,cartao,useful situation example,460,cartao-reconhecimento_diplomas-onde-posso-encontrar-informacoes-sobre-a-equivalencia-de-estudos,,,,Gostaria de saber mais sobre a equivalência de estudos.,I would like to know more about recognition of foreign studies.,我想进一步了解学历同等认证。,我想進一步了解學歷同等認證。,,,,,
reconhecimento_diplomas,Reconhecimento de Diplomas,cartao,useful situation example,461,cartao-reconhecimento_diplomas-onde-posso-encontrar-informacoes-sobre-o-numero-de-processo,,,,Quem me pode orientar sobre o número de processo?,Who can advise me about case number?,关于案件編号，谁可以给我指引？,關於案件編號，誰可以給我指引？,,,,,
reconhecimento_diplomas,Reconhecimento de Diplomas,cartao,useful situation example,462,cartao-reconhecimento_diplomas-pode-dar-me-informacoes-sobre-o-comprovativo-de-pagamento,,,,Pode dar-me informações sobre o comprovativo de pagamento?,Could you give me information about proof of payment?,可以告诉我有关缴费憑证的信息吗？,可以告訴我有關繳費憑證的資訊嗎？,,,,,
reconhecimento_diplomas,Reconhecimento de Diplomas,cartao,useful situation example,463,cartao-reconhecimento_diplomas-pode-explicar-me-o-que-devo-fazer-para-pagar-uma-taxa,,,,Pode explicar-me o que devo fazer para pagar uma taxa?,Could you explain what I need to do to pay a fee?,可以说明我要怎样缴納费用吗？,可以說明我要怎樣繳納費用嗎？,,,,,
reconhecimento_diplomas,Reconhecimento de Diplomas,cartao,useful situation example,464,cartao-reconhecimento_diplomas-pode-dar-me-informacoes-sobre-o-certificado-digital,,,,Tenho uma questão relacionada com o certificado digital.,I have a question related to digital certificate.,我有一个与数字证书有关的问题。,我有一個與數字證書有關的問題。,,,,,
reconhecimento_diplomas,Reconhecimento de Diplomas,cartao,useful situation example,465,cartao-reconhecimento_diplomas-onde-posso-encontrar-informacoes-sobre-o-formulario,,,,Consegue ajudar-me com uma dúvida sobre o formulário?,Can you help me with a question about form?,您能帮我解答一个有关表格的问题吗？,您能幫我解答一個有關表格的問題嗎？,,,,,
reconhecimento_diplomas,Reconhecimento de Diplomas,cartao,useful situation example,466,cartao-reconhecimento_diplomas-pode-dar-me-informacoes-sobre-a-notificacao,,,,A quem posso pedir esclarecimentos sobre a notificação?,Who can I ask for clarification about official notification?,关于官方通知，我可以向谁咨询？,關於官方通知，我可以向誰查詢？,,,,,
reconhecimento_diplomas,Reconhecimento de Diplomas,cartao,useful situation example,467,cartao-reconhecimento_diplomas-preciso-de-esclarecer-uma-duvida-sobre-a-fotocopia-autenticada,,,,Preciso de esclarecer uma dúvida sobre a fotocópia autenticada.,I have a question about certified photocopy.,我需要咨询有关认证副本的问题。,我需要查詢有關認證副本的問題。,,,,,
reconhecimento_diplomas,Reconhecimento de Diplomas,cartao,useful situation example,468,cartao-reconhecimento_diplomas-com-quem-devo-falar-sobre-o-reconhecimento-de-assinatura,,,,Com quem devo falar sobre o reconhecimento de assinatura?,Who should I speak to about signature certification?,关于签名认证，我应该和谁联系？,關於簽名認證，我應該聯絡誰？,,,,,
reconhecimento_diplomas,Reconhecimento de Diplomas,cartao,useful situation example,469,cartao-reconhecimento_diplomas-com-quem-devo-falar-sobre-a-traducao-certificada,,,,Pode explicar-me melhor o que preciso de saber sobre a tradução certificada?,Could you explain what I need to know about certified translation?,您能说明我需要了解认证翻译的哪些信息吗？,您能說明我需要了解認證翻譯的哪些資訊嗎？,,,,,
reconhecimento_diplomas,Reconhecimento de Diplomas,cartao,useful situation example,470,cartao-reconhecimento_diplomas-queria-informacoes-sobre-o-certificado-de-formacao,,,,Queria informações sobre o certificado de formação.,I would like information about training certificate.,我想了解培训证书。,我想了解培訓證書。,,,,,
trabalho_restauracao,Restauração,vocabulario,,,az-0742,situacao-o-empregado-a-empregada-de-mesa,noun,m,o empregado / a empregada de mesa,waiter / waitress,服务员,服務員,,,,,
trabalho_restauracao,Restauração,vocabulario,,,az-0743,situacao-o-ajudante-de-cozinha,noun,m,o ajudante de cozinha,kitchen assistant,厨房帮工,廚房幫工,,,,,
trabalho_restauracao,Restauração,vocabulario,,,az-0744,situacao-a-ementa-o-menu,noun,f,a ementa / o menu,menu,菜单,菜單,,,,,
trabalho_restauracao,Restauração,vocabulario,,,az-0745,situacao-o-prato-do-dia,noun,m,o prato do dia,dish of the day,今日特餐,今日特餐,,,,,
trabalho_restauracao,Restauração,vocabulario,,,az-0746,situacao-anotar-o-pedido,,,anotar o pedido,to take the order,记录点单,記錄點單,,,,,
trabalho_restauracao,Restauração,vocabulario,,,az-0747,situacao-a-esplanada,noun,f,a esplanada,outdoor terrace,露天座位,露天座位,,,,,
trabalho_restauracao,Restauração,vocabulario,,,az-0595,situacao-o-balcao,noun,m,o balcão,the counter / bar,吧台／柜台,吧台／櫃檯,,,,,
trabalho_restauracao,Restauração,vocabulario,,,az-0749,situacao-os-talheres-o-guardanapo,noun,m-pl,os talheres / o guardanapo,cutlery / napkin,餐具／餐巾,餐具／餐巾,,,,,
trabalho_restauracao,Restauração,vocabulario,,,az-0160,situacao-a-conta,noun,f,a conta,the bill,账单,賬單,,,,,
trabalho_restauracao,Restauração,vocabulario,,,az-0751,situacao-a-gorjeta,noun,f,a gorjeta,tip,小费,小費,,,,,
trabalho_restauracao,Restauração,vocabulario,,,az-0752,situacao-lavar-a-loica,,,lavar a loiça,to wash the dishes,洗碗,洗碗,,,,,
trabalho_restauracao,Restauração,vocabulario,,,az-0753,situacao-a-comanda,noun,f,a comanda,order slip,点菜单,點菜單,,,,,
trabalho_restauracao,Restauração,vocabulario,,,az-0754,situacao-bom-proveito,,,Bom proveito!,Enjoy your meal!,请慢用！,請慢用！,,,,,
trabalho_restauracao,Restauração,vocabulario,,,az-1004,situacao-a-reserva,noun,f,a reserva,reservation,订位,訂位,,,,,
trabalho_restauracao,Restauração,vocabulario,,,az-1022,situacao-o-couvert,noun,m,o couvert,"couvert (bread/olives, charged)",餐前小食（收费）,餐前小食（收費）,,,,,Charged if touched — a PT peculiarity to explain to tourists
trabalho_restauracao,Restauração,vocabulario,,,az-1023,situacao-a-entrada,noun,f,a entrada,starter,前菜,前菜,,,,,
trabalho_restauracao,Restauração,vocabulario,,,az-1024,situacao-o-prato-principal,noun,m,o prato principal,main course,主菜,主菜,,,,,
trabalho_restauracao,Restauração,vocabulario,,,az-1025,situacao-a-sobremesa,noun,f,a sobremesa,dessert,甜品,甜品,,,,,
trabalho_restauracao,Restauração,vocabulario,,,az-1026,situacao-a-dose-a-meia-dose,noun,f,a dose / a meia dose,full / half portion,整份／半份,整份／半份,,,,,PT portion system — meia dose feeds one
trabalho_restauracao,Restauração,vocabulario,,,az-1027,situacao-para-partilhar,,,para partilhar,to share,分享（合吃）,分享（合吃）,,,,,
trabalho_restauracao,Restauração,vocabulario,,,az-1028,situacao-a-imperial-o-fino,noun,f,a imperial / o fino,draught beer (Lisbon / Porto term),生啤（里斯本叫imperial，波爾图叫fino）,生啤（里斯本叫imperial，波爾圖叫fino）,,,,,
trabalho_restauracao,Restauração,vocabulario,,,az-1029,situacao-mal-passado-no-ponto-bem-passado,,,mal passado / no ponto / bem passado,rare / medium / well done,三分熟／五分熟／全熟,三分熟／五分熟／全熟,,,,,
trabalho_restauracao,Restauração,vocabulario,,,az-1030,situacao-vegetariano-sem-gluten,,,vegetariano / sem glúten,vegetarian / gluten-free,素食／无麩质,素食／無麩質,,,,,
trabalho_restauracao,Restauração,vocabulario,,,az-1031,situacao-a-alergia-alimentar,noun,f,a alergia alimentar,food allergy,食物过敏,食物過敏,,,,,
trabalho_restauracao,Restauração,vocabulario,,,az-1032,situacao-a-maquina-de-pagamento,noun,f,a máquina (de pagamento),card machine,刷卡机,刷卡機,,,,,
trabalho_restauracao,Restauração,vocabulario,,,az-1033,situacao-pagar-em-dinheiro-com-cartao,,,pagar em dinheiro / com cartão,to pay cash / by card,现金支付／刷卡,現金支付／刷卡,,,,,
trabalho_restauracao,Restauração,vocabulario,,,az-0260,,noun,m,o troco,change,找零,找零,,,,,
trabalho_restauracao,Restauração,vocabulario,,,az-1034,situacao-pagar-em-separado-junto,,,pagar em separado / junto,to pay separately / together,分开付／一起付,分開付／一起付,,,,,
trabalho_restauracao,Restauração,vocabulario,,,az-1035,situacao-o-chefe-de-sala,noun,m,o chefe de sala,head waiter,领班,領班,,,,,
trabalho_restauracao,Restauração,vocabulario,,,az-1036,situacao-o-turno-partido,noun,m,o turno partido,split shift,两头班（分段班）,兩頭班（分段班）,,,,,Lunch + dinner service with a break between
trabalho_restauracao,Restauração,vocabulario,,,az-1037,situacao-por-levantar-a-mesa,,,pôr / levantar a mesa,to set / clear the table,摆桌／收桌,擺桌／收桌,,,,,
trabalho_restauracao,Restauração,vocabulario,,,az-1038,situacao-o-cliente-habitual,noun,m,o cliente habitual,regular customer,熟客,熟客,,,,,
trabalho_restauracao,Restauração,vocabulario,,,az-1039,situacao-a-esplanada-cheia,noun,f,a esplanada cheia,full terrace,露天座位已满,露天座位已滿,,,,,
trabalho_restauracao,Restauração,dialogo,,92,dialogo-trabalho-restauracao-boa-tarde-mesa-para-dois,,,,Boa tarde! Mesa para dois?,Good afternoon! Table for two?,下午好！两位吗？,下午好！兩位嗎？,,,,,
trabalho_restauracao,Restauração,dialogo,,93,dialogo-trabalho-restauracao-posso-anotar-o-pedido,,,,Posso anotar o pedido?,May I take your order?,可以点单了吗？,可以點單了嗎？,,,,,
trabalho_restauracao,Restauração,dialogo,,94,dialogo-trabalho-restauracao-o-que-e-o-prato-do-dia,,,,O que é o prato do dia?,What's the dish of the day?,今日特餐是什么？,今日特餐是什麼？,,,,,
trabalho_restauracao,Restauração,dialogo,,95,dialogo-trabalho-restauracao-hoje-e-bacalhau-a-bras-vem-com-salada,,,,Hoje é bacalhau à Brás. Vem com salada.,Today it's cod 'à Brás'. It comes with salad.,今天是布拉斯式马介休，配沙拉。,今天是布拉斯式馬介休，配沙拉。,,,,,
trabalho_restauracao,Restauração,dialogo,,96,dialogo-trabalho-restauracao-marchar-duas-doses-de-bacalhau-para-a-mesa-cinco,,,,Marchar duas doses de bacalhau para a mesa cinco!,"Two portions of cod for table five, fire away!",五号桌两份马介休，起菜！,五號桌兩份馬介休，起菜！,,,,,
trabalho_restauracao,Restauração,dialogo,,97,dialogo-trabalho-restauracao-a-conta-por-favor-com-certeza-ja-trago,,,,"A conta, por favor. — Com certeza, já trago.","The bill, please. — Of course, right away.",麻煩结账。——好的，马上來。,麻煩結賬。——好的，馬上來。,,,,,
trabalho_restauracao,Restauração,dialogo,,98,dialogo-trabalho-restauracao-podes-fechar-a-esplanada-e-limpar-as-mesas,,,,Podes fechar a esplanada e limpar as mesas?,Can you close the terrace and clean the tables?,你可以收露天座位、擦一下桌子吗？,你可以收露天座位、擦一下桌子嗎？,,,,,
trabalho_restauracao,Restauração,dialogo,,260,dialogo-trabalho-restauracao-boa-noite-alguma-alergia-alimentar,,,,Boa noite! Alguma alergia alimentar?,Good evening! Any food allergies?,晚上好！有食物过敏吗？,晚上好！有食物過敏嗎？,,,,,
trabalho_restauracao,Restauração,dialogo,,261,dialogo-trabalho-restauracao-sim-sou-alergica-a-marisco,,,,"Sim, sou alérgica a marisco.","Yes, I'm allergic to shellfish.",有，我对海鲜过敏。,有，我對海鮮過敏。,,,,,
trabalho_restauracao,Restauração,dialogo,,262,dialogo-trabalho-restauracao-anotado-como-deseja-o-bife,,,,Anotado. Como deseja o bife?,Noted. How would you like the steak?,记下了。牛排要几分熟？,記下了。牛排要幾分熟？,,,,,
trabalho_restauracao,Restauração,dialogo,,263,dialogo-trabalho-restauracao-no-ponto-uma-dose-chega-para-dois,,,,No ponto. Uma dose chega para dois?,Medium. Is one portion enough for two?,五分熟。一份够两个人吃吗？,五分熟。一份夠兩個人吃嗎？,,,,,
trabalho_restauracao,Restauração,dialogo,,264,dialogo-trabalho-restauracao-chega-bem-as-doses-sao-generosas-ou-pedem-meia-dose-ca,,,,Chega bem — as doses são generosas. Ou pedem meia dose cada.,Plenty — portions are generous. Or order a half portion each.,足够——份量很大。也可以各点半份。,足夠——份量很大。也可以各點半份。,,,,,
trabalho_restauracao,Restauração,dialogo,,265,dialogo-trabalho-restauracao-entao-uma-dose-para-partilhar-e-duas-imperiais,,,,Então uma dose para partilhar. E duas imperiais.,Then one portion to share. And two draught beers.,那就一份合吃。再來两杯生啤。,那就一份合吃。再來兩杯生啤。,,,,,
trabalho_restauracao,Restauração,dialogo,,266,dialogo-trabalho-restauracao-a-conta-por-favor-pode-ser-em-separado,,,,"A conta, por favor. Pode ser em separado?","The bill, please. Can we pay separately?",结账，麻煩您。可以分开付吗？,結賬，麻煩您。可以分開付嗎？,,,,,
trabalho_restauracao,Restauração,dialogo,,267,dialogo-trabalho-restauracao-com-certeza-cartao-ou-dinheiro,,,,Com certeza. Cartão ou dinheiro?,Of course. Card or cash?,当然。刷卡还是现金？,當然。刷卡還是現金？,,,,,
trabalho_restauracao,Restauração,dialogo,,268,dialogo-trabalho-restauracao-eu-pago-com-cartao-ela-em-dinheiro,,,,Eu pago com cartão; ela em dinheiro.,I'll pay by card; she'll pay cash.,我刷卡；她付现金。,我刷卡；她付現金。,,,,,
trabalho_restauracao,Restauração,dialogo,,269,dialogo-trabalho-restauracao-aqui-esta-a-maquina-quer-fatura-com-contribuinte,,,,Aqui está a máquina. Quer fatura com contribuinte?,Here's the card machine. Would you like the receipt with your tax number?,这是刷卡机。要开带税号的发票吗？,這是刷卡機。要開帶稅號的發票嗎？,,,,,
trabalho_restauracao,Restauração,dialogo,,270,dialogo-trabalho-restauracao-sim-por-favor-2-4-5,,,,"Sim, por favor: 2-4-5…","Yes, please: 2-4-5…",要，麻煩您：2-4-5……,要，麻煩您：2-4-5……,,,,,
trabalho_restauracao,Restauração,dialogo,,271,dialogo-trabalho-restauracao-feito-obrigado-e-boa-noite,,,,Feito. Obrigado e boa noite!,Done. Thank you and good night!,好了。谢谢，晚安！,好了。謝謝，晚安！,,,,,
trabalho_restauracao,Restauração,dialogo,expanded real-world coverage,713,dialogo-trabalho_restauracao-obrigado-pode-trazer-tambem-um-copo-de-agua-por-favor,,,,"Obrigado. Pode trazer também um copo de água, por favor?","Thank you. Could you also bring a glass of water, please?",谢谢。也请给我一杯水。,謝謝。也請給我一杯水。,,,,,
trabalho_restauracao,Restauração,cartao,,69,cartao-trabalho-restauracao-bem-vindos-mesa-para-quantas-pessoas,,,,Bem-vindos! Mesa para quantas pessoas?,Welcome! A table for how many?,欢迎光临！几位？,歡迎光臨！幾位？,,,,,
trabalho_restauracao,Restauração,cartao,,70,cartao-trabalho-restauracao-posso-anotar-o-pedido,,,,Posso anotar o pedido?,May I take your order?,可以点单了吗？,可以點單了嗎？,,,,,
trabalho_restauracao,Restauração,cartao,,71,cartao-trabalho-restauracao-recomendo-o-prato-do-dia,,,,Recomendo o prato do dia.,I recommend the dish of the day.,我推荐今日特餐。,我推薦今日特餐。,,,,,
trabalho_restauracao,Restauração,cartao,,72,cartao-trabalho-restauracao-bom-proveito,,,,Bom proveito!,Enjoy your meal!,请慢用！,請慢用！,,,,,
trabalho_restauracao,Restauração,cartao,,73,cartao-trabalho-restauracao-desejam-mais-alguma-coisa,,,,Desejam mais alguma coisa?,Would you like anything else?,还需要別的吗？,還需要別的嗎？,,,,,
trabalho_restauracao,Restauração,cartao,,74,cartao-trabalho-restauracao-aqui-esta-a-conta-pagam-junto-ou-separado,,,,Aqui está a conta. Pagam junto ou separado?,Here's the bill. Together or separately?,这是账单。一起付还是分开付？,這是賬單。一起付還是分開付？,,,,,
trabalho_restauracao,Restauração,cartao,,151,cartao-trabalho-restauracao-desejam-o-couvert,,,,Desejam o couvert?,Would you like the couvert?,需要餐前小食吗？（收费）,需要餐前小食嗎？（收費）,,,,,
trabalho_restauracao,Restauração,cartao,,152,cartao-trabalho-restauracao-como-deseja-o-bife-mal-no-ponto-ou-bem-passado,,,,"Como deseja o bife — mal, no ponto ou bem passado?","How would you like the steak — rare, medium or well done?",牛排要几分熟——三分、五分还是全熟？,牛排要幾分熟——三分、五分還是全熟？,,,,,
trabalho_restauracao,Restauração,cartao,,153,cartao-trabalho-restauracao-a-meia-dose-chega-para-uma-pessoa,,,,A meia dose chega para uma pessoa.,A half portion is enough for one person.,半份够一个人吃。,半份夠一個人吃。,,,,,
trabalho_restauracao,Restauração,cartao,,154,cartao-trabalho-restauracao-pagam-junto-ou-em-separado,,,,Pagam junto ou em separado?,Together or separately?,一起付还是分开付？,一起付還是分開付？,,,,,
trabalho_restauracao,Restauração,cartao,,155,cartao-trabalho-restauracao-quer-fatura-com-contribuinte,,,,Quer fatura com contribuinte?,Receipt with your tax number?,要开带税号的发票吗？,要開帶稅號的發票嗎？,,,,,
trabalho_restauracao,Restauração,cartao,useful situation example,684,cartao-trabalho_restauracao-onde-posso-encontrar-informacoes-sobre-o-turno-partido,,,,Onde posso encontrar informações sobre o turno partido?,Where can I find information about split shift?,我可以在哪里查到有关两头班（分段班）的信息？,我可以在哪裡查到有關兩頭班（分段班）的資訊？,,,,,
trabalho_restauracao,Restauração,cartao,useful situation example,685,cartao-trabalho_restauracao-onde-posso-encontrar-informacoes-sobre-a-gorjeta,,,,Gostaria de saber mais sobre a gorjeta.,I would like to know more about tip.,我想进一步了解小费。,我想進一步了解小費。,,,,,
trabalho_restauracao,Restauração,cartao,useful situation example,686,cartao-trabalho_restauracao-onde-posso-encontrar-informacoes-sobre-o-couvert,,,,Quem me pode orientar sobre o couvert?,"Who can advise me about couvert (bread/olives, charged)?",关于餐前小食（收费），谁可以给我指引？,關於餐前小食（收費），誰可以給我指引？,,,,,
trabalho_restauracao,Restauração,cartao,useful situation example,687,cartao-trabalho_restauracao-pode-dar-me-informacoes-sobre-o-prato-principal,,,,Pode dar-me informações sobre o prato principal?,Could you give me information about main course?,可以告诉我有关主菜的信息吗？,可以告訴我有關主菜的資訊嗎？,,,,,
trabalho_restauracao,Restauração,cartao,useful situation example,688,cartao-trabalho_restauracao-onde-posso-encontrar-o-ajudante-de-cozinha,,,,Onde posso encontrar o ajudante de cozinha?,Where can I find kitchen assistant?,厨房帮工在哪里？,廚房幫工在哪裡？,,,,,
trabalho_restauracao,Restauração,cartao,useful situation example,689,cartao-trabalho_restauracao-pode-dar-me-informacoes-sobre-a-comanda,,,,Tenho uma questão relacionada com a comanda.,I have a question related to order slip.,我有一个与点菜单有关的问题。,我有一個與點菜單有關的問題。,,,,,
trabalho_restauracao,Restauração,cartao,useful situation example,690,cartao-trabalho_restauracao-onde-posso-encontrar-o-cliente-habitual,,,,Onde posso encontrar o cliente habitual?,Where can I find regular customer?,熟客在哪里？,熟客在哪裡？,,,,,
trabalho_restauracao,Restauração,cartao,useful situation example,691,cartao-trabalho_restauracao-preciso-de-esclarecer-uma-duvida-sobre-a-esplanada-cheia,,,,Preciso de esclarecer uma dúvida sobre a esplanada cheia.,I have a question about full terrace.,我需要咨询有关露天座位已满的问题。,我需要查詢有關露天座位已滿的問題。,,,,,
trabalho_restauracao,Restauração,cartao,useful situation example,692,cartao-trabalho_restauracao-como-posso-lavar-a-loica,,,,Como posso lavar a loiça?,How can I wash the dishes?,我该怎样洗碗？,我該怎樣洗碗？,,,,,
saude,Saúde,vocabulario,,,az-0647,situacao-o-numero-de-utente,noun,m,o número de utente,SNS user number,医疗用户号（Utente号）,醫療用戶號（Utente號）,,,,,Assigned at your local centro de saúde
saude,Saúde,vocabulario,,,az-0648,situacao-inscrever-se-no-centro-de-saude,,,inscrever-se no centro de saúde,to register at the health centre,在卫生中心登记,在衛生中心登記,,,,,
saude,Saúde,vocabulario,,,az-0649,situacao-o-medico-de-familia,noun,m,o médico de família,family doctor (GP),家庭医生,家庭醫生,,,,,"May be waitlisted; you're assigned, not chosen"
saude,Saúde,vocabulario,,,az-0340,,,,marcar uma consulta,to book an appointment,预约门诊,預約門診,,,,,
saude,Saúde,vocabulario,,,az-0650,situacao-a-receita-eletronica,noun,f,a receita (eletrónica),(electronic) prescription,（电子）处方,（電子）處方,,,,,Sent by SMS; show code at pharmacy
saude,Saúde,vocabulario,,,az-0512,situacao-a-urgencia,noun,f,a urgência,A&E / emergency department,急诊,急診,,,,,
saude,Saúde,vocabulario,,,az-0652,situacao-o-sns-24-808-24-24-24,noun,m,o SNS 24 — 808 24 24 24,SNS 24 health line,SNS 24健康热线（808 24 24 24）,SNS 24健康熱線（808 24 24 24）,,,,,Call BEFORE going to A&E for triage advice
saude,Saúde,vocabulario,,,az-0653,situacao-o-112,noun,m,o 112,112 (emergency number),112（紧急救援电话）,112（緊急救援電話）,,,,,
saude,Saúde,vocabulario,,,az-0654,situacao-a-triagem-pulseira,noun,f,a triagem (pulseira),triage (coloured wristband),分诊（颜色手环）,分診（顏色手環）,,,,,"Wristband colour = urgency level, sets your wait"
saude,Saúde,vocabulario,,,az-0655,situacao-a-baixa-medica,noun,f,a baixa médica,sick leave certificate,病假证明,病假證明,,,,,
saude,Saúde,vocabulario,,,az-0312,,noun,f,a farmácia,pharmacy,药房,藥房,,,,,
saude,Saúde,vocabulario,,,az-0464,,noun,m,o boletim de vacinas,vaccination record,疫苗接种记录,疫苗接種記錄,,,,,
saude,Saúde,vocabulario,,,az-0656,situacao-doi-me,,,Dói-me…,… hurts / I have pain in…,我……痛,我……痛,,,,,
saude,Saúde,vocabulario,,,az-0657,situacao-sou-alergico-a-a,,,sou alérgico/a a…,I'm allergic to…,我对……过敏,我對……過敏,,,,,
saude,Saúde,vocabulario,,,az-0866,situacao-a-consulta-aberta-do-dia,noun,f,a consulta aberta / do dia,same-day walk-in appointment,当日门诊,當日門診,,,,,
saude,Saúde,vocabulario,,,az-0867,situacao-a-dor-de-cabeca-de-garganta-de-dentes,noun,f,a dor de cabeça / de garganta / de dentes,headache / sore throat / toothache,头痛／喉咙痛／牙痛,頭痛／喉嚨痛／牙痛,,,,,
saude,Saúde,vocabulario,,,az-0868,situacao-a-gripe-a-constipacao,noun,f,a gripe / a constipação,flu / cold,流感／感冒,流感／感冒,,,,,
saude,Saúde,vocabulario,,,az-0869,situacao-a-tensao-alta,noun,f,a tensão alta,high blood pressure,高血压,高血壓,,,,,
saude,Saúde,vocabulario,,,az-0870,situacao-a-diabetes,noun,f,a diabetes,diabetes,糖尿病,糖尿病,,,,,
saude,Saúde,vocabulario,,,az-0871,situacao-estar-gravida,,,estar grávida,to be pregnant,懷孕,懷孕,,,,,
saude,Saúde,vocabulario,,,az-0872,situacao-a-vacina,noun,f,a vacina,vaccine,疫苗,疫苗,,,,,
saude,Saúde,vocabulario,,,az-0873,situacao-o-raio-x,noun,m,o raio-X,X-ray,X光,X光,,,,,
saude,Saúde,vocabulario,,,az-0874,situacao-a-analise-ao-sangue,noun,f,a análise ao sangue,blood test,验血,驗血,,,,,
saude,Saúde,vocabulario,,,az-0875,situacao-em-jejum,,,em jejum,fasting (before a test),空腹,空腹,,,,,Blood tests usually require it
saude,Saúde,vocabulario,,,az-0876,situacao-o-resultado,noun,m,o resultado,result,结果,結果,,,,,
saude,Saúde,vocabulario,,,az-0877,situacao-o-medico-especialista,noun,m,o médico especialista,specialist doctor,专科医生,專科醫生,,,,,
saude,Saúde,vocabulario,,,az-0878,situacao-o-encaminhamento-a-referenciacao,noun,m,o encaminhamento / a referenciação,referral,转诊,轉診,,,,,GP referral needed for SNS specialists
saude,Saúde,vocabulario,,,az-0879,situacao-o-seguro-de-saude,noun,m,o seguro de saúde,health insurance,医疗保险,醫療保險,,,,,
saude,Saúde,vocabulario,,,az-0880,situacao-tomar-o-medicamento,,,tomar o medicamento,to take the medicine,服药,服藥,,,,,
saude,Saúde,vocabulario,,,az-0881,situacao-de-8-em-8-horas,,,de 8 em 8 horas,every 8 hours,每8小时一次,每8小時一次,,,,,
saude,Saúde,vocabulario,,,az-0882,situacao-a-dose,noun,f,a dose,dose,剂量,劑量,,,,,
saude,Saúde,vocabulario,,,az-0883,situacao-o-medicamento-generico,noun,m,o medicamento genérico,generic medicine,仿制药（平价替代药）,仿製藥（平價替代藥）,,,,,Cheaper; ask 'há genérico?' at the pharmacy
saude,Saúde,vocabulario,,,az-0884,situacao-o-atestado-medico,noun,m,o atestado médico,medical certificate,医生证明,醫生證明,,,,,
saude,Saúde,vocabulario,,,az-0885,situacao-a-urgencia-pediatrica,noun,f,a urgência pediátrica,paediatric A&E,儿科急诊,兒科急診,,,,,
saude,Saúde,dialogo,,31,dialogo-saude-boa-tarde-queria-inscrever-me-no-centro-de-saude-e-ped,,,,"Boa tarde, queria inscrever-me no centro de saúde e pedir o número de utente.","Good afternoon, I'd like to register at the health centre and get my SNS number.",下午好，我想在卫生中心登记并申请医疗用户号。,下午好，我想在衛生中心登記並申請醫療用戶號。,,,,,
saude,Saúde,dialogo,,32,dialogo-saude-tem-autorizacao-de-residencia-e-nif,,,,Tem autorização de residência e NIF?,Do you have a residence permit and tax number?,您有居留許可和税号吗？,您有居留許可和稅號嗎？,,,,,
saude,Saúde,dialogo,,33,dialogo-saude-ainda-nao-tenho-autorizacao-mas-tenho-um-atestado-de-r,,,,"Ainda não tenho autorização, mas tenho um atestado de residência da junta.","I don't have a permit yet, but I have a residence certificate from the parish council.",我还没有居留許可，但我有堂区开的居住证明。,我還沒有居留許可，但我有堂區開的居住證明。,,,,,
saude,Saúde,dialogo,,34,dialogo-saude-serve-o-numero-de-utente-e-atribuido-ja-hoje,,,,Serve. O número de utente é atribuído já hoje.,That works. Your user number is issued today.,可以。用户号今天就发给您。,可以。用戶號今天就發給您。,,,,,
saude,Saúde,dialogo,,35,dialogo-saude-queria-marcar-uma-consulta-com-o-medico-de-familia,,,,Queria marcar uma consulta com o médico de família.,I'd like to book an appointment with the family doctor.,我想预约家庭医生。,我想預約家庭醫生。,,,,,
saude,Saúde,dialogo,,36,dialogo-saude-de-momento-esta-em-lista-de-espera-para-medico-de-fami,,,,De momento está em lista de espera para médico de família.,At the moment you're on the waiting list for a family doctor.,目前您在家庭医生的等候名单上。,目前您在家庭醫生的等候名單上。,,,,,
saude,Saúde,dialogo,,37,dialogo-saude-e-se-ficar-doente-entretanto,,,,E se ficar doente entretanto?,And if I get sick in the meantime?,那期间生病了怎么办？,那期間生病了怎麼辦？,,,,,
saude,Saúde,dialogo,,38,dialogo-saude-ligue-para-o-sns-24-808-24-24-24-antes-de-ir-a-urgenci,,,,Ligue para o SNS 24 — 808 24 24 24 — antes de ir à urgência.,Call SNS 24 — 808 24 24 24 — before going to A&E.,去急诊前先打SNS 24热线——808 24 24 24。,去急診前先打SNS 24熱線——808 24 24 24。,,,,,
saude,Saúde,dialogo,,167,dialogo-saude-boa-noite-o-meu-filho-tem-febre-alta-ha-dois-dias,,,,"Boa noite, o meu filho tem febre alta há dois dias.","Good evening, my son has had a high fever for two days.",晚上好，我儿子高燒两天了。,晚上好，我兒子高燒兩天了。,,,,,
saude,Saúde,dialogo,,168,dialogo-saude-vamos-fazer-a-triagem-que-idade-tem-a-crianca,,,,Vamos fazer a triagem. Que idade tem a criança?,We'll do triage. How old is the child?,我们先分诊。孩子多大？,我們先分診。孩子多大？,,,,,
saude,Saúde,dialogo,,169,dialogo-saude-tem-quatro-anos-tambem-tem-tosse-e-nao-come,,,,Tem quatro anos. Também tem tosse e não come.,He's four. He also has a cough and isn't eating.,四岁。还咳嗽，不肯吃东西。,四歲。還咳嗽，不肯吃東西。,,,,,
saude,Saúde,dialogo,,170,dialogo-saude-tome-esta-pulseira-amarela-e-aguarde-ser-chamado,,,,Tome esta pulseira amarela e aguarde ser chamado.,Take this yellow wristband and wait to be called.,拿好这个黄色手环，等叫号。,拿好這個黃色手環，等叫號。,,,,,
saude,Saúde,dialogo,,171,dialogo-saude-e-alergico-a-algum-medicamento,,,,É alérgico a algum medicamento?,Is he allergic to any medicine?,他对什么药物过敏吗？,他對什麼藥物過敏嗎？,,,,,
saude,Saúde,dialogo,,172,dialogo-saude-sim-a-penicilina-esta-escrito-no-boletim,,,,"Sim, à penicilina. Está escrito no boletim.","Yes, to penicillin. It's written in his health booklet.",对，对青霉素过敏。健康手册上有写。,對，對青黴素過敏。健康手冊上有寫。,,,,,
saude,Saúde,dialogo,,173,dialogo-saude-boa-tarde-venho-aviar-esta-receita,,,,"Boa tarde, venho aviar esta receita.","Good afternoon, I've come to fill this prescription.",下午好，我來取这个处方的药。,下午好，我來取這個處方的藥。,,,,,
saude,Saúde,dialogo,,174,dialogo-saude-tem-o-codigo-da-receita-no-telemovel,,,,Tem o código da receita no telemóvel?,Do you have the prescription code on your phone?,您手机上有处方码吗？,您手機上有處方碼嗎？,,,,,
saude,Saúde,dialogo,,175,dialogo-saude-tenho-chegou-por-sms-ha-generico,,,,"Tenho, chegou por SMS. Há genérico?","I do, it came by SMS. Is there a generic?",有，短信收到的。有仿制药吗？,有，短信收到的。有仿製藥嗎？,,,,,
saude,Saúde,dialogo,,176,dialogo-saude-ha-e-fica-mais-barato-toma-um-comprimido-de-8-em-8-hor,,,,"Há, e fica mais barato. Toma um comprimido de 8 em 8 horas.","There is, and it's cheaper. Take one tablet every 8 hours.",有，而且更便宜。每8小时服一片。,有，而且更便宜。每8小時服一片。,,,,,
saude,Saúde,dialogo,,177,dialogo-saude-com-ou-sem-comida,,,,Com ou sem comida?,With or without food?,饭前还是饭后服？,飯前還是飯後服？,,,,,
saude,Saúde,dialogo,,178,dialogo-saude-de-preferencia-depois-das-refeicoes,,,,De preferência depois das refeições.,Preferably after meals.,最好饭后服用。,最好飯後服用。,,,,,
saude,Saúde,cartao,,23,cartao-saude-queria-inscrever-me-e-pedir-o-numero-de-utente,,,,Queria inscrever-me e pedir o número de utente.,I'd like to register and get my SNS number.,我想登记并申请医疗用户号。,我想登記並申請醫療用戶號。,,,,,
saude,Saúde,cartao,,24,cartao-saude-tenho-atestado-de-residencia-e-nif,,,,Tenho atestado de residência e NIF.,I have a residence certificate and tax number.,我有居住证明和税号。,我有居住證明和稅號。,,,,,
saude,Saúde,cartao,,25,cartao-saude-queria-marcar-uma-consulta-por-favor,,,,"Queria marcar uma consulta, por favor.","I'd like to book an appointment, please.",我想预约门诊，麻煩您。,我想預約門診，麻煩您。,,,,,
saude,Saúde,cartao,,26,cartao-saude-e-urgente-doi-me-muito-o-a,,,,É urgente — dói-me muito o/a…,It's urgent — my … hurts badly.,很紧急——我的……很痛。,很緊急——我的……很痛。,,,,,
saude,Saúde,cartao,,27,cartao-saude-sou-alergico-a-a-penicilina,,,,Sou alérgico/a a penicilina.,I'm allergic to penicillin.,我对青霉素过敏。,我對青黴素過敏。,,,,,
saude,Saúde,cartao,,28,cartao-saude-sns-24-808-24-24-24-emergencia-112,,,,SNS 24: 808 24 24 24 · Emergência: 112,SNS 24: 808 24 24 24 · Emergency: 112,健康热线：808 24 24 24 · 紧急救援：112,健康熱線：808 24 24 24 · 緊急救援：112,,,,,
saude,Saúde,cartao,,111,cartao-saude-ha-consulta-aberta-hoje,,,,Há consulta aberta hoje?,Is there a walk-in appointment today?,今天有当日门诊吗？,今天有當日門診嗎？,,,,,
saude,Saúde,cartao,,112,cartao-saude-estou-gravida-de-12-semanas,,,,Estou grávida de 12 semanas.,I'm 12 weeks pregnant.,我懷孕12周了。,我懷孕12週了。,,,,,
saude,Saúde,cartao,,113,cartao-saude-tenho-de-vir-em-jejum,,,,Tenho de vir em jejum?,Do I need to come fasting?,需要空腹來吗？,需要空腹來嗎？,,,,,
saude,Saúde,cartao,,114,cartao-saude-ha-medicamento-generico,,,,Há medicamento genérico?,Is there a generic version?,有仿制药吗？,有仿製藥嗎？,,,,,
saude,Saúde,cartao,,115,cartao-saude-preciso-de-um-atestado-medico-para-o-trabalho,,,,Preciso de um atestado médico para o trabalho.,I need a medical certificate for work.,我需要一份医生证明交给公司。,我需要一份醫生證明交給公司。,,,,,
saude,Saúde,cartao,useful situation example,483,cartao-saude-pode-explicar-me-o-que-devo-fazer-para-tomar-o-medicamento,,,,Pode explicar-me o que devo fazer para tomar o medicamento?,Could you explain what I need to do to take the medicine?,可以说明我要怎样服药吗？,可以說明我要怎樣服藥嗎？,,,,,
saude,Saúde,cartao,useful situation example,484,cartao-saude-onde-posso-encontrar-informacoes-sobre-a-baixa-medica,,,,Onde posso encontrar informações sobre a baixa médica?,Where can I find information about sick leave certificate?,我可以在哪里查到有关病假证明的信息？,我可以在哪裡查到有關病假證明的資訊？,,,,,
saude,Saúde,cartao,useful situation example,485,cartao-saude-pode-dar-me-informacoes-sobre-o-medicamento-generico,,,,Pode dar-me informações sobre o medicamento genérico?,Could you give me information about generic medicine?,可以告诉我有关仿制药（平价替代药）的信息吗？,可以告訴我有關仿製藥（平價替代藥）的資訊嗎？,,,,,
saude,Saúde,cartao,useful situation example,486,cartao-saude-onde-posso-encontrar-informacoes-sobre-o-resultado,,,,Gostaria de saber mais sobre o resultado.,I would like to know more about result.,我想进一步了解结果。,我想進一步了解結果。,,,,,
saude,Saúde,cartao,useful situation example,487,cartao-saude-pode-dar-me-informacoes-sobre-o-raio-x,,,,Quem me pode orientar sobre o raio-X?,Who can advise me about X-ray?,关于X光，谁可以给我指引？,關於X光，誰可以給我指引？,,,,,
saude,Saúde,cartao,useful situation example,488,cartao-saude-preciso-de-esclarecer-uma-duvida-sobre-o-medico-de-familia,,,,Preciso de esclarecer uma dúvida sobre o médico de família.,I have a question about family doctor (GP).,我需要咨询有关家庭医生的问题。,我需要查詢有關家庭醫生的問題。,,,,,
saude,Saúde,cartao,useful situation example,489,cartao-saude-preciso-de-esclarecer-uma-duvida-sobre-a-analise-ao-sangue,,,,Tenho uma questão relacionada com a análise ao sangue.,I have a question related to blood test.,我有一个与验血有关的问题。,我有一個與驗血有關的問題。,,,,,
saude,Saúde,cartao,useful situation example,490,cartao-saude-preciso-de-esclarecer-uma-duvida-sobre-o-seguro-de-saude,,,,Consegue ajudar-me com uma dúvida sobre o seguro de saúde?,Can you help me with a question about health insurance?,您能帮我解答一个有关医疗保险的问题吗？,您能幫我解答一個有關醫療保險的問題嗎？,,,,,
saude,Saúde,cartao,useful situation example,491,cartao-saude-preciso-de-esclarecer-uma-duvida-sobre-o-atestado-medico,,,,A quem posso pedir esclarecimentos sobre o atestado médico?,Who can I ask for clarification about medical certificate?,关于医生证明，我可以向谁咨询？,關於醫生證明，我可以向誰查詢？,,,,,
seguranca_social,Segurança Social,vocabulario,,,az-0568,,noun,f,a Segurança Social,Social Security,社会保障局,社會保障局,,,,,
seguranca_social,Segurança Social,vocabulario,,,az-0695,situacao-o-niss,noun,m,o NISS,social security number (NISS),社会保障号码（NISS）,社會保障號碼（NISS）,,,,,Needed to work legally and for benefits
seguranca_social,Segurança Social,vocabulario,,,az-0696,situacao-pedir-o-niss,,,pedir o NISS,to apply for a NISS,申请社保号,申請社保號,,,,,
seguranca_social,Segurança Social,vocabulario,,,az-0697,situacao-a-seguranca-social-direta,noun,f,a Segurança Social Direta,the Social Security online portal,社保线上平台,社保線上平台,,,,,
seguranca_social,Segurança Social,vocabulario,,,az-0698,situacao-os-descontos,noun,m-pl,os descontos,(social security) contributions,社保供款（扣缴）,社保供款（扣繳）,,,,,
seguranca_social,Segurança Social,vocabulario,,,az-0699,situacao-o-trabalhador-por-conta-de-outrem,noun,m,o trabalhador por conta de outrem,employee (salaried worker),受雇员工,受僱員工,,,,,
seguranca_social,Segurança Social,vocabulario,,,az-0700,situacao-o-trabalhador-independente,noun,m,o trabalhador independente,self-employed worker,自雇人士,自僱人士,,,,,
seguranca_social,Segurança Social,vocabulario,,,az-0439,situacao-os-recibos-verdes,noun,m-pl,os recibos verdes,'green receipts' (freelance invoicing),綠色收据（自雇开票制度）,綠色收據（自僱開票制度）,,,,,"How cleaners, riders etc. often invoice"
seguranca_social,Segurança Social,vocabulario,,,az-0677,situacao-o-abono-de-familia,noun,m,o abono de família,family allowance,家庭津贴,家庭津貼,,,,,
seguranca_social,Segurança Social,vocabulario,,,az-0702,situacao-a-baixa-por-doenca,noun,f,a baixa por doença,paid sick leave,病假津贴,病假津貼,,,,,
seguranca_social,Segurança Social,vocabulario,,,az-0703,situacao-a-declaracao-de-situacao-contributiva,noun,f,a declaração de situação contributiva,statement of contributions status,供款状况声明,供款狀況聲明,,,,,Often requested for AR renewal
seguranca_social,Segurança Social,vocabulario,,,az-0704,situacao-o-comprovativo,noun,m,o comprovativo,proof / receipt (of application),申请憑证,申請憑證,,,,,
seguranca_social,Segurança Social,vocabulario,,,az-0944,situacao-a-pensao-a-reforma,noun,f,a pensão / a reforma,pension / retirement,养老金／退休,養老金／退休,,,,,
seguranca_social,Segurança Social,vocabulario,,,az-0945,situacao-o-subsidio-de-doenca,noun,m,o subsídio de doença,sickness benefit,疾病津贴,疾病津貼,,,,,
seguranca_social,Segurança Social,vocabulario,,,az-0946,situacao-a-licenca-de-maternidade-paternidade,noun,f,a licença de maternidade / paternidade,maternity / paternity leave,产假／陪产假,產假／陪產假,,,,,
seguranca_social,Segurança Social,vocabulario,,,az-0947,situacao-o-subsidio-parental,noun,m,o subsídio parental,parental benefit,育儿津贴,育兒津貼,,,,,
seguranca_social,Segurança Social,vocabulario,,,az-0948,situacao-o-abono-pre-natal,noun,m,o abono pré-natal,prenatal allowance,产前津贴,產前津貼,,,,,
seguranca_social,Segurança Social,vocabulario,,,az-0949,situacao-a-prestacao-social,noun,f,a prestação social,social benefit / welfare payment,社会福利金,社會福利金,,,,,
seguranca_social,Segurança Social,vocabulario,,,az-0950,situacao-o-escalao-de-rendimentos,noun,m,o escalão de rendimentos,income bracket,收入级距,收入級距,,,,,
seguranca_social,Segurança Social,vocabulario,,,az-0951,situacao-a-declaracao-trimestral,noun,f,a declaração trimestral,quarterly declaration (self-employed),季度申報（自雇）,季度申報（自僱）,,,,,"Due in Jan, Apr, Jul, Oct"
seguranca_social,Segurança Social,vocabulario,,,az-0952,situacao-a-taxa-contributiva,noun,f,a taxa contributiva,contribution rate,供款费率,供款費率,,,,,
seguranca_social,Segurança Social,vocabulario,,,az-0953,situacao-a-isencao-de-contribuicoes,noun,f,a isenção de contribuições,contributions exemption,供款豁免,供款豁免,,,,,First 12 months for new freelancers
seguranca_social,Segurança Social,vocabulario,,,az-0954,situacao-o-primeiro-ano-de-atividade,noun,m,o primeiro ano de atividade,first year of activity,开业第一年,開業第一年,,,,,
seguranca_social,Segurança Social,vocabulario,,,az-0955,situacao-a-divida-a-seguranca-social,noun,f,a dívida à Segurança Social,social security debt,社保欠款,社保欠款,,,,,
seguranca_social,Segurança Social,vocabulario,,,az-0956,situacao-o-plano-prestacional,noun,m,o plano prestacional,instalment plan,分期还款计划,分期還款計劃,,,,,
seguranca_social,Segurança Social,vocabulario,,,az-0957,situacao-atualizar-o-iban,,,atualizar o IBAN,to update the IBAN (for payments),更新收款账户（IBAN）,更新收款帳戶（IBAN）,,,,,
seguranca_social,Segurança Social,vocabulario,,,az-0577,,noun,m,o requerimento,application form,申请表,申請表,,,,,
seguranca_social,Segurança Social,vocabulario,,,az-0958,situacao-submeter-online,,,submeter online,to submit online,在线提交,在線提交,,,,,
seguranca_social,Segurança Social,vocabulario,,,az-0959,situacao-a-certidao-de-nascimento-do-bebe,noun,f,a certidão de nascimento do bebé,baby's birth certificate,婴儿出生证明,嬰兒出生證明,,,,,
seguranca_social,Segurança Social,vocabulario,,,az-0960,situacao-o-registo-do-nascimento,noun,m,o registo do nascimento,birth registration,出生登记,出生登記,,,,,
seguranca_social,Segurança Social,vocabulario,,,az-0961,situacao-a-morada-registada,noun,f,a morada registada,registered address,登记地址,登記地址,,,,,
seguranca_social,Segurança Social,vocabulario,,,az-0962,situacao-o-balcao-da-seguranca-social,noun,m,o balcão da Segurança Social,Social Security counter,社保局柜台,社保局櫃檯,,,,,
seguranca_social,Segurança Social,dialogo,,63,dialogo-seguranca-social-bom-dia-preciso-de-pedir-o-niss-para-comecar-a-trabalh,,,,"Bom dia, preciso de pedir o NISS para começar a trabalhar.","Good morning, I need to apply for a social security number to start working.",早上好，我需要申请社保号才能开始工作。,早上好，我需要申請社保號才能開始工作。,,,,,
seguranca_social,Segurança Social,dialogo,,64,dialogo-seguranca-social-tem-contrato-de-trabalho-ou-promessa-de-contrato,,,,Tem contrato de trabalho ou promessa de contrato?,Do you have a work contract or a contract offer?,您有劳动合同或录用意向书吗？,您有勞動合同或錄用意向書嗎？,,,,,
seguranca_social,Segurança Social,dialogo,,65,dialogo-seguranca-social-tenho-o-contrato-assinado-pela-empresa,,,,Tenho o contrato assinado pela empresa.,I have the contract signed by the company.,我有公司签好的合同。,我有公司簽好的合同。,,,,,
seguranca_social,Segurança Social,dialogo,,66,dialogo-seguranca-social-entao-junte-o-passaporte-e-o-comprovativo-de-morada-a-,,,,Então junte o passaporte e o comprovativo de morada a este formulário.,Then attach your passport and proof of address to this form.,那请把护照和住址证明附在这张表格上。,那請把護照和住址證明附在這張表格上。,,,,,
seguranca_social,Segurança Social,dialogo,,67,dialogo-seguranca-social-quanto-tempo-demora-a-atribuicao,,,,Quanto tempo demora a atribuição?,How long does it take to be issued?,多久能发下來？,多久能發下來？,,,,,
seguranca_social,Segurança Social,dialogo,,68,dialogo-seguranca-social-alguns-dias-recebe-o-niss-por-email-ou-carta-guarde-o-,,,,Alguns dias. Recebe o NISS por email ou carta. Guarde o comprovativo.,A few days. You'll receive the NISS by email or post. Keep the receipt.,几天。社保号会通过邮件或信件发给您。请保存好憑证。,幾天。社保號會通過郵件或信件發給您。請保存好憑證。,,,,,
seguranca_social,Segurança Social,dialogo,,69,dialogo-seguranca-social-depois-posso-aceder-a-seguranca-social-direta,,,,Depois posso aceder à Segurança Social Direta?,Can I then access the online portal?,之后我可以登入社保线上平台吗？,之後我可以登入社保線上平台嗎？,,,,,
seguranca_social,Segurança Social,dialogo,,70,dialogo-seguranca-social-sim-regista-se-online-com-o-niss-e-recebe-a-senha-em-c,,,,"Sim, regista-se online com o NISS e recebe a senha em casa.","Yes, you register online with your NISS and receive the password at home.",可以，用社保号在线註册，密码会寄到家里。,可以，用社保號在線註冊，密碼會寄到家裡。,,,,,
seguranca_social,Segurança Social,dialogo,,215,dialogo-seguranca-social-bom-dia-a-minha-filha-nasceu-na-semana-passada-quero-p,,,,"Bom dia, a minha filha nasceu na semana passada. Quero pedir a licença parental.","Good morning, my daughter was born last week. I want to apply for parental leave.",早上好，我女儿上周出生了。我想申请育儿假。,早上好，我女兒上週出生了。我想申請育兒假。,,,,,
seguranca_social,Segurança Social,dialogo,,216,dialogo-seguranca-social-parabens-o-nascimento-ja-esta-registado,,,,Parabéns! O nascimento já está registado?,Congratulations! Is the birth already registered?,恭喜！出生已经登记了吗？,恭喜！出生已經登記了嗎？,,,,,
seguranca_social,Segurança Social,dialogo,,217,dialogo-seguranca-social-ja-foi-registado-na-maternidade,,,,"Já, foi registado na maternidade.","Yes, it was registered at the maternity hospital.",登记了，在妇产医院办的。,登記了，在婦產醫院辦的。,,,,,
seguranca_social,Segurança Social,dialogo,,218,dialogo-seguranca-social-entao-pode-submeter-o-requerimento-na-seguranca-social,,,,Então pode submeter o requerimento na Segurança Social Direta.,Then you can submit the application on the online portal.,那您可以在社保线上平台提交申请。,那您可以在社保線上平台提交申請。,,,,,
seguranca_social,Segurança Social,dialogo,,219,dialogo-seguranca-social-quanto-tempo-de-licenca-temos,,,,Quanto tempo de licença temos?,How much leave do we get?,我们有多长的假期？,我們有多長的假期？,,,,,
seguranca_social,Segurança Social,dialogo,,220,dialogo-seguranca-social-depende-da-partilha-entre-os-pais-o-simulador-do-porta,,,,Depende da partilha entre os pais — o simulador do portal mostra as opções.,It depends on how parents share it — the portal's simulator shows the options.,取决于父母如何分配——平台的模擬器会显示各种方案。,取決於父母如何分配——平台的模擬器會顯示各種方案。,,,,,
seguranca_social,Segurança Social,dialogo,,221,dialogo-seguranca-social-sou-trabalhadora-independente-quando-entrego-a-declara,,,,Sou trabalhadora independente. Quando entrego a declaração trimestral?,I'm self-employed. When do I file the quarterly declaration?,我是自雇人士。季度申報什么时候交？,我是自僱人士。季度申報什麼時候交？,,,,,
seguranca_social,Segurança Social,dialogo,,222,dialogo-seguranca-social-em-janeiro-abril-julho-e-outubro-na-seguranca-social-d,,,,"Em janeiro, abril, julho e outubro, na Segurança Social Direta.","In January, April, July and October, on the online portal.",一月、四月、七月和十月，在社保线上平台。,一月、四月、七月和十月，在社保線上平台。,,,,,
seguranca_social,Segurança Social,dialogo,,223,dialogo-seguranca-social-comecei-a-atividade-ha-tres-meses-ja-pago-contribuicoe,,,,Comecei a atividade há três meses. Já pago contribuições?,I started my activity three months ago. Do I pay contributions already?,我三个月前开业。现在就要交供款吗？,我三個月前開業。現在就要交供款嗎？,,,,,
seguranca_social,Segurança Social,dialogo,,224,dialogo-seguranca-social-no-primeiro-ano-tem-isencao-comeca-a-pagar-depois,,,,No primeiro ano tem isenção. Começa a pagar depois.,In the first year you're exempt. You start paying afterwards.,第一年豁免。之后才开始缴納。,第一年豁免。之後才開始繳納。,,,,,
seguranca_social,Segurança Social,dialogo,,225,dialogo-seguranca-social-e-se-um-mes-nao-tiver-rendimentos,,,,E se um mês não tiver rendimentos?,And if one month I have no income?,如果某个月没有收入呢？,如果某個月沒有收入呢？,,,,,
seguranca_social,Segurança Social,dialogo,,226,dialogo-seguranca-social-declara-na-mesma-o-valor-ajusta-se-ao-que-declarar,,,,Declara na mesma — o valor ajusta-se ao que declarar.,You still declare — the amount adjusts to what you report.,照样申報——金额按您申報的收入调整。,照樣申報——金額按您申報的收入調整。,,,,,
seguranca_social,Segurança Social,cartao,,47,cartao-seguranca-social-venho-pedir-o-niss-tenho-contrato-de-trabalho,,,,Venho pedir o NISS — tenho contrato de trabalho.,I'm here to apply for a NISS — I have a work contract.,我來申请社保号——我有劳动合同。,我來申請社保號——我有勞動合同。,,,,,
seguranca_social,Segurança Social,cartao,,48,cartao-seguranca-social-trago-passaporte-e-comprovativo-de-morada,,,,Trago passaporte e comprovativo de morada.,I have my passport and proof of address.,我带了护照和住址证明。,我帶了護照和住址證明。,,,,,
seguranca_social,Segurança Social,cartao,,49,cartao-seguranca-social-preciso-de-uma-declaracao-de-situacao-contributiva,,,,Preciso de uma declaração de situação contributiva.,I need a statement of my contributions status.,我需要一份供款状况声明。,我需要一份供款狀況聲明。,,,,,
seguranca_social,Segurança Social,cartao,,50,cartao-seguranca-social-trabalho-a-recibos-verdes,,,,Trabalho a recibos verdes.,I work freelance (green receipts).,我是开綠色收据的自雇人士。,我是開綠色收據的自僱人士。,,,,,
seguranca_social,Segurança Social,cartao,,51,cartao-seguranca-social-como-peco-o-abono-de-familia,,,,Como peço o abono de família?,How do I apply for the family allowance?,家庭津贴怎么申请？,家庭津貼怎麼申請？,,,,,
seguranca_social,Segurança Social,cartao,,131,cartao-seguranca-social-quero-pedir-a-licenca-parental,,,,Quero pedir a licença parental.,I want to apply for parental leave.,我想申请育儿假。,我想申請育兒假。,,,,,
seguranca_social,Segurança Social,cartao,,132,cartao-seguranca-social-quando-entrego-a-declaracao-trimestral,,,,Quando entrego a declaração trimestral?,When do I file the quarterly declaration?,季度申報什么时候交？,季度申報什麼時候交？,,,,,
seguranca_social,Segurança Social,cartao,,133,cartao-seguranca-social-tenho-isencao-no-primeiro-ano-de-atividade,,,,Tenho isenção no primeiro ano de atividade?,Am I exempt in my first year of activity?,开业第一年可以豁免供款吗？,開業第一年可以豁免供款嗎？,,,,,
seguranca_social,Segurança Social,cartao,,134,cartao-seguranca-social-quero-atualizar-o-iban-para-os-pagamentos,,,,Quero atualizar o IBAN para os pagamentos.,I want to update my IBAN for payments.,我想更新收款的IBAN。,我想更新收款的IBAN。,,,,,
seguranca_social,Segurança Social,cartao,,135,cartao-seguranca-social-como-peco-o-abono-de-familia-para-o-meu-filho,,,,Quero pedir o abono de família para o meu filho. O que tenho de fazer?,I want to apply for family allowance for my child. What do I need to do?,我想给孩子申请家庭津贴。我需要怎么做？,我想給孩子申請家庭津貼。我需要怎麼做？,,,,,
seguranca_social,Segurança Social,cartao,useful situation example,401,cartao-seguranca_social-onde-posso-encontrar-informacoes-sobre-a-declaracao-trimestral,,,,Onde posso encontrar informações sobre a declaração trimestral?,Where can I find information about quarterly declaration (self-employed)?,我可以在哪里查到有关季度申報（自雇）的信息？,我可以在哪裡查到有關季度申報（自僱）的資訊？,,,,,
seguranca_social,Segurança Social,cartao,useful situation example,402,cartao-seguranca_social-onde-posso-encontrar-informacoes-sobre-o-registo-do-nascimento,,,,Gostaria de saber mais sobre o registo do nascimento.,I would like to know more about birth registration.,我想进一步了解出生登记。,我想進一步了解出生登記。,,,,,
seguranca_social,Segurança Social,cartao,useful situation example,403,cartao-seguranca_social-onde-posso-encontrar-informacoes-sobre-o-plano-prestacional,,,,Quem me pode orientar sobre o plano prestacional?,Who can advise me about instalment plan?,关于分期还款计划，谁可以给我指引？,關於分期還款計劃，誰可以給我指引？,,,,,
seguranca_social,Segurança Social,cartao,useful situation example,404,cartao-seguranca_social-pode-dar-me-informacoes-sobre-o-balcao-da-seguranca-social,,,,Pode dar-me informações sobre o balcão da Segurança Social?,Could you give me information about Social Security counter?,可以告诉我有关社保局柜台的信息吗？,可以告訴我有關社保局櫃檯的資訊嗎？,,,,,
seguranca_social,Segurança Social,cartao,useful situation example,405,cartao-seguranca_social-onde-posso-encontrar-informacoes-sobre-a-baixa-por-doenca,,,,Tenho uma questão relacionada com a baixa por doença.,I have a question related to paid sick leave.,我有一个与病假津贴有关的问题。,我有一個與病假津貼有關的問題。,,,,,
seguranca_social,Segurança Social,cartao,useful situation example,406,cartao-seguranca_social-pode-dar-me-informacoes-sobre-o-trabalhador-independente,,,,Consegue ajudar-me com uma dúvida sobre o trabalhador independente?,Can you help me with a question about self-employed worker?,您能帮我解答一个有关自雇人士的问题吗？,您能幫我解答一個有關自僱人士的問題嗎？,,,,,
seguranca_social,Segurança Social,cartao,useful situation example,407,cartao-seguranca_social-pode-dar-me-informacoes-sobre-a-isencao-de-contribuicoes,,,,A quem posso pedir esclarecimentos sobre a isenção de contribuições?,Who can I ask for clarification about contributions exemption?,关于供款豁免，我可以向谁咨询？,關於供款豁免，我可以向誰查詢？,,,,,
seguranca_social,Segurança Social,cartao,useful situation example,408,cartao-seguranca_social-onde-posso-encontrar-informacoes-sobre-os-descontos,,,,Pode explicar-me melhor o que preciso de saber sobre os descontos?,Could you explain what I need to know about (social security) contributions?,您能说明我需要了解社保供款（扣缴）的哪些信息吗？,您能說明我需要了解社保供款（扣繳）的哪些資訊嗎？,,,,,
seguranca_social,Segurança Social,cartao,useful situation example,409,cartao-seguranca_social-pode-dar-me-informacoes-sobre-o-abono-pre-natal,,,,Onde posso obter ajuda para questões sobre o abono pré-natal?,Where can I get help with questions about prenatal allowance?,我可以在哪里获得有关产前津贴的帮助？,我可以在哪裡獲得有關產前津貼的協助？,,,,,
seguranca_social,Segurança Social,cartao,useful situation example,410,cartao-seguranca_social-pode-dar-me-informacoes-sobre-o-comprovativo,,,,Preciso de confirmar uma informação sobre o comprovativo.,I need to confirm some information about proof / receipt (of application).,我需要确认一些有关申请憑证的信息。,我需要確認一些有關申請憑證的資訊。,,,,,
supermercado_mercado,Supermercado e Mercado,vocabulario,,,az-0247,m5-supermercado,noun,m,o supermercado,supermarket,超市,超級市場,Vou ao supermercado.,I am going to the supermarket.,我去超市。,我去超市。,
supermercado_mercado,Supermercado e Mercado,vocabulario,,,az-0134,m2-ir-compras,,,ir às compras,to go shopping,去购物,去購物,Vou às compras ao sábado.,I go shopping on Saturdays.,我周六去购物。,我週六去購物。,
supermercado_mercado,Supermercado e Mercado,vocabulario,,,az-0155,m3-mercearia,noun,f,a mercearia,grocery shop,杂货店,雜貨店,Vou à mercearia.,I am going to the grocery shop.,我去杂货店。,我去雜貨店。,
supermercado_mercado,Supermercado e Mercado,vocabulario,,,az-0156,m3-padaria,noun,f,a padaria,bakery,面包店,麵包店,Compro pão na padaria.,I buy bread at the bakery.,我在面包店买面包。,我在麵包店買麵包。,
supermercado_mercado,Supermercado e Mercado,vocabulario,,,az-0157,m3-talho,noun,m,o talho,butcher's,肉店,肉店,Compro carne no talho.,I buy meat at the butcher's.,我在肉店买肉。,我在肉店買肉。,
supermercado_mercado,Supermercado e Mercado,vocabulario,,,az-0158,m3-peixaria,noun,f,a peixaria,fish shop,鱼店,魚店,Compro peixe na peixaria.,I buy fish at the fish shop.,我在鱼店买鱼。,我在魚店買魚。,
supermercado_mercado,Supermercado e Mercado,vocabulario,,,az-0146,m3-maca,noun,f,a maçã,apple,苹果,蘋果,A maçã é melhor do que as limas.,The apple is better than the limes.,苹果比青柠更好。,蘋果比青檸更好。,
supermercado_mercado,Supermercado e Mercado,vocabulario,,,az-0147,m3-banana,noun,f,a banana,banana,香蕉,香蕉,Compro bananas.,I buy bananas.,我买香蕉。,我買香蕉。,
supermercado_mercado,Supermercado e Mercado,vocabulario,,,az-0148,m3-queijo,noun,m,o queijo,cheese,奶酪,起司,Quero um queijo fresco.,I want a fresh cheese.,我想要一块新鲜奶酪。,我想要一塊新鮮起司。,
supermercado_mercado,Supermercado e Mercado,vocabulario,,,az-0149,m3-carne-vaca,noun,f,a carne de vaca,beef,牛肉,牛肉,A carne de vaca está no talho.,The beef is at the butcher's.,牛肉在肉店。,牛肉在肉店。,
supermercado_mercado,Supermercado e Mercado,vocabulario,,,az-0150,m3-frango,noun,m,o frango,chicken,鸡肉,雞肉,Quero frango assado.,I want roast chicken.,我想要烤鸡。,我想要烤雞。,
supermercado_mercado,Supermercado e Mercado,vocabulario,,,az-0137,m3-agua,noun,f,a água,water,水,水,Ponha água na panela.,Put water in the pot.,请把水倒进锅里。,請把水倒進鍋裡。,
supermercado_mercado,Supermercado e Mercado,vocabulario,,,az-0138,m3-acucar,noun,m,o açúcar,sugar,糖,糖,Preciso de um pacote de açúcar.,I need a packet of sugar.,我需要一包糖。,我需要一包糖。,
supermercado_mercado,Supermercado e Mercado,vocabulario,,,az-0139,m3-arroz,noun,m,o arroz,rice,米,白飯,Queria dois quilos de arroz.,I would like two kilos of rice.,我想要两公斤米。,我想要兩公斤米。,
supermercado_mercado,Supermercado e Mercado,vocabulario,,,az-0140,m3-azeite,noun,m,o azeite,olive oil,橄榄油,橄欖油,Queria uma garrafa de azeite.,I would like a bottle of olive oil.,我想要一瓶橄榄油。,我想要一瓶橄欖油。,
supermercado_mercado,Supermercado e Mercado,vocabulario,,,az-0141,m3-leite,noun,m,o leite,milk,牛奶,牛奶,Compro quatro pacotes de leite.,I buy four cartons of milk.,我买四盒牛奶。,我買四盒牛奶。,
supermercado_mercado,Supermercado e Mercado,vocabulario,,,az-0142,m3-pao-forma,noun,m,o pão de forma,sliced bread,切片面包,切片麵包,Compro pão de forma.,I buy sliced bread.,我买切片面包。,我買切片麵包。,
supermercado_mercado,Supermercado e Mercado,vocabulario,,,az-0143,m3-cebola,noun,f,a cebola,onion,洋葱,洋蔥,As cebolas são baratas.,The onions are cheap.,洋葱很便宜。,洋蔥很便宜。,
supermercado_mercado,Supermercado e Mercado,vocabulario,,,az-0144,m3-alho,noun,m,o alho,garlic,蒜,蒜,Compro alhos no mercado.,I buy garlic at the market.,我在市场买大蒜。,我在市場買大蒜。,
supermercado_mercado,Supermercado e Mercado,vocabulario,,,az-0145,m3-tomate,noun,m,o tomate,tomato,番茄,番茄,Queria duas latas de tomate pelado.,I would like two cans of peeled tomatoes.,我想要两罐去皮番茄。,我想要兩罐去皮番茄。,
supermercado_mercado,Supermercado e Mercado,vocabulario,,,az-0165,m3-prazo-validade,noun,m,o prazo de validade,expiry date,到期日,到期日,Qual é o prazo de validade?,What is the expiry date?,有效期到什么时候？,有效期限到什麼時候？,
supermercado_mercado,Supermercado e Mercado,vocabulario,,,az-0161,m3-talao,noun,m,o talão,receipt,收据,收據,Aqui tem o talão.,Here is the receipt.,这是您的收据。,這是您的收據。,
supermercado_mercado,Supermercado e Mercado,vocabulario,,,az-0162,m3-fatura,noun,f,a fatura,invoice,发票,發票,Pode dar-me uma fatura?,Can you give me an invoice?,可以给我一张发票吗？,可以給我一張發票嗎？,
supermercado_mercado,Supermercado e Mercado,vocabulario,,,az-0163,m3-contribuinte,noun,m,o número de contribuinte,tax number,税号,稅號,O meu número de contribuinte é 243 333 218.,My tax number is 243 333 218.,我的税号是 243 333 218。,我的稅號是 243 333 218。,
supermercado_mercado,Supermercado e Mercado,vocabulario,,,az-0154,m3-cartao-multibanco,noun,m,o cartão multibanco,debit card,借记卡,金融卡,Posso pagar com o multibanco?,Can I pay by debit card?,我可以用借记卡付款吗？,我可以用金融卡付款嗎？,
supermercado_mercado,Supermercado e Mercado,vocabulario,,,az-0260,m5-troco,noun,m,o troco,change,找零,找零,Ele dá-me o troco.,He gives me the change.,他把零钱找给我。,他把零錢找給我。,
supermercado_mercado,Supermercado e Mercado,vocabulario,,,az-0829,situacao-pesar,,,pesar,to weigh,稱重,稱重,,,,,
supermercado_mercado,Supermercado e Mercado,vocabulario,,,az-0830,situacao-o-peso,noun,m,o peso,weight,重量,重量,,,,,
supermercado_mercado,Supermercado e Mercado,vocabulario,,,az-0169,m3-caro,,,caro,expensive,昂贵的,昂貴的,Este produto é caro.,This product is expensive.,这个产品很贵。,這個產品很貴。,
supermercado_mercado,Supermercado e Mercado,vocabulario,,,az-0170,m3-barato,,,barato,cheap,便宜的,便宜的,As peras são menos caras.,The pears are less expensive.,梨比较便宜。,梨比較便宜。,
supermercado_mercado,Supermercado e Mercado,dialogo,,403,dialogo-supermercado_mercado-bom-dia-onde-encontro-o-leite-sem-lactose,,,,Bom dia. Onde encontro o leite sem lactose?,Good morning. Where can I find lactose-free milk?,早上好。无乳糖牛奶在哪里？,早晨。無乳糖牛奶在哪裡？,,,,,
supermercado_mercado,Supermercado e Mercado,dialogo,,404,dialogo-supermercado_mercado-fica-no-corredor-seis-ao-lado-dos-iogurtes,,,,"Fica no corredor seis, ao lado dos iogurtes.","It's in aisle six, next to the yoghurts.",在六号通道，酸奶旁边。,在六號通道，乳酪旁邊。,,,,,
supermercado_mercado,Supermercado e Mercado,dialogo,,405,dialogo-supermercado_mercado-e-este-tomate-e-vendido-ao-quilo,,,,E estes tomates vendem-se ao quilo?,And are these tomatoes sold by the kilo?,这些西红柿按公斤卖吗？,這些番茄按公斤賣嗎？,,,,,
supermercado_mercado,Supermercado e Mercado,dialogo,,406,dialogo-supermercado_mercado-sim-tem-de-o-pesar-antes-de-ir-para-a-caixa,,,,Sim. Tem de os pesar antes de ir para a caixa.,Yes. You need to weigh them before going to the checkout.,是的，结账前需要先称重。,是的，付款前需要先磅重。,,,,,
supermercado_mercado,Supermercado e Mercado,dialogo,,407,dialogo-supermercado_mercado-este-produto-esta-em-promocao,,,,Este produto está em promoção?,Is this product on special offer?,这个商品在促销吗？,這件商品有促銷嗎？,,,,,
supermercado_mercado,Supermercado e Mercado,dialogo,,408,dialogo-supermercado_mercado-sim-mas-so-com-o-cartao-da-loja,,,,"Sim, mas só com o cartão da loja.","Yes, but only with the store card.",是的，但仅限使用会员卡。,是的，但只限使用會員卡。,,,,,
supermercado_mercado,Supermercado e Mercado,dialogo,,409,dialogo-supermercado_mercado-queria-fatura-com-numero-de-contribuinte-por-favor,,,,"Queria fatura com NIF, por favor.","I'd like a receipt with my NIF, please.",请在发票上填写我的税号。,請在發票上填寫我的稅號。,,,,,
supermercado_mercado,Supermercado e Mercado,dialogo,,410,dialogo-supermercado_mercado-claro-pode-indicar-o-nif,,,,Claro. Pode indicar o NIF?,Of course. Can you give me the NIF?,当然，请告诉我税号。,當然，請告訴我稅號。,,,,,
supermercado_mercado,Supermercado e Mercado,dialogo,expanded real-world coverage,615,dialogo-supermercado_mercado-desculpe-esta-embalagem-esta-aberta-posso-troca-la,,,,"Desculpe, esta embalagem está aberta. Posso trocá-la?","Excuse me, this package is open. Can I exchange it?",不好意思，这个包装开了，可以换吗？,不好意思，這個包裝開了，可以換嗎？,,,,,
supermercado_mercado,Supermercado e Mercado,dialogo,expanded real-world coverage,616,dialogo-supermercado_mercado-sim-leve-a-ao-apoio-ao-cliente-com-o-talao,,,,Sim. Leve-a ao apoio ao cliente com o talão.,Yes. Take it to customer service with the receipt.,可以，请带收据到顾客服务台。,可以，請帶收據到顧客服務處。,,,,,
supermercado_mercado,Supermercado e Mercado,dialogo,expanded real-world coverage,617,dialogo-supermercado_mercado-na-peixaria-pode-arranjar-este-peixe-para-grelhar,,,,"Na peixaria, pode arranjar este peixe para grelhar?","At the fish counter, can you prepare this fish for grilling?",在鱼柜台可以帮我把这条鱼处理好用来烤吗？,在魚檔可以幫我把這條魚處理好用來燒烤嗎？,,,,,
supermercado_mercado,Supermercado e Mercado,dialogo,expanded real-world coverage,618,dialogo-supermercado_mercado-claro-quer-sem-cabeca-e-aberto-ao-meio,,,,Claro. Quer sem cabeça e aberto ao meio?,Of course. Would you like the head removed and the fish split open?,可以。要去头并从中间剖开吗？,可以。要去頭並從中間切開嗎？,,,,,
supermercado_mercado,Supermercado e Mercado,dialogo,expanded real-world coverage,619,dialogo-supermercado_mercado-sim-por-favor-e-guarde-as-espinhas-a-parte,,,,"Sim, por favor. E guarde as espinhas à parte.","Yes, please. And keep the bones separately.",好的，也请把鱼骨另外装起来。,好的，也請把魚骨另外包起來。,,,,,
supermercado_mercado,Supermercado e Mercado,dialogo,expanded real-world coverage,620,dialogo-supermercado_mercado-com-certeza-fica-pronto-dentro-de-cinco-minutos,,,,Com certeza. Fica pronto dentro de cinco minutos.,Certainly. It will be ready in five minutes.,没问题，五分钟后就好。,沒問題，五分鐘後就好。,,,,,
supermercado_mercado,Supermercado e Mercado,dialogo,expanded real-world coverage,621,dialogo-supermercado_mercado-esta-caixa-e-so-para-quem-tem-menos-de-dez-artigos,,,,Esta caixa é só para quem tem menos de dez artigos?,Is this checkout only for people with fewer than ten items?,这个收银台只供少于十件商品的顾客使用吗？,這個收銀處只供少於十件貨品的顧客使用嗎？,,,,,
supermercado_mercado,Supermercado e Mercado,dialogo,expanded real-world coverage,622,dialogo-supermercado_mercado-sim-para-um-carrinho-cheio-use-a-caixa-seguinte,,,,"Sim. Para um carrinho cheio, use a caixa seguinte.","Yes. For a full trolley, use the next checkout.",是的。购物车装满的话，请用下一个收银台。,是的。購物車裝滿的話，請用下一個收銀處。,,,,,
supermercado_mercado,Supermercado e Mercado,dialogo,expanded real-world coverage,623,dialogo-supermercado_mercado-esqueci-me-de-pesar-as-macas-posso-voltar-atras,,,,Esqueci-me de pesar as maçãs. Posso voltar atrás?,I forgot to weigh the apples. Can I go back?,我忘了给苹果称重，可以回去称吗？,我忘了給蘋果磅重，可以回去磅嗎？,,,,,
supermercado_mercado,Supermercado e Mercado,dialogo,expanded real-world coverage,624,dialogo-supermercado_mercado-pode-deixo-a-compra-em-espera-enquanto-as-pesa,,,,Pode. Deixo a compra em espera enquanto as pesa.,Yes. I will hold the transaction while you weigh them.,可以。您去称重时，我先暂停结账。,可以。您去磅重時，我先暫停結帳。,,,,,
supermercado_mercado,Supermercado e Mercado,dialogo,expanded real-world coverage,625,dialogo-supermercado_mercado-o-desconto-nao-apareceu-no-total,,,,O desconto não apareceu no total.,The discount did not appear in the total.,折扣没有显示在总额里。,折扣沒有顯示在總額裡。,,,,,
supermercado_mercado,Supermercado e Mercado,dialogo,expanded real-world coverage,626,dialogo-supermercado_mercado-vou-confirmar-se-a-promocao-exige-o-cartao-da-loja,,,,Vou confirmar se a promoção exige o cartão da loja.,I will check whether the offer requires the store card.,我来确认这项优惠是否需要会员卡。,我來確認這項優惠是否需要會員卡。,,,,,
supermercado_mercado,Supermercado e Mercado,cartao,,267,cartao-supermercado_mercado-onde-encontro-este-produto,,,,Onde encontro este produto?,Where can I find this product?,这个商品在哪里？,這件商品在哪裡？,,,,,
supermercado_mercado,Supermercado e Mercado,cartao,,268,cartao-supermercado_mercado-pode-pesar-isto-por-favor,,,,"Pode pesar isto, por favor?","Can you weigh this, please?",可以帮我称一下吗？,可以幫我磅一下嗎？,,,,,
supermercado_mercado,Supermercado e Mercado,cartao,,269,cartao-supermercado_mercado-este-preco-e-por-quilo,,,,Este preço é por quilo?,Is this price per kilo?,这个价格是每公斤吗？,這個價錢是每公斤嗎？,,,,,
supermercado_mercado,Supermercado e Mercado,cartao,,270,cartao-supermercado_mercado-queria-fatura-com-nif,,,,Queria fatura com NIF.,I'd like a receipt with my NIF.,请开具含税号的发票。,請開具含稅號的發票。,,,,,
supermercado_mercado,Supermercado e Mercado,cartao,,271,cartao-supermercado_mercado-posso-pagar-com-cartao,,,,Posso pagar com cartão?,Can I pay by card?,可以刷卡吗？,可以用卡付款嗎？,,,,,
supermercado_mercado,Supermercado e Mercado,cartao,useful situation example,546,cartao-supermercado_mercado-posso-pagar-com-o-multibanco,,,,Posso pagar com o multibanco?,Can I pay by debit card?,我可以用借记卡付款吗？,我可以用金融卡付款嗎？,,,,,
supermercado_mercado,Supermercado e Mercado,cartao,useful situation example,547,cartao-supermercado_mercado-qual-e-o-prazo-de-validade,,,,Qual é o prazo de validade?,What is the expiry date?,有效期到什么时候？,有效期限到什麼時候？,,,,,
supermercado_mercado,Supermercado e Mercado,cartao,useful situation example,548,cartao-supermercado_mercado-preciso-de-esclarecer-uma-duvida-sobre-o-peso,,,,Preciso de esclarecer uma dúvida sobre o peso.,I have a question about weight.,我需要咨询有关重量的问题。,我需要查詢有關重量的問題。,,,,,
supermercado_mercado,Supermercado e Mercado,cartao,useful situation example,549,cartao-supermercado_mercado-pode-dar-me-uma-fatura,,,,Pode dar-me uma fatura?,Can you give me an invoice?,可以给我一张发票吗？,可以給我一張發票嗎？,,,,,
supermercado_mercado,Supermercado e Mercado,cartao,useful situation example,550,cartao-supermercado_mercado-queria-duas-latas-de-tomate-pelado,,,,Queria duas latas de tomate pelado.,I would like two cans of peeled tomatoes.,我想要两罐去皮番茄。,我想要兩罐去皮番茄。,,,,,
supermercado_mercado,Supermercado e Mercado,cartao,useful situation example,551,cartao-supermercado_mercado-preciso-de-um-pacote-de-acucar,,,,Preciso de um pacote de açúcar.,I need a packet of sugar.,我需要一包糖。,我需要一包糖。,,,,,
supermercado_mercado,Supermercado e Mercado,cartao,useful situation example,552,cartao-supermercado_mercado-queria-uma-garrafa-de-azeite,,,,Queria uma garrafa de azeite.,I would like a bottle of olive oil.,我想要一瓶橄榄油。,我想要一瓶橄欖油。,,,,,
supermercado_mercado,Supermercado e Mercado,cartao,useful situation example,553,cartao-supermercado_mercado-queria-dois-quilos-de-arroz,,,,Queria dois quilos de arroz.,I would like two kilos of rice.,我想要两公斤米。,我想要兩公斤米。,,,,,
supermercado_mercado,Supermercado e Mercado,cartao,useful situation example,554,cartao-supermercado_mercado-preciso-de-ajuda-para-pesar,,,,Preciso de ajuda para pesar.,I need help to weigh.,我需要协助稱重。,我需要協助稱重。,,,,,
supermercado_mercado,Supermercado e Mercado,cartao,useful situation example,555,cartao-supermercado_mercado-o-meu-numero-de-contribuinte-e-243-333-218,,,,O meu número de contribuinte é 243 333 218.,My tax number is 243 333 218.,我的税号是 243 333 218。,我的稅號是 243 333 218。,,,,,
supermercado_mercado,Supermercado e Mercado,cartao,useful situation example,556,cartao-supermercado_mercado-quero-um-queijo-fresco,,,,Quero um queijo fresco.,I want a fresh cheese.,我想要一块新鲜奶酪。,我想要一塊新鮮起司。,,,,,
supermercado_mercado,Supermercado e Mercado,cartao,useful situation example,557,cartao-supermercado_mercado-a-maca-e-melhor-do-que-as-limas,,,,Quanto custam as maçãs?,How much are the apples?,苹果多少钱？,蘋果多少錢？,,,,,
supermercado_mercado,Supermercado e Mercado,cartao,useful situation example,558,cartao-supermercado_mercado-compro-quatro-pacotes-de-leite,,,,"Levo quatro pacotes de leite, por favor.","I'll take four cartons of milk, please.",我要四盒牛奶。,我要四盒牛奶。,,,,,
supermercado_mercado,Supermercado e Mercado,cartao,useful situation example,559,cartao-supermercado_mercado-a-carne-de-vaca-esta-no-talho,,,,A carne de vaca está no talho.,The beef is at the butcher's.,牛肉在肉店。,牛肉在肉店。,,,,,
supermercado_mercado,Supermercado e Mercado,cartao,useful situation example,560,cartao-supermercado_mercado-quero-frango-assado,,,,Quero frango assado.,I want roast chicken.,我想要烤鸡。,我想要烤雞。,,,,,
telemovel_internet,Telemóvel e Internet,vocabulario,,,az-0017,m1-telefone,noun,m,o telefone,telephone,电话,電話,Qual é o seu número de telefone?,What is your telephone number?,您的电话号码是多少？,您的電話號碼是多少？,
telemovel_internet,Telemóvel e Internet,vocabulario,,,az-0018,m1-telemovel,noun,m,o telemóvel,mobile phone,手机/移动电话,手機/行動電話,O meu telemóvel é novo.,My mobile phone is new.,我的手机是新的。,我的手機是新的。,
telemovel_internet,Telemóvel e Internet,vocabulario,,,az-0254,m5-atender,,,atender,to answer,接电话,接電話,Não atenda o telemóvel.,Do not answer the mobile phone.,不要接手机。,不要接手機。,
telemovel_internet,Telemóvel e Internet,vocabulario,,,az-0255,m5-desligar,,,desligar,to turn off,关闭,關閉,Desligue o telemóvel.,Turn off the mobile phone.,请关掉手机。,請關掉手機。,
telemovel_internet,Telemóvel e Internet,vocabulario,,,az-0460,m9-falar-telemovel,,,falar ao telemóvel,to talk on the mobile phone,用手机通话,用手機通話,As pessoas falam ao telemóvel.,People talk on mobile phones.,人们用手机通话。,人們用手機通話。,
telemovel_internet,Telemóvel e Internet,vocabulario,,,az-0482,m10-navegar-na-net,,,navegar na net,to browse the internet,浏览互联网,瀏覽網路,Eu tenho navegado na net.,I have been browsing the internet.,我最近一直在上网。,我最近一直在上網。,
telemovel_internet,Telemóvel e Internet,vocabulario,,,az-0506,m11-mensagem,noun,f,a mensagem,message,信息,訊息,Mandei uma mensagem.,I sent a message.,我发了一条消息。,我發了一則訊息。,
telemovel_internet,Telemóvel e Internet,vocabulario,,,az-0509,m11-email,noun,m,o e-mail,email,电子邮件,電子郵件,Enviei o currículo por e-mail.,I sent the resume by email.,我通过电子邮件发送了简历。,我透過電子郵件寄出了履歷。,
telemovel_internet,Telemóvel e Internet,vocabulario,,,az-0620,situacao-a-senha-de-acesso,noun,f,a senha de acesso,access password (portal login),登入密码,登入密碼,,,,,
telemovel_internet,Telemóvel e Internet,vocabulario,,,az-0781,situacao-a-aplicacao-a-app,noun,f,a aplicação / a app,the app,应用程式,應用程式,,,,,
telemovel_internet,Telemóvel e Internet,vocabulario,,,az-0972,situacao-avariado-a,,,avariado/a,broken / out of order,坏了／故障,壞了／故障,,,,,
telemovel_internet,Telemóvel e Internet,vocabulario,,,az-1011,situacao-reportar-uma-avaria,,,reportar uma avaria,to report a fault,報修,報修,,,,,
telemovel_internet,Telemóvel e Internet,vocabulario,,,az-1053,situacao-remarcar,,,remarcar,to reschedule,改期,改期,,,,,
telemovel_internet,Telemóvel e Internet,vocabulario,,,az-1054,situacao-avisar-com-antecedencia,,,avisar com antecedência,to give advance notice,提前通知,提前通知,,,,,
telemovel_internet,Telemóvel e Internet,vocabulario,,,az-1134,situacao-o-contrato,noun,m,o contrato,contract,合约,合約,Li o contrato todo.,I read the entire contract.,我把合约全看了。,我把合約全看了。,
telemovel_internet,Telemóvel e Internet,vocabulario,,,az-1277,situacao-o-cartao-sim,noun,m,o cartão SIM,SIM card,SIM卡,SIM卡,Preciso de um cartão SIM português.,I need a Portuguese SIM card.,我需要一张葡萄牙SIM卡。,我需要一張葡萄牙SIM卡。,
telemovel_internet,Telemóvel e Internet,vocabulario,,,az-1278,situacao-o-tarifario,noun,m,o tarifário,mobile plan,手机套餐,手機方案,Este tarifário inclui chamadas e dados móveis.,This plan includes calls and mobile data.,这个套餐包括通话和移动数据。,這個方案包括通話和行動數據。,
telemovel_internet,Telemóvel e Internet,vocabulario,,,az-1279,situacao-pre-pago,,,pré-pago,prepaid,预付费的,預付費的,Prefiro um cartão pré-pago sem contrato.,I prefer a prepaid card without a contract.,我想要无需合同的预付费卡。,我想要無需合約的預付費卡。,
telemovel_internet,Telemóvel e Internet,vocabulario,,,az-1280,situacao-pos-pago,,,pós-pago,postpaid,后付费的,後付費的,O tarifário pós-pago tem fidelização.,The postpaid plan has a lock-in period.,后付费套餐有合约期。,後付費方案有綁約期。,
telemovel_internet,Telemóvel e Internet,vocabulario,,,az-1281,situacao-os-dados-moveis,noun,m-pl,os dados móveis,mobile data,移动数据,行動數據,Os dados móveis acabaram antes do fim do mês.,My mobile data ran out before the end of the month.,我的移动数据月底前就用完了。,我的行動數據月底前就用完了。,
telemovel_internet,Telemóvel e Internet,vocabulario,,,az-1282,situacao-a-rede,noun,f,a rede,network,网络,網絡,A rede está em baixo nesta zona.,The network is down in this area.,这个地区的网络中断了。,這個地區的網絡中斷了。,
telemovel_internet,Telemóvel e Internet,vocabulario,,,az-1283,situacao-a-cobertura,noun,f,a cobertura,coverage,信号覆盖,訊號覆蓋,Há pouca cobertura dentro de casa.,There is poor coverage inside the house.,屋内信号覆盖很差。,屋內訊號覆蓋很差。,
telemovel_internet,Telemóvel e Internet,vocabulario,,,az-1284,situacao-o-sinal,noun,m,o sinal,signal,信号,訊號,O sinal do Wi-Fi não chega ao quarto.,The Wi-Fi signal does not reach the bedroom.,Wi-Fi信号到不了卧室。,Wi-Fi訊號到不了睡房。,
telemovel_internet,Telemóvel e Internet,vocabulario,,,az-1285,situacao-o-router,noun,m,o router,router,路由器,路由器,Reinicie o router e espere dois minutos.,Restart the router and wait two minutes.,请重启路由器并等待两分钟。,請重啟路由器並等待兩分鐘。,
telemovel_internet,Telemóvel e Internet,vocabulario,,,az-1286,situacao-a-palavra-passe-do-wi-fi,noun,f,a palavra-passe do Wi-Fi,Wi-Fi password,Wi-Fi密码,Wi-Fi密碼,Qual é a palavra-passe do Wi-Fi?,What is the Wi-Fi password?,Wi-Fi密码是什么？,Wi-Fi密碼是甚麼？,
telemovel_internet,Telemóvel e Internet,vocabulario,,,az-1287,situacao-a-fibra,noun,f,a fibra,fibre broadband,光纤宽带,光纖寬頻,A fibra ainda não está disponível nesta morada.,Fibre is not yet available at this address.,这个地址尚未开通光纤。,這個地址尚未開通光纖。,
telemovel_internet,Telemóvel e Internet,vocabulario,,,az-1288,situacao-a-instalacao,noun,f,a instalação,installation,安装,安裝,A instalação ficou marcada para sexta-feira.,The installation was booked for Friday.,安装预约在星期五。,安裝預約在星期五。,
telemovel_internet,Telemóvel e Internet,vocabulario,,,az-1289,situacao-o-tecnico,noun,m,o técnico,technician,技术人员,技術人員,O técnico liga antes de chegar.,The technician will call before arriving.,技术人员到达前会打电话。,技術人員到達前會打電話。,
telemovel_internet,Telemóvel e Internet,vocabulario,,,az-1290,situacao-o-periodo-de-fidelizacao,noun,m,o período de fidelização,lock-in period,合约期,綁約期,O período de fidelização é de vinte e quatro meses.,The lock-in period is twenty-four months.,合约期为二十四个月。,綁約期為二十四個月。,
telemovel_internet,Telemóvel e Internet,vocabulario,,,az-1291,situacao-a-portabilidade-do-numero,noun,f,a portabilidade do número,number porting,携号转网,攜號轉台,Pedi a portabilidade do meu número antigo.,I requested to port my old number.,我申请保留原来的号码转网。,我申請保留原來的號碼轉台。,
telemovel_internet,Telemóvel e Internet,dialogo,,443,dialogo-telemovel_internet-bom-dia-queria-internet-para-esta-morada,,,,Bom dia. Queria internet para esta morada.,Good morning. I'd like internet service at this address.,早上好。我想为这个地址办理网络。,早晨。我想為這個地址申請上網服務。,,,,,
telemovel_internet,Telemóvel e Internet,dialogo,,444,dialogo-telemovel_internet-vou-verificar-se-ha-cobertura-de-fibra,,,,Vou verificar se há cobertura de fibra.,I'll check whether fibre is available.,我来查看是否有光纤覆盖。,我來查看是否有光纖覆蓋。,,,,,
telemovel_internet,Telemóvel e Internet,dialogo,,445,dialogo-telemovel_internet-ha-fibra-o-tarifario-tem-fidelizacao,,,,Há fibra. O tarifário tem fidelização?,Fibre is available. Does the plan have a lock-in period?,有光纤。这个套餐有合约期吗？,有光纖。這個方案有綁約期嗎？,,,,,
telemovel_internet,Telemóvel e Internet,dialogo,,446,dialogo-telemovel_internet-sim-durante-vinte-e-quatro-meses,,,,"Sim, durante vinte e quatro meses.","Yes, for twenty-four months.",有，二十四个月。,有，二十四個月。,,,,,
telemovel_internet,Telemóvel e Internet,dialogo,,447,dialogo-telemovel_internet-e-quanto-tempo-demora-a-instalacao,,,,E quanto tempo demora a instalação?,And how long does installation take?,安装需要多长时间？,安裝需要多長時間？,,,,,
telemovel_internet,Telemóvel e Internet,dialogo,,448,dialogo-telemovel_internet-o-tecnico-pode-ir-na-proxima-terca-feira-de-manha,,,,O técnico pode ir na próxima terça-feira de manhã.,The technician can go next Tuesday morning.,技术人员下周二上午可以上门。,技術人員下星期二上午可以上門。,,,,,
telemovel_internet,Telemóvel e Internet,dialogo,,449,dialogo-telemovel_internet-preciso-de-ficar-em-casa-durante-toda-a-manha,,,,Preciso de ficar em casa durante toda a manhã?,Do I need to stay home all morning?,我需要整个上午都在家吗？,我需要整個上午都在家嗎？,,,,,
telemovel_internet,Telemóvel e Internet,dialogo,,450,dialogo-telemovel_internet-ele-liga-cerca-de-meia-hora-antes-de-chegar,,,,Ele liga cerca de meia hora antes de chegar.,He'll call about half an hour before arriving.,他会在到达前约半小时打电话。,他會在到達前約半小時致電。,,,,,
telemovel_internet,Telemóvel e Internet,dialogo,expanded real-world coverage,675,dialogo-telemovel_internet-queria-um-cartao-pre-pago-sem-periodo-de-fidelizacao,,,,Queria um cartão pré-pago sem período de fidelização.,I would like a prepaid SIM with no lock-in period.,我想要一张没有合约期的预付费 SIM 卡。,我想要一張沒有綁約期的預付費 SIM 卡。,,,,,
telemovel_internet,Telemóvel e Internet,dialogo,expanded real-world coverage,676,dialogo-telemovel_internet-precisa-sobretudo-de-chamadas-ou-de-dados-moveis,,,,Precisa sobretudo de chamadas ou de dados móveis?,Do you mainly need calls or mobile data?,您主要需要通话还是移动数据？,您主要需要通話還是流動數據？,,,,,
telemovel_internet,Telemóvel e Internet,dialogo,expanded real-world coverage,677,dialogo-telemovel_internet-preciso-de-muitos-dados-e-de-usar-o-telemovel-noutros-paises-da-uniao-europeia,,,,Preciso de muitos dados e de usar o telemóvel noutros países da União Europeia.,I need plenty of data and to use the phone in other EU countries.,我需要较多流量，并会在其他欧盟国家使用。,我需要較多數據，並會在其他歐盟國家使用。,,,,,
telemovel_internet,Telemóvel e Internet,dialogo,expanded real-world coverage,678,dialogo-telemovel_internet-este-tarifario-inclui-roaming-na-uniao-europeia-sujeito-a-politica-de-utilizacao-responsavel,,,,"Este tarifário inclui roaming na União Europeia, sujeito à política de utilização responsável.","This plan includes EU roaming, subject to the fair-use policy.",这个套餐包括欧盟漫游，但受公平使用政策限制。,這個計劃包括歐盟漫遊，但受公平使用政策限制。,,,,,
telemovel_internet,Telemóvel e Internet,dialogo,expanded real-world coverage,679,dialogo-telemovel_internet-posso-manter-o-meu-numero-atual,,,,Posso manter o meu número atual?,Can I keep my current number?,我可以保留现在的号码吗？,我可以保留現有號碼嗎？,,,,,
telemovel_internet,Telemóvel e Internet,dialogo,expanded real-world coverage,680,dialogo-telemovel_internet-sim-para-a-portabilidade-precisamos-do-codigo-de-validacao-da-operadora-atual,,,,"Sim. Para a portabilidade, precisamos do código de validação da operadora atual.","Yes. For number porting, we need the validation code from your current provider.",可以。携号转网需要现运营商的验证码。,可以。攜號轉台需要現有電訊商的驗證碼。,,,,,
telemovel_internet,Telemóvel e Internet,dialogo,expanded real-world coverage,681,dialogo-telemovel_internet-em-casa-o-wi-fi-cai-varias-vezes-por-dia,,,,"Em casa, o Wi-Fi cai várias vezes por dia.","At home, the Wi-Fi drops several times a day.",家里的 Wi-Fi 每天会断几次。,家裡的 Wi-Fi 每天會斷線幾次。,,,,,
telemovel_internet,Telemóvel e Internet,dialogo,expanded real-world coverage,682,dialogo-telemovel_internet-as-luzes-do-router-mudam-quando-a-ligacao-cai,,,,As luzes do router mudam quando a ligação cai?,Do the router lights change when the connection drops?,断网时路由器指示灯会变化吗？,斷線時路由器指示燈會變化嗎？,,,,,
telemovel_internet,Telemóvel e Internet,dialogo,expanded real-world coverage,683,dialogo-telemovel_internet-a-luz-da-internet-fica-vermelha,,,,A luz da internet fica vermelha.,The internet light turns red.,网络指示灯会变红。,網絡指示燈會變紅。,,,,,
telemovel_internet,Telemóvel e Internet,dialogo,expanded real-world coverage,684,dialogo-telemovel_internet-vamos-fazer-um-teste-remoto-e-se-necessario-marcar-um-tecnico,,,,"Vamos fazer um teste remoto e, se necessário, marcar um técnico.","We will run a remote test and, if needed, book a technician.",我们会进行远程测试，必要时预约技术人员。,我們會進行遙距測試，必要時預約技術人員。,,,,,
telemovel_internet,Telemóvel e Internet,dialogo,expanded real-world coverage,685,dialogo-telemovel_internet-a-visita-tecnica-tem-algum-custo,,,,A visita técnica tem algum custo?,Is there a charge for the technician's visit?,技术人员上门收费吗？,技術人員上門收費嗎？,,,,,
telemovel_internet,Telemóvel e Internet,dialogo,expanded real-world coverage,686,dialogo-telemovel_internet-so-ha-cobranca-se-a-avaria-nao-for-da-rede-ou-do-equipamento-fornecido,,,,Só há cobrança se a avaria não for da rede ou do equipamento fornecido.,There is only a charge if the fault is not in the network or supplied equipment.,只有故障不属于网络或供应设备时才会收费。,只有故障不屬於網絡或供應設備時才會收費。,,,,,
telemovel_internet,Telemóvel e Internet,cartao,,292,cartao-telemovel_internet-queria-um-cartao-pre-pago,,,,Queria um cartão pré-pago.,I'd like a prepaid SIM card.,我想要一张预付费卡。,我想要一張預付費卡。,,,,,
telemovel_internet,Telemóvel e Internet,cartao,,293,cartao-telemovel_internet-este-tarifario-tem-fidelizacao,,,,Este tarifário tem fidelização?,Does this plan have a lock-in period?,这个套餐有合约期吗？,這個方案有綁約期嗎？,,,,,
telemovel_internet,Telemóvel e Internet,cartao,,294,cartao-telemovel_internet-a-internet-esta-sempre-a-falhar,,,,A internet está sempre a falhar.,The internet keeps dropping out.,网络总是断线。,網絡經常斷線。,,,,,
telemovel_internet,Telemóvel e Internet,cartao,,295,cartao-telemovel_internet-o-router-nao-tem-sinal,,,,O router não tem sinal.,The router has no signal.,路由器没有信号。,路由器沒有訊號。,,,,,
telemovel_internet,Telemóvel e Internet,cartao,,296,cartao-telemovel_internet-quando-pode-vir-o-tecnico,,,,Quando pode vir o técnico?,When can the technician come?,技术人员什么时候能来？,技術人員甚麼時候能來？,,,,,
telemovel_internet,Telemóvel e Internet,cartao,useful situation example,621,cartao-telemovel_internet-pode-explicar-me-o-que-devo-fazer-para-avisar-com-antecedencia,,,,Com quanto tempo de antecedência tenho de avisar?,How much notice do I need to give?,我需要提前多久通知？,我需要提前多久通知？,,,,,
telemovel_internet,Telemóvel e Internet,cartao,useful situation example,622,cartao-telemovel_internet-qual-e-o-seu-numero-de-telefone,,,,Quero manter o meu número de telefone.,I want to keep my phone number.,我想保留现有的手机号码。,我想保留現有的手提電話號碼。,,,,,
telemovel_internet,Telemóvel e Internet,cartao,useful situation example,623,cartao-telemovel_internet-qual-e-a-palavra-passe-do-wi-fi,,,,Qual é a palavra-passe do Wi-Fi?,What is the Wi-Fi password?,Wi-Fi密码是什么？,Wi-Fi密碼是甚麼？,,,,,
telemovel_internet,Telemóvel e Internet,cartao,useful situation example,624,cartao-telemovel_internet-com-quem-devo-falar-sobre-a-senha-de-acesso,,,,Esqueci-me da senha de acesso.,I forgot my login password.,我忘记登录密码了。,我忘記登入密碼了。,,,,,
telemovel_internet,Telemóvel e Internet,cartao,useful situation example,625,cartao-telemovel_internet-preciso-de-ajuda-para-reportar-uma-avaria,,,,Preciso de ajuda para reportar uma avaria.,I need help to report a fault.,我需要协助報修。,我需要協助報修。,,,,,
telemovel_internet,Telemóvel e Internet,cartao,useful situation example,626,cartao-telemovel_internet-preciso-de-um-cartao-sim-portugues,,,,Preciso de um cartão SIM português.,I need a Portuguese SIM card.,我需要一张葡萄牙SIM卡。,我需要一張葡萄牙SIM卡。,,,,,
telemovel_internet,Telemóvel e Internet,cartao,useful situation example,627,cartao-telemovel_internet-e-possivel-remarcar-aqui,,,,Posso remarcar a instalação?,Can I reschedule the installation?,我可以改约安装时间吗？,我可以更改安裝預約嗎？,,,,,
telemovel_internet,Telemóvel e Internet,cartao,useful situation example,628,cartao-telemovel_internet-o-periodo-de-fidelizacao-e-de-vinte-e-quatro-meses,,,,O período de fidelização é de vinte e quatro meses.,The lock-in period is twenty-four months.,合约期为二十四个月。,綁約期為二十四個月。,,,,,
telemovel_internet,Telemóvel e Internet,cartao,useful situation example,629,cartao-telemovel_internet-a-fibra-ainda-nao-esta-disponivel-nesta-morada,,,,A fibra ainda não está disponível nesta morada.,Fibre is not yet available at this address.,这个地址尚未开通光纤。,這個地址尚未開通光纖。,,,,,
telemovel_internet,Telemóvel e Internet,cartao,useful situation example,630,cartao-telemovel_internet-este-tarifario-inclui-chamadas-e-dados-moveis,,,,Este tarifário inclui chamadas e dados móveis.,This plan includes calls and mobile data.,这个套餐包括通话和移动数据。,這個方案包括通話和行動數據。,,,,,
telemovel_internet,Telemóvel e Internet,cartao,useful situation example,631,cartao-telemovel_internet-os-dados-moveis-acabaram-antes-do-fim-do-mes,,,,Os dados móveis acabaram antes do fim do mês.,My mobile data ran out before the end of the month.,我的移动数据月底前就用完了。,我的行動數據月底前就用完了。,,,,,
telemovel_internet,Telemóvel e Internet,cartao,useful situation example,632,cartao-telemovel_internet-a-instalacao-ficou-marcada-para-sexta-feira,,,,A instalação ficou marcada para sexta-feira.,The installation was booked for Friday.,安装预约在星期五。,安裝預約在星期五。,,,,,
telemovel_internet,Telemóvel e Internet,cartao,useful situation example,633,cartao-telemovel_internet-pedi-a-portabilidade-do-meu-numero-antigo,,,,Pedi a portabilidade do meu número antigo.,I requested to port my old number.,我申请保留原来的号码转网。,我申請保留原來的號碼轉台。,,,,,
telemovel_internet,Telemóvel e Internet,cartao,useful situation example,634,cartao-telemovel_internet-prefiro-um-cartao-pre-pago-sem-contrato,,,,Prefiro um cartão pré-pago sem contrato.,I prefer a prepaid card without a contract.,我想要无需合同的预付费卡。,我想要無需合約的預付費卡。,,,,,
telemovel_internet,Telemóvel e Internet,cartao,useful situation example,635,cartao-telemovel_internet-reinicie-o-router-e-espere-dois-minutos,,,,Reinicie o router e espere dois minutos.,Restart the router and wait two minutes.,请重启路由器并等待两分钟。,請重啟路由器並等待兩分鐘。,,,,,
transportes,Transportes,vocabulario,,,az-0718,situacao-o-passe-navegante,noun,m,o passe (navegante),travel pass (navegante),月票（navegante卡）,月票（navegante卡）,,,,,Lisbon area system; Porto uses Andante
transportes,Transportes,vocabulario,,,az-0719,situacao-carregar-o-passe,,,carregar o passe,to top up the pass,给月票充值,給月票充值,,,,,
transportes,Transportes,vocabulario,,,az-0720,situacao-validar-o-bilhete,,,validar o bilhete,to validate the ticket,打卡验票,打卡驗票,,,,,Always validate — fines are heavy
transportes,Transportes,vocabulario,,,az-0721,situacao-a-maquina-de-venda,noun,f,a máquina de venda,ticket machine,售票机,售票機,,,,,
transportes,Transportes,vocabulario,,,az-0722,situacao-a-carreira-a-linha,noun,f,a carreira / a linha,bus route / line,公交线路,公交線路,,,,,
transportes,Transportes,vocabulario,,,az-0723,situacao-a-paragem,noun,f,a paragem,stop,车站（站点）,車站（站點）,,,,,
transportes,Transportes,vocabulario,,,az-0724,situacao-a-estacao,noun,f,a estação,station,车站（火车/地铁站）,車站（火車/地鐵站）,,,,,
transportes,Transportes,vocabulario,,,az-0725,situacao-o-fiscal,noun,m,o fiscal,ticket inspector,查票员,查票員,,,,,
transportes,Transportes,vocabulario,,,az-0726,situacao-a-multa,noun,f,a multa,fine,罚款,罰款,,,,,
transportes,Transportes,vocabulario,,,az-0679,situacao-o-horario,noun,m,o horário,timetable,时刻表,時刻表,,,,,
transportes,Transportes,vocabulario,,,az-0727,situacao-a-zona,noun,f,a zona,fare zone,票价区,票價區,,,,,
transportes,Transportes,vocabulario,,,az-0728,situacao-o-eletrico,noun,m,o elétrico,tram,有轨电车,有軌電車,,,,,
transportes,Transportes,vocabulario,,,az-0983,situacao-o-passe-mensal,noun,m,o passe mensal,monthly pass,月票,月票,,,,,
transportes,Transportes,vocabulario,,,az-0984,situacao-o-carregamento,noun,m,o carregamento,top-up,充值,充值,,,,,
transportes,Transportes,vocabulario,,,az-0985,situacao-o-comboio-urbano-regional-intercidades,noun,m,o comboio urbano / regional / intercidades,suburban / regional / intercity train,市郊火车／区域火车／城际火车,市郊火車／區域火車／城際火車,,,,,
transportes,Transportes,vocabulario,,,az-0986,situacao-a-plataforma-a-linha,noun,f,a plataforma / a linha,platform / track,月台／站台,月台／站台,,,,,
transportes,Transportes,vocabulario,,,az-0987,situacao-o-sentido,noun,m,o sentido,direction,方向,方向,,,,,
transportes,Transportes,vocabulario,,,az-0988,situacao-o-transbordo-a-correspondencia,noun,m,o transbordo / a correspondência,transfer / connection,换乘,換乘,,,,,
transportes,Transportes,vocabulario,,,az-0989,situacao-a-hora-de-ponta,noun,f,a hora de ponta,rush hour,高峰时段,高峰時段,,,,,
transportes,Transportes,vocabulario,,,az-0990,situacao-o-titulo-de-transporte,noun,m,o título de transporte,valid ticket / travel document,有效车票,有效車票,,,,,
transportes,Transportes,vocabulario,,,az-0991,situacao-viajar-sem-titulo,,,viajar sem título,to travel without a valid ticket,无票乘车,無票乘車,,,,,Fines are many times the fare
transportes,Transportes,vocabulario,,,az-0992,situacao-a-tarifa-reduzida-o-desconto,noun,f,a tarifa reduzida / o desconto,reduced fare / discount,优惠票价／折扣,優惠票價／折扣,,,,,
transportes,Transportes,vocabulario,,,az-0993,situacao-pedir-paragem,,,pedir paragem,to request the stop,按鈴下车,按鈴下車,,,,,Press the button or the bus won't stop
transportes,Transportes,vocabulario,,,az-0994,situacao-o-tvde-uber-bolt,noun,m,"o TVDE (Uber, Bolt…)","ride-hailing (Uber, Bolt…)",网约车,網約車,,,,,
transportes,Transportes,vocabulario,,,az-0108,,noun,m,o táxi,taxi,出租车,出租車,,,,,
transportes,Transportes,vocabulario,,,az-0995,situacao-a-estacao-de-metro-mais-proxima,noun,f,a estação de metro mais próxima,the nearest metro station,最近的地铁站,最近的地鐵站,,,,,
transportes,Transportes,vocabulario,,,az-0996,situacao-a-ultima-a-primeira-circulacao,noun,f,a última / a primeira circulação,last / first service of the day,末班车／首班车,末班車／首班車,,,,,
transportes,Transportes,vocabulario,,,az-0997,situacao-em-atraso-suprimido,,,em atraso / suprimido,delayed / cancelled,晚点／取消,晚點／取消,,,,,
transportes,Transportes,vocabulario,,,az-0998,situacao-a-greve,noun,f,a greve,strike,罢工,罷工,,,,,Check for transport strikes before travelling
transportes,Transportes,vocabulario,,,az-0999,situacao-o-lugar-reservado,noun,m,o lugar reservado,reserved seat,预留座位,預留座位,,,,,
transportes,Transportes,vocabulario,,,az-1000,situacao-o-bilhete-de-bordo,noun,m,o bilhete de bordo,ticket bought on board,车上购票,車上購票,,,,,
transportes,Transportes,vocabulario,,,az-1001,situacao-a-app-do-operador,noun,f,a app do operador,the operator's app,运營商应用程式,運營商應用程式,,,,,
transportes,Transportes,dialogo,,78,dialogo-transportes-boa-tarde-queria-fazer-o-passe-navegante,,,,"Boa tarde, queria fazer o passe navegante.","Good afternoon, I'd like to get a navegante pass.",下午好，我想办一张navegante月票。,下午好，我想辦一張navegante月票。,,,,,
transportes,Transportes,dialogo,,79,dialogo-transportes-precisa-de-uma-fotografia-e-de-um-documento-de-identif,,,,Precisa de uma fotografia e de um documento de identificação.,You need a photo and an ID document.,需要一张照片和一份身份证件。,需要一張照片和一份身份證件。,,,,,
transportes,Transportes,dialogo,,80,dialogo-transportes-posso-carregar-o-passe-mensal-ja-hoje,,,,Posso carregar o passe mensal já hoje?,Can I load the monthly pass today?,今天就可以充值月票吗？,今天就可以充值月票嗎？,,,,,
transportes,Transportes,dialogo,,81,dialogo-transportes-sim-na-maquina-ou-aqui-ao-balcao,,,,"Sim, na máquina ou aqui ao balcão.","Yes, at the machine or here at the counter.",可以，在售票机或这个柜台都行。,可以，在售票機或這個櫃檯都行。,,,,,
transportes,Transportes,dialogo,,82,dialogo-transportes-este-autocarro-vai-para-o-centro,,,,Este autocarro vai para o centro?,Does this bus go to the city centre?,这班公交去市中心吗？,這班公交去市中心嗎？,,,,,
transportes,Transportes,dialogo,,83,dialogo-transportes-vai-sim-nao-se-esqueca-de-validar-o-cartao-ao-entrar,,,,"Vai, sim. Não se esqueça de validar o cartão ao entrar.",It does. Don't forget to validate your card when boarding.,去的。上车別忘了打卡。,去的。上車別忘了打卡。,,,,,
transportes,Transportes,dialogo,,84,dialogo-transportes-onde-fica-a-paragem-para-o-sentido-contrario,,,,Onde fica a paragem para o sentido contrário?,Where is the stop for the opposite direction?,反方向的车站在哪里？,反方向的車站在哪裡？,,,,,
transportes,Transportes,dialogo,,239,dialogo-transportes-desculpe-de-que-linha-parte-o-comboio-para-o-porto,,,,"Desculpe, de que linha parte o comboio para o Porto?","Excuse me, which platform does the Porto train leave from?",请问去波爾图的火车从哪个站台出发？,請問去波爾圖的火車從哪個站台出發？,,,,,
transportes,Transportes,dialogo,,240,dialogo-transportes-da-linha-5-mas-esta-com-dez-minutos-de-atraso,,,,Da linha 5. Mas está com dez minutos de atraso.,From platform 5. But it's ten minutes delayed.,5号站台。不过晚点十分钟。,5號站台。不過晚點十分鐘。,,,,,
transportes,Transportes,dialogo,,241,dialogo-transportes-tenho-de-fazer-transbordo,,,,Tenho de fazer transbordo?,Do I need to change trains?,我需要换乘吗？,我需要換乘嗎？,,,,,
transportes,Transportes,dialogo,,242,dialogo-transportes-nao-este-e-direto-tem-lugar-reservado,,,,"Não, este é direto. Tem lugar reservado?","No, this one is direct. Do you have a reserved seat?",不用，这班是直达。您有预留座位吗？,不用，這班是直達。您有預留座位嗎？,,,,,
transportes,Transportes,dialogo,,243,dialogo-transportes-tenho-carruagem-3-lugar-42,,,,"Tenho, carruagem 3, lugar 42.","Yes, carriage 3, seat 42.",有，3号车廂42座。,有，3號車廂42座。,,,,,
transportes,Transportes,dialogo,,244,dialogo-transportes-boa-tarde-os-titulos-de-transporte-por-favor,,,,"Boa tarde, os títulos de transporte, por favor.","Good afternoon, tickets please.",下午好，请出示车票。,下午好，請出示車票。,,,,,
transportes,Transportes,dialogo,,245,dialogo-transportes-aqui-esta-o-meu-passe,,,,Aqui está o meu passe.,Here's my pass.,这是我的月票。,這是我的月票。,,,,,
transportes,Transportes,dialogo,,246,dialogo-transportes-este-passe-nao-foi-validado-ao-entrar,,,,Este passe não foi validado ao entrar.,This pass wasn't validated when you boarded.,这张卡上车时没有打卡。,這張卡上車時沒有打卡。,,,,,
transportes,Transportes,dialogo,,247,dialogo-transportes-desculpe-nao-sabia-que-era-preciso-validar-sempre,,,,"Desculpe, não sabia que era preciso validar sempre.","Sorry, I didn't know I had to validate every time.",抱歉，我不知道每次都要打卡。,抱歉，我不知道每次都要打卡。,,,,,
transportes,Transportes,dialogo,,248,dialogo-transportes-fica-o-aviso-desta-vez-valide-sempre-mesmo-com-passe-m,,,,"Fica o aviso desta vez. Valide sempre, mesmo com passe mensal.","I'll let you off with a warning this time. Always validate, even with a monthly pass.",这次先警告。即使有月票也要每次打卡。,這次先警告。即使有月票也要每次打卡。,,,,,
transportes,Transportes,dialogo,expanded real-world coverage,589,dialogo-transportes-obrigado-onde-posso-validar-antes-da-proxima-viagem,,,,Obrigado. Onde posso validar antes da próxima viagem?,Thank you. Where can I validate before my next journey?,谢谢。下次乘车前在哪里验证？,謝謝。下次乘車前在哪裡拍卡？,,,,,
transportes,Transportes,dialogo,expanded real-world coverage,590,dialogo-transportes-use-a-maquina-junto-a-porta-ou-ao-acesso-a-plataforma,,,,Use a máquina junto à porta ou ao acesso à plataforma.,Use the machine by the door or at the platform entrance.,请使用车门旁或站台入口处的机器。,請使用車門旁或月台入口的拍卡機。,,,,,
transportes,Transportes,dialogo,expanded real-world coverage,591,dialogo-transportes-percebi-vou-validar-sempre-mesmo-com-o-passe-mensal,,,,"Percebi. Vou validar sempre, mesmo com o passe mensal.","I understand. I will always validate, even with a monthly pass.",明白了。即使使用月票，我也会每次验证。,明白了。即使用月票，我也會每次拍卡。,,,,,
transportes,Transportes,cartao,,58,cartao-transportes-queria-fazer-o-passe-por-favor,,,,"Queria fazer o passe, por favor.","I'd like to get a travel pass, please.",我想办一张月票，麻煩您。,我想辦一張月票，麻煩您。,,,,,
transportes,Transportes,cartao,,59,cartao-transportes-queria-carregar-o-passe-mensal,,,,Queria carregar o passe mensal.,I'd like to top up the monthly pass.,我想给月票充值。,我想給月票充值。,,,,,
transportes,Transportes,cartao,,60,cartao-transportes-este-autocarro-metro-vai-para,,,,Este autocarro / metro vai para…?,Does this bus / metro go to…?,这班公交／地铁去……吗？,這班公交／地鐵去……嗎？,,,,,
transportes,Transportes,cartao,,61,cartao-transportes-onde-valido-o-bilhete,,,,Onde valido o bilhete?,Where do I validate the ticket?,在哪里打卡验票？,在哪裡打卡驗票？,,,,,
transportes,Transportes,cartao,,62,cartao-transportes-a-que-horas-passa-o-ultimo,,,,A que horas passa o último?,What time is the last one?,末班车几点？,末班車幾點？,,,,,
transportes,Transportes,cartao,,141,cartao-transportes-de-que-linha-parte-o-comboio-para,,,,De que linha parte o comboio para…?,Which platform does the train to … leave from?,去……的火车从哪个站台出发？,去……的火車從哪個站台出發？,,,,,
transportes,Transportes,cartao,,142,cartao-transportes-tenho-de-fazer-transbordo,,,,Tenho de fazer transbordo?,Do I need to transfer?,我需要换乘吗？,我需要換乘嗎？,,,,,
transportes,Transportes,cartao,,143,cartao-transportes-aqui-esta-o-meu-passe-esta-validado,,,,Aqui está o meu passe — está validado.,Here's my pass — it's validated.,这是我的月票——已经打过卡了。,這是我的月票——已經打過卡了。,,,,,
transportes,Transportes,cartao,,144,cartao-transportes-a-que-horas-e-a-ultima-circulacao,,,,A que horas é a última circulação?,What time is the last service?,末班车是几点？,末班車是幾點？,,,,,
transportes,Transportes,cartao,,145,cartao-transportes-ha-greve-hoje,,,,Há greve hoje?,Is there a strike today?,今天有罢工吗？,今天有罷工嗎？,,,,,
transportes,Transportes,cartao,useful situation example,510,cartao-transportes-onde-posso-encontrar-informacoes-sobre-o-titulo-de-transporte,,,,Onde posso encontrar informações sobre o título de transporte?,Where can I find information about valid ticket / travel document?,我可以在哪里查到有关有效车票的信息？,我可以在哪裡查到有關有效車票的資訊？,,,,,
transportes,Transportes,cartao,useful situation example,511,cartao-transportes-onde-posso-encontrar-informacoes-sobre-o-lugar-reservado,,,,Gostaria de saber mais sobre o lugar reservado.,I would like to know more about reserved seat.,我想进一步了解预留座位。,我想進一步了解預留座位。,,,,,
transportes,Transportes,cartao,useful situation example,512,cartao-transportes-onde-posso-encontrar-informacoes-sobre-o-horario,,,,Quem me pode orientar sobre o horário?,Who can advise me about timetable?,关于时刻表，谁可以给我指引？,關於時刻表，誰可以給我指引？,,,,,
transportes,Transportes,cartao,useful situation example,513,cartao-transportes-pode-dar-me-informacoes-sobre-a-app-do-operador,,,,Pode dar-me informações sobre a app do operador?,Could you give me information about the operator's app?,可以告诉我有关运營商应用程式的信息吗？,可以告訴我有關運營商應用程式的資訊嗎？,,,,,
transportes,Transportes,cartao,useful situation example,514,cartao-transportes-pode-dar-me-informacoes-sobre-o-eletrico,,,,Tenho uma questão relacionada com o elétrico.,I have a question related to tram.,我有一个与有轨电车有关的问题。,我有一個與有軌電車有關的問題。,,,,,
transportes,Transportes,cartao,useful situation example,515,cartao-transportes-pode-dar-me-informacoes-sobre-a-estacao,,,,Consegue ajudar-me com uma dúvida sobre a estação?,Can you help me with a question about station?,您能帮我解答一个有关车站（火车/地铁站）的问题吗？,您能幫我解答一個有關車站（火車/地鐵站）的問題嗎？,,,,,
transportes,Transportes,cartao,useful situation example,516,cartao-transportes-pode-dar-me-informacoes-sobre-o-sentido,,,,A quem posso pedir esclarecimentos sobre o sentido?,Who can I ask for clarification about direction?,关于方向，我可以向谁咨询？,關於方向，我可以向誰查詢？,,,,,
transportes,Transportes,cartao,useful situation example,517,cartao-transportes-como-posso-viajar-sem-titulo,,,,Onde posso comprar um título de transporte?,Where can I buy a ticket?,我可以在哪里买车票？,我可以在哪裡買車票？,,,,,
transportes,Transportes,cartao,useful situation example,518,cartao-transportes-queria-informacoes-sobre-a-estacao-de-metro-mais-proxima,,,,Queria informações sobre a estação de metro mais próxima.,I would like information about the nearest metro station.,我想了解最近的地铁站。,我想了解最近的地鐵站。,,,,,
transportes,Transportes,cartao,useful situation example,519,cartao-transportes-preciso-de-esclarecer-uma-duvida-sobre-o-passe-mensal,,,,Preciso de esclarecer uma dúvida sobre o passe mensal.,I have a question about monthly pass.,我需要咨询有关月票的问题。,我需要查詢有關月票的問題。,,,,,
veterinario,Veterinário,vocabulario,,,az-1099,situacao-o-veterinario,noun,m,o veterinário,veterinarian,兽医,獸醫,O veterinário é simpático.,The vet is friendly.,兽医人很好。,獸醫人很好。,
veterinario,Veterinário,vocabulario,,,az-1100,situacao-a-clinica-veterinaria,noun,f,a clínica veterinária,veterinary clinic,兽医诊所,獸醫診所,A clínica abre às nove.,The clinic opens at nine.,诊所九点开门。,診所九點開門。,
veterinario,Veterinário,vocabulario,,,az-1101,situacao-o-animal-de-estimacao,noun,m,o animal de estimação,pet,宠物,寵物,Tens animais de estimação?,Do you have pets?,你有养宠物吗？,你有養寵物嗎？,
veterinario,Veterinário,vocabulario,,,az-1102,situacao-o-cao,noun,m,o cão,dog,狗,狗,O meu cão chama-se Rex.,My dog is called Rex.,我的狗叫Rex。,我的狗叫Rex。,
veterinario,Veterinário,vocabulario,,,az-1103,situacao-o-gato,noun,m,o gato,cat,猫,貓,O gato dorme muito.,The cat sleeps a lot.,猫睡很多。,貓睡很多。,
veterinario,Veterinário,vocabulario,,,az-0872,situacao-a-vacina,noun,f,a vacina,vaccine,疫苗,疫苗,A vacina está em dia.,The vaccine is up to date.,疫苗都是最新的。,疫苗都是最新的。,
veterinario,Veterinário,vocabulario,,,az-1104,situacao-vacinar,verb,,vacinar,to vaccinate,打疫苗,打疫苗,Vamos vacinar o cão.,Let's vaccinate the dog.,我们去帮狗打疫苗。,我們去幫狗打疫苗。,
veterinario,Veterinário,vocabulario,,,az-1105,situacao-a-desparasitacao,noun,f,a desparasitação,deworming,驱虫,驅蟲,Fiz a desparasitação em casa.,I did the deworming at home.,我在家帮它驱虫了。,我在家幫牠驅蟲了。,
veterinario,Veterinário,vocabulario,,,az-1106,situacao-o-microchip,noun,m,o microchip,microchip,芯片,晶片,O gato já tem microchip.,The cat already has a microchip.,猫已经植入芯片了。,貓已經植入晶片了。,
veterinario,Veterinário,vocabulario,,,az-1107,situacao-o-registo,noun,m,o registo,registration,登记,登記,O registo é obrigatório.,Registration is mandatory.,登记是强制的。,登記是強制的。,
veterinario,Veterinário,vocabulario,,,az-1108,situacao-a-consulta,noun,f,a consulta,appointment,看诊,看診,Marquei consulta para hoje.,I made an appointment for today.,我约了今天看诊。,我約了今天看診。,
veterinario,Veterinário,vocabulario,,,az-0512,,noun,f,a urgência,emergency,急诊,急診,Fomos à urgência ontem.,We went to the emergency room yesterday.,我们昨天去了急诊。,我們昨天去了急診。,
veterinario,Veterinário,vocabulario,,,az-1109,situacao-a-racao,noun,f,a ração,pet food,饲料,飼料,Comprei ração nova.,I bought new food.,我买了新的饲料。,我買了新的飼料。,
veterinario,Veterinário,vocabulario,,,az-1110,situacao-a-trela,noun,f,a trela,leash,牵绳,牽繩,Usa sempre a trela.,Always use the leash.,要一直用牵绳。,要一直用牽繩。,
veterinario,Veterinário,vocabulario,,,az-1111,situacao-o-acaime,noun,m,o açaime,muzzle,嘴套,嘴套,O açaime é obrigatório?,Is the muzzle mandatory?,一定要戴嘴套吗？,一定要戴嘴套嗎？,
veterinario,Veterinário,vocabulario,,,az-1112,situacao-a-coleira,noun,f,a coleira,collar,项圈,項圈,A coleira é vermelha.,The collar is red.,项圈是红色的。,項圈是紅色的。,
veterinario,Veterinário,vocabulario,,,az-1113,situacao-a-transportadora,noun,f,a transportadora,pet carrier,宠物提笼,寵物提籠,O gato odeia a transportadora.,The cat hates the carrier.,猫讨厌提笼。,貓討厭提籠。,
veterinario,Veterinário,vocabulario,,,az-1114,situacao-a-esterilizacao,noun,f,a esterilização,spaying / neutering,绝育,絕育,A esterilização é amanhã.,Sterilization is tomorrow.,明天做绝育手术。,明天做絕育手術。,
veterinario,Veterinário,vocabulario,,,az-1115,situacao-vomitar,verb,,vomitar,to vomit,呕吐,嘔吐,Ele vomitou de manhã.,He vomited in the morning.,它早上吐了。,牠早上吐了。,
veterinario,Veterinário,vocabulario,,,az-1116,situacao-a-diarreia,noun,f,a diarreia,diarrhea,腹泻,腹瀉,O cão tem diarreia.,The dog has diarrhea.,狗拉肚子了。,狗拉肚子了。,
veterinario,Veterinário,vocabulario,,,az-1117,situacao-a-ferida,noun,f,a ferida,wound,伤口,傷口,A ferida está a sarar.,The wound is healing.,伤口在愈合。,傷口在癒合。,
veterinario,Veterinário,vocabulario,,,az-1118,situacao-a-pata,noun,f,a pata,paw,爪子,爪子,Ele magoou a pata.,He hurt his paw.,它的脚受伤了。,牠的腳受傷了。,
veterinario,Veterinário,vocabulario,,,az-1119,situacao-o-pelo,noun,m,o pelo,fur,毛,毛,O pelo cai muito.,The hair falls out a lot.,它掉很多毛。,牠掉很多毛。,
veterinario,Veterinário,vocabulario,,,az-1120,situacao-a-pulga,noun,f,a pulga,flea,跳蚤,跳蚤,Acho que tem pulgas.,I think it has fleas.,我觉得它有跳蚤。,我覺得牠有跳蚤。,
veterinario,Veterinário,vocabulario,,,az-1121,situacao-a-carraca,noun,f,a carraça,tick,蜱虫,蜱蟲,Encontrei uma carraça nele.,I found a tick on him.,我在它身上找到一只蜱虫。,我在牠身上找到一隻蜱蟲。,
veterinario,Veterinário,vocabulario,,,az-0318,,noun,m,o comprimido,pill,药片,藥片,Dá-lhe meio comprimido.,Give him half a pill.,给它半颗药片。,給牠半顆藥片。,
veterinario,Veterinário,vocabulario,,,az-1122,situacao-a-pomada,noun,f,a pomada,ointment,药膏,藥膏,Põe pomada na ferida.,Put ointment on the wound.,在伤口涂药膏。,在傷口塗藥膏。,
veterinario,Veterinário,vocabulario,,,az-1123,situacao-morder,verb,,morder,to bite,咬,咬,O cão não morde.,The dog doesn't bite.,这只狗不咬人。,這隻狗不咬人。,
veterinario,Veterinário,vocabulario,,,az-1124,situacao-arranhar,verb,,arranhar,to scratch (something),抓,抓,O gato arranhou o sofá.,The cat scratched the sofa.,猫抓坏了沙发。,貓抓壞了沙發。,
veterinario,Veterinário,vocabulario,,,az-1125,situacao-ladrar,verb,,ladrar,to bark,吠叫,吠叫,Ele ladra à noite.,He barks at night.,它晚上会吠。,牠晚上會吠。,
veterinario,Veterinário,vocabulario,,,az-1126,situacao-miar,verb,,miar,to meow,喵喵叫,喵喵叫,A gata mia muito.,The cat meows a lot.,母猫很爱叫。,母貓很愛叫。,
veterinario,Veterinário,vocabulario,,,az-0829,situacao-pesar,verb,,pesar,to weigh,称重,稱重,Vamos pesar o gato.,Let's weigh the cat.,我们来帮猫量体重。,我們來幫貓量體重。,
veterinario,Veterinário,vocabulario,,,az-1127,situacao-o-passaporte-de-animal,noun,m,o passaporte de animal,pet passport,宠物护照,寵物護照,Ele já tem passaporte.,He already has a passport.,它已经有宠物护照了。,牠已經有寵物護照了。,
veterinario,Veterinário,vocabulario,,,az-1128,situacao-cocar-se,verb,,coçar-se,to scratch oneself,抓痒,抓癢,Ele coça-se muito.,He scratches a lot.,它一直抓痒。,牠一直抓癢。,
veterinario,Veterinário,dialogo,,306,dialogo-veterinario-bom-dia-queria-marcar-uma-consulta,,,,"Bom dia, queria marcar uma consulta.","Good morning, I'd like to book an appointment.",早上好，我想预约看诊。,早安，我想預約看診。,,,,,
veterinario,Veterinário,dialogo,,307,dialogo-veterinario-claro-e-para-que-animal,,,,Claro. É para que animal?,Of course. For which animal?,好的。是哪只动物？,好的。是哪隻動物？,,,,,
veterinario,Veterinário,dialogo,,308,dialogo-veterinario-para-o-meu-gato-nao-come-ha-dois-dias,,,,Para o meu gato. Não come há dois dias.,For my cat. He hasn't eaten for two days.,我的猫。它两天没吃了。,我的貓。牠兩天沒吃了。,,,,,
veterinario,Veterinário,dialogo,,309,dialogo-veterinario-esta-a-vomitar-ou-tem-diarreia,,,,Está a vomitar ou tem diarreia?,"Is he vomiting, or does he have diarrhea?",有呕吐或腹泻吗？,有嘔吐或腹瀉嗎？,,,,,
veterinario,Veterinário,dialogo,,310,dialogo-veterinario-vomitou-ontem-duas-vezes,,,,Vomitou ontem duas vezes.,He vomited twice yesterday.,昨天吐了两次。,昨天吐了兩次。,,,,,
veterinario,Veterinário,dialogo,,311,dialogo-veterinario-pode-vir-hoje-as-quatro,,,,Pode vir hoje às quatro?,Can you come today at four?,今天四点能来吗？,今天四點能來嗎？,,,,,
veterinario,Veterinário,dialogo,,312,dialogo-veterinario-sim-pode-ser-obrigado,,,,"Sim, pode ser. Obrigado.","Yes, that works. Thank you.",可以，谢谢。,可以，謝謝。,,,,,
veterinario,Veterinário,dialogo,,313,dialogo-veterinario-o-gato-tem-microchip-e-vacinas-em-dia,,,,O gato tem microchip e vacinas em dia?,Does the cat have a microchip and up-to-date vaccines?,猫有芯片吗？疫苗打了吗？,貓有晶片嗎？疫苗打了嗎？,,,,,
veterinario,Veterinário,dialogo,,314,dialogo-veterinario-tem-chip-mas-a-vacina-esta-atrasada,,,,"Tem chip, mas a vacina está atrasada.","He has a chip, but the vaccine is overdue.",有芯片，但疫苗过期了。,有晶片，但疫苗過期了。,,,,,
veterinario,Veterinário,dialogo,,315,dialogo-veterinario-entao-aproveitamos-e-vacinamos,,,,Então aproveitamos e vacinamos.,Then we'll take the chance to vaccinate him.,那就顺便打疫苗。,那就順便打疫苗。,,,,,
veterinario,Veterinário,dialogo,,316,dialogo-veterinario-quanto-custa-a-consulta,,,,Quanto custa a consulta?,How much is the appointment?,看诊多少钱？,看診多少錢？,,,,,
veterinario,Veterinário,dialogo,,317,dialogo-veterinario-sao-trinta-euros-sem-os-medicamentos,,,,"São trinta euros, sem os medicamentos.","It's thirty euros, not counting medication.",三十欧元，不含药。,三十歐元，不含藥。,,,,,
veterinario,Veterinário,dialogo,,318,dialogo-veterinario-ele-precisa-de-ficar-internado,,,,Ele precisa de ficar internado?,Does he need to stay overnight?,它需要住院吗？,牠需要住院嗎？,,,,,
veterinario,Veterinário,dialogo,,319,dialogo-veterinario-primeiro-fazemos-analises,,,,Primeiro fazemos análises.,First we'll run some tests.,先做检查。,先做檢查。,,,,,
veterinario,Veterinário,dialogo,,320,dialogo-veterinario-ele-tem-medo-posso-ficar-ao-lado,,,,Ele tem medo. Posso ficar ao lado?,He's scared. Can I stay by his side?,它会怕，我能陪着吗？,牠會怕，我能陪著嗎？,,,,,
veterinario,Veterinário,dialogo,,321,dialogo-veterinario-claro-que-pode,,,,Claro que pode.,Of course you can.,当然可以。,當然可以。,,,,,
veterinario,Veterinário,dialogo,expanded real-world coverage,592,dialogo-veterinario-quando-ficam-prontos-os-resultados-das-analises,,,,Quando ficam prontos os resultados das análises?,When will the test results be ready?,检查结果什么时候出来？,化驗結果甚麼時候有？,,,,,
veterinario,Veterinário,dialogo,expanded real-world coverage,593,dialogo-veterinario-amanha-de-manha-telefonamos-lhe-com-os-resultados,,,,Amanhã de manhã telefonamos-lhe com os resultados.,We will call you tomorrow morning with the results.,明天上午我们会打电话告知结果。,明天上午我們會致電告知結果。,,,,,
veterinario,Veterinário,dialogo,expanded real-world coverage,594,dialogo-veterinario-ate-la-posso-dar-lhe-comida-ou-agua,,,,"Até lá, posso dar-lhe comida ou água?","Until then, may I give him food or water?",在此之前可以给它吃东西或喝水吗？,在此之前可以給牠吃東西或喝水嗎？,,,,,
veterinario,Veterinário,dialogo,expanded real-world coverage,595,dialogo-veterinario-pode-dar-agua-espere-pelas-nossas-indicacoes-antes-de-lhe-dar-comida,,,,Pode dar água; espere pelas nossas indicações antes de lhe dar comida.,You may give water; wait for our instructions before giving food.,可以喝水；喂食前请等我们的指示。,可以喝水；餵食前請等我們的指示。,,,,,
veterinario,Veterinário,cartao,,171,cartao-veterinario-o-meu-cao-nao-come,,,,O meu cão não come.,My dog isn't eating.,我的狗不吃东西。,我的狗不吃東西。,,,,,
veterinario,Veterinário,cartao,,172,cartao-veterinario-o-meu-gato-esta-a-vomitar,,,,O meu gato está a vomitar.,My cat is vomiting.,我的猫在呕吐。,我的貓在嘔吐。,,,,,
veterinario,Veterinário,cartao,,173,cartao-veterinario-preciso-de-uma-consulta-urgente,,,,Preciso de uma consulta urgente.,I need an urgent appointment.,我需要紧急看诊。,我需要緊急看診。,,,,,
veterinario,Veterinário,cartao,,174,cartao-veterinario-e-grave,,,,É grave?,Is it serious?,严重吗？,嚴重嗎？,,,,,
veterinario,Veterinário,cartao,,175,cartao-veterinario-a-vacina-esta-em-dia,,,,A vacina está em dia?,Are the vaccines up to date?,疫苗都打了吗？,疫苗都打了嗎？,,,,,
veterinario,Veterinário,cartao,,176,cartao-veterinario-quanto-custa-a-vacina,,,,Quanto custa a vacina?,How much is the vaccine?,疫苗多少钱？,疫苗多少錢？,,,,,
veterinario,Veterinário,cartao,,177,cartao-veterinario-ele-tem-microchip,,,,Ele tem microchip.,He has a microchip.,它有芯片。,牠有晶片。,,,,,
veterinario,Veterinário,cartao,,178,cartao-veterinario-queria-desparasitar-o-meu-gato,,,,Queria desparasitar o meu gato.,I'd like to deworm my cat.,我想帮猫驱虫。,我想幫貓驅蟲。,,,,,
veterinario,Veterinário,cartao,,179,cartao-veterinario-ele-coca-se-muito,,,,Ele coça-se muito.,He scratches himself a lot.,它一直抓痒。,牠一直抓癢。,,,,,
veterinario,Veterinário,cartao,,180,cartao-veterinario-acho-que-tem-pulgas,,,,Acho que tem pulgas.,I think he has fleas.,我觉得它有跳蚤。,我覺得牠有跳蚤。,,,,,
veterinario,Veterinário,cartao,,181,cartao-veterinario-quero-esterilizar-a-minha-gata,,,,Quero esterilizar a minha gata.,I want to spay my cat.,我想让母猫绝育。,我想讓母貓絕育。,,,,,
veterinario,Veterinário,cartao,,182,cartao-veterinario-que-racao-recomenda,,,,Que ração recomenda?,What food do you recommend?,推荐哪种饲料？,推薦哪種飼料？,,,,,
veterinario,Veterinário,cartao,,183,cartao-veterinario-ele-precisa-de-acaime,,,,Ele precisa de açaime?,Does he need a muzzle?,它需要嘴套吗？,牠需要嘴套嗎？,,,,,
veterinario,Veterinário,cartao,,184,cartao-veterinario-posso-ficar-com-ele,,,,Posso ficar com ele?,Can I stay with him?,我可以陪它吗？,我可以陪牠嗎？,,,,,
veterinario,Veterinário,cartao,,185,cartao-veterinario-ele-magoou-a-pata,,,,Ele magoou a pata.,He hurt his paw.,它的脚受伤了。,牠的腳受傷了。,,,,,
veterinario,Veterinário,cartao,,186,cartao-veterinario-quando-volto-ca,,,,Quando volto cá?,When do I come back?,我什么时候回诊？,我什麼時候回診？,,,,,
veterinario,Veterinário,cartao,useful situation example,520,cartao-veterinario-tens-animais-de-estimacao,,,,Tens animais de estimação?,Do you have pets?,你有养宠物吗？,你有養寵物嗎？,,,,,
veterinario,Veterinário,cartao,useful situation example,521,cartao-veterinario-o-acaime-e-obrigatorio,,,,O açaime é obrigatório?,Is the muzzle mandatory?,一定要戴嘴套吗？,一定要戴嘴套嗎？,,,,,
veterinario,Veterinário,cartao,useful situation example,522,cartao-veterinario-o-gato-odeia-a-transportadora,,,,O gato odeia a transportadora.,The cat hates the carrier.,猫讨厌提笼。,貓討厭提籠。,,,,,
veterinario,Veterinário,cartao,useful situation example,523,cartao-veterinario-fiz-a-desparasitacao-em-casa,,,,Fiz a desparasitação em casa.,I did the deworming at home.,我在家帮它驱虫了。,我在家幫牠驅蟲了。,,,,,
vizinhos,Vizinhos,vocabulario,,,az-1188,situacao-o-vizinho,noun,m,o vizinho,neighbor,邻居,鄰居,O vizinho de cima é simpático.,The upstairs neighbor is friendly.,楼上的邻居人很好。,樓上的鄰居人很好。,
vizinhos,Vizinhos,vocabulario,,,az-0083,,noun,m,o prédio,building,大楼,大樓,O prédio tem seis andares.,The building has six floors.,这栋楼有六层。,這棟樓有六層。,
vizinhos,Vizinhos,vocabulario,,,az-0715,situacao-o-condominio,noun,m,o condomínio,building association / service charge,大楼管理,大樓管理,Pago o condomínio amanhã.,I pay the condo tomorrow.,我明天缴管理费。,我明天繳管理費。,
vizinhos,Vizinhos,vocabulario,,,az-1189,situacao-a-reuniao-de-condominio,noun,f,a reunião de condomínio,building meeting,业主大会,業主大會,A reunião é na quinta.,The meeting is on Thursday.,会议在周四。,會議在週四。,
vizinhos,Vizinhos,vocabulario,,,az-1190,situacao-a-quota,noun,f,a quota,monthly share / fee,管理费,管理費,A quota subiu este ano.,The quota went up this year.,管理费今年涨了。,管理費今年漲了。,
vizinhos,Vizinhos,vocabulario,,,az-0078,,noun,m,o andar,floor,楼层,樓層,Moro no terceiro andar.,I live on the third floor.,我住在三楼。,我住在三樓。,
vizinhos,Vizinhos,vocabulario,,,az-1191,situacao-o-elevador,noun,m,o elevador,elevator,电梯,電梯,Apanho sempre o elevador.,I always take the elevator.,我总是坐电梯。,我總是搭電梯。,
vizinhos,Vizinhos,vocabulario,,,az-1192,situacao-as-escadas,noun,f-pl,as escadas,stairs,楼梯,樓梯,Subi pelas escadas hoje.,I took the stairs today.,我今天走楼梯上来。,我今天走樓梯上來。,
vizinhos,Vizinhos,vocabulario,,,az-1193,situacao-o-barulho,noun,m,o barulho,noise,噪音,噪音,O barulho acordou-me.,The noise woke me up.,噪音把我吵醒了。,噪音把我吵醒了。,
vizinhos,Vizinhos,vocabulario,,,az-1194,situacao-o-silencio,noun,m,o silêncio,silence,安静,安靜,Gosto do silêncio aqui.,I like the silence here.,我喜欢这里的安静。,我喜歡這裡的安靜。,
vizinhos,Vizinhos,vocabulario,,,az-1195,situacao-incomodar,verb,,incomodar,to bother,打扰,打擾,Desculpe incomodar tão tarde.,Sorry to bother you so late.,抱歉这么晚打扰。,抱歉這麼晚打擾。,
vizinhos,Vizinhos,vocabulario,,,az-0534,,noun,f,a queixa,complaint,投诉,投訴,Ninguém fez queixa.,Nobody filed a complaint.,没有人投诉。,沒有人投訴。,
vizinhos,Vizinhos,vocabulario,,,az-0359,,noun,f-pl,as obras,construction works,施工,施工,As obras acabam em maio.,The works end in May.,工程五月完工。,工程五月完工。,
vizinhos,Vizinhos,vocabulario,,,az-1196,situacao-o-lixo,noun,m,o lixo,trash,垃圾,垃圾,Já pus o lixo fora.,I already took out the trash.,我已经把垃圾拿出去了。,我已經把垃圾拿出去了。,
vizinhos,Vizinhos,vocabulario,,,az-1197,situacao-a-reciclagem,noun,f,a reciclagem,recycling,回收,回收,A reciclagem é ao fundo.,Recycling is in the background.,回收站在最里面。,回收站在最裡面。,
vizinhos,Vizinhos,vocabulario,,,az-1198,situacao-o-contentor,noun,m,o contentor,bin / container,垃圾箱,垃圾箱,O contentor está cheio.,The container is full.,垃圾箱满了。,垃圾箱滿了。,
vizinhos,Vizinhos,vocabulario,,,az-0222,,noun,f,a encomenda,package,包裹,包裹,Chegou uma encomenda para ti.,An order has arrived for you.,有你的一个包裹。,有你的一個包裹。,
vizinhos,Vizinhos,vocabulario,,,az-1199,situacao-o-favor,noun,m,o favor,favor,帮忙,幫忙,Preciso de um favor.,I need a favor.,我需要帮个忙。,我需要幫個忙。,
vizinhos,Vizinhos,vocabulario,,,az-1200,situacao-emprestar,verb,,emprestar,to lend,借,借,Emprestas-me um pouco de sal?,Can you lend me some salt?,能借我一点盐吗？,能借我一點鹽嗎？,
vizinhos,Vizinhos,vocabulario,,,az-1201,situacao-regar,verb,,regar,to water,浇水,澆水,Rego as plantas à noite.,I water the plants at night.,我晚上浇花。,我晚上澆花。,
vizinhos,Vizinhos,vocabulario,,,az-1202,situacao-a-chave,noun,f,a chave,key,钥匙,鑰匙,Deixo a chave ao vizinho.,I leave the key to the neighbor.,我把钥匙留给邻居。,我把鑰匙留給鄰居。,
vizinhos,Vizinhos,vocabulario,,,az-1203,situacao-a-garagem,noun,f,a garagem,garage,车库,車庫,O carro está na garagem.,The car is in the garage.,车在车库里。,車在車庫裡。,
vizinhos,Vizinhos,vocabulario,,,az-1204,situacao-o-lugar-de-estacionamento,noun,m,o lugar de estacionamento,parking spot,停车位,停車位,O meu lugar é o dez.,My place is ten.,我的车位是十号。,我的車位是十號。,
vizinhos,Vizinhos,vocabulario,,,az-1205,situacao-a-caixa-do-correio,noun,f,a caixa do correio,mailbox,信箱,信箱,Vê a caixa do correio.,Check the mailbox.,看一下信箱。,看一下信箱。,
vizinhos,Vizinhos,vocabulario,,,az-1206,situacao-avariado,,,avariado,out of order,故障,故障,O elevador está avariado.,The elevator is out of order.,电梯故障了。,電梯故障了。,
vizinhos,Vizinhos,vocabulario,,,az-1207,situacao-a-mudanca,noun,f,a mudança,move (house move),搬家,搬家,A mudança é no sábado.,Changeover is on Saturday.,周六搬家。,週六搬家。,
vizinhos,Vizinhos,vocabulario,,,az-1208,situacao-mudar-se,verb,,mudar-se,to move (house),搬家,搬家,Mudámo-nos em janeiro.,We moved in January.,我们一月搬的家。,我們一月搬的家。,
vizinhos,Vizinhos,vocabulario,,,az-1209,situacao-cumprimentar,verb,,cumprimentar,to greet,打招呼,打招呼,Cumprimento sempre a vizinha.,I always greet my neighbor.,我总是跟邻居打招呼。,我總是跟鄰居打招呼。,
vizinhos,Vizinhos,vocabulario,,,az-1210,situacao-o-administrador,noun,m,o administrador,building manager,管理员,管理員,Falei com o administrador.,I spoke to the administrator.,我跟管理员谈过了。,我跟管理員談過了。,
vizinhos,Vizinhos,vocabulario,,,az-1211,situacao-a-campainha,noun,f,a campainha,doorbell,门铃,門鈴,Tocaram à campainha.,They rang the doorbell.,有人按了门铃。,有人按了門鈴。,
vizinhos,Vizinhos,dialogo,,354,dialogo-vizinhos-ola-bom-dia-sou-o-seu-vizinho-novo,,,,"Olá, bom dia. Sou o seu vizinho novo.","Hello, good morning. I'm your new neighbor.",您好，早上好。我是新邻居。,您好，早安。我是新鄰居。,,,,,
vizinhos,Vizinhos,dialogo,,355,dialogo-vizinhos-ah-bem-vindo-ao-predio,,,,"Ah, bem-vindo ao prédio!","Ah, welcome to the building!",啊，欢迎搬来！,啊，歡迎搬來！,,,,,
vizinhos,Vizinhos,dialogo,,356,dialogo-vizinhos-obrigado-mudei-me-na-semana-passada,,,,Obrigado. Mudei-me na semana passada.,Thanks. I moved in last week.,谢谢。我上周搬来的。,謝謝。我上週搬來的。,,,,,
vizinhos,Vizinhos,dialogo,,357,dialogo-vizinhos-precisa-de-alguma-coisa,,,,Precisa de alguma coisa?,Do you need anything?,需要什么帮忙吗？,需要什麼幫忙嗎？,,,,,
vizinhos,Vizinhos,dialogo,,358,dialogo-vizinhos-sim-onde-fica-o-contentor-da-reciclagem,,,,"Sim, onde fica o contentor da reciclagem?","Yes, where's the recycling container?",回收箱在哪里？,回收箱在哪裡？,,,,,
vizinhos,Vizinhos,dialogo,,359,dialogo-vizinhos-ao-fundo-da-rua-a-esquerda,,,,"Ao fundo da rua, à esquerda.","At the end of the street, on the left.",街尾左边。,街尾左邊。,,,,,
vizinhos,Vizinhos,dialogo,,360,dialogo-vizinhos-e-o-lixo-quando-e-recolhido,,,,"E o lixo, quando é recolhido?","And the trash, when is it collected?",垃圾什么时候收？,垃圾什麼時候收？,,,,,
vizinhos,Vizinhos,dialogo,,361,dialogo-vizinhos-todos-os-dias-a-noite,,,,"Todos os dias, à noite.","Every day, at night.",每天晚上。,每天晚上。,,,,,
vizinhos,Vizinhos,dialogo,,362,dialogo-vizinhos-o-elevador-esta-avariado,,,,O elevador está avariado?,Is the elevator out of order?,电梯坏了吗？,電梯壞了嗎？,,,,,
vizinhos,Vizinhos,dialogo,,363,dialogo-vizinhos-esta-ja-chamamos-o-tecnico,,,,"Está, já chamámos o técnico.","It is, we've already called the technician.",是的，已经叫人修了。,是的，已經叫人修了。,,,,,
vizinhos,Vizinhos,dialogo,,364,dialogo-vizinhos-posso-pedir-lhe-um-favor,,,,Posso pedir-lhe um favor?,Can I ask you a favor?,能请您帮个忙吗？,能請您幫個忙嗎？,,,,,
vizinhos,Vizinhos,dialogo,,365,dialogo-vizinhos-claro-diga,,,,"Claro, diga.","Of course, go ahead.",当然，请说。,當然，請說。,,,,,
vizinhos,Vizinhos,dialogo,,366,dialogo-vizinhos-pode-receber-uma-encomenda-amanha,,,,Pode receber uma encomenda amanhã?,Can you take in a package tomorrow?,明天能帮我收包裹吗？,明天能幫我收包裹嗎？,,,,,
vizinhos,Vizinhos,dialogo,,367,dialogo-vizinhos-com-certeza-deixo-a-a-sua-porta,,,,"Com certeza, deixo-a à sua porta.","Certainly, I'll leave it at your door.",没问题，我放您门口。,沒問題，我放您門口。,,,,,
vizinhos,Vizinhos,dialogo,,368,dialogo-vizinhos-muito-obrigado-qualquer-barulho-avise-me,,,,"Muito obrigado. Qualquer barulho, avise-me.","Thank you. If I'm ever noisy, let me know.",谢谢。太吵的话请告诉我。,謝謝。太吵的話請告訴我。,,,,,
vizinhos,Vizinhos,dialogo,,369,dialogo-vizinhos-fique-descansado-boa-mudanca,,,,Fique descansado. Boa mudança!,Don't worry. Happy moving!,放心。祝乔迁顺利！,放心。祝喬遷順利！,,,,,
vizinhos,Vizinhos,dialogo,expanded real-world coverage,604,dialogo-vizinhos-sabe-a-quem-devo-avisar-sobre-uma-fuga-na-garagem,,,,Sabe a quem devo avisar sobre uma fuga na garagem?,Do you know whom I should tell about a leak in the garage?,您知道车库漏水应该通知谁吗？,您知道車房漏水應該通知誰嗎？,,,,,
vizinhos,Vizinhos,dialogo,expanded real-world coverage,605,dialogo-vizinhos-avise-a-administradora-do-condominio-o-numero-esta-no-atrio,,,,Avise a administradora do condomínio; o número está no átrio.,Tell the condominium manager; the number is in the entrance hall.,请通知物业管理员；大厅里有电话号码。,請通知大廈管理公司；大堂有電話號碼。,,,,,
vizinhos,Vizinhos,dialogo,expanded real-world coverage,606,dialogo-vizinhos-vou-tirar-uma-fotografia-e-ligar-ja,,,,Vou tirar uma fotografia e ligar já.,I will take a photograph and call now.,我拍张照片马上打电话。,我會拍張相片，現在就致電。,,,,,
vizinhos,Vizinhos,dialogo,expanded real-world coverage,607,dialogo-vizinhos-obrigado-eu-tambem-vou-afastar-as-caixas-da-agua,,,,Obrigado. Eu também vou afastar as caixas da água.,Thank you. I will also move the boxes away from the water.,谢谢。我也会把箱子移离积水。,謝謝。我也會把紙箱移離積水。,,,,,
vizinhos,Vizinhos,cartao,,219,cartao-vizinhos-sou-o-seu-vizinho-novo,,,,Sou o seu vizinho novo.,I'm your new neighbor.,我是新邻居。,我是新鄰居。,,,,,
vizinhos,Vizinhos,cartao,,220,cartao-vizinhos-desculpe-o-barulho,,,,Desculpe o barulho.,Sorry about the noise.,抱歉吵到您了。,抱歉吵到您了。,,,,,
vizinhos,Vizinhos,cartao,,221,cartao-vizinhos-pode-falar-mais-baixo-por-favor,,,,"Pode falar mais baixo, por favor?","Could you keep it down, please?",可以小声一点吗？,可以小聲一點嗎？,,,,,
vizinhos,Vizinhos,cartao,,222,cartao-vizinhos-o-barulho-incomoda-e-tarde,,,,"O barulho incomoda, é tarde.","The noise is bothering us, it's late.",太晚了，噪音打扰到人。,太晚了，噪音打擾到人。,,,,,
vizinhos,Vizinhos,cartao,,223,cartao-vizinhos-o-elevador-esta-avariado,,,,O elevador está avariado.,The elevator is out of order.,电梯坏了。,電梯壞了。,,,,,
vizinhos,Vizinhos,cartao,,224,cartao-vizinhos-quando-e-a-reuniao-de-condominio,,,,Quando é a reunião de condomínio?,When is the building meeting?,业主大会是什么时候？,業主大會是什麼時候？,,,,,
vizinhos,Vizinhos,cartao,,225,cartao-vizinhos-pode-receber-uma-encomenda,,,,Pode receber uma encomenda?,Can you take in a package?,可以帮我收包裹吗？,可以幫我收包裹嗎？,,,,,
vizinhos,Vizinhos,cartao,,226,cartao-vizinhos-pode-regar-as-minhas-plantas,,,,Pode regar as minhas plantas?,Can you water my plants?,可以帮我浇花吗？,可以幫我澆花嗎？,,,,,
vizinhos,Vizinhos,cartao,,227,cartao-vizinhos-posso-deixar-lhe-a-chave,,,,Posso deixar-lhe a chave?,Can I leave you my key?,钥匙可以放您那吗？,鑰匙可以放您那嗎？,,,,,
vizinhos,Vizinhos,cartao,,228,cartao-vizinhos-onde-fica-a-reciclagem,,,,Onde fica a reciclagem?,Where's the recycling?,回收站在哪？,回收站在哪？,,,,,
vizinhos,Vizinhos,cartao,,229,cartao-vizinhos-quando-recolhem-o-lixo,,,,Quando recolhem o lixo?,When is the trash collected?,垃圾什么时候收？,垃圾什麼時候收？,,,,,
vizinhos,Vizinhos,cartao,,230,cartao-vizinhos-ha-obras-no-predio,,,,Há obras no prédio?,Is there construction in the building?,大楼在施工吗？,大樓在施工嗎？,,,,,
vizinhos,Vizinhos,cartao,,231,cartao-vizinhos-este-lugar-de-estacionamento-e-seu,,,,Este lugar de estacionamento é seu?,Is this parking spot yours?,这个车位是您的吗？,這個車位是您的嗎？,,,,,
vizinhos,Vizinhos,cartao,,232,cartao-vizinhos-posso-pedir-lhe-um-favor,,,,Posso pedir-lhe um favor?,Can I ask you a favor?,能请您帮个忙吗？,能請您幫個忙嗎？,,,,,
vizinhos,Vizinhos,cartao,,233,cartao-vizinhos-obrigado-pela-ajuda,,,,Obrigado pela ajuda.,Thanks for the help.,谢谢帮忙。,謝謝幫忙。,,,,,
vizinhos,Vizinhos,cartao,,234,cartao-vizinhos-a-campainha-nao-funciona,,,,A campainha não funciona.,The doorbell doesn't work.,门铃坏了。,門鈴壞了。,,,,,
vizinhos,Vizinhos,cartao,useful situation example,534,cartao-vizinhos-emprestas-me-um-pouco-de-sal,,,,Emprestas-me um pouco de sal?,Can you lend me some salt?,能借我一点盐吗？,能借我一點鹽嗎？,,,,,
vizinhos,Vizinhos,cartao,useful situation example,535,cartao-vizinhos-o-vizinho-de-cima-e-simpatico,,,,O vizinho de cima é simpático.,The upstairs neighbor is friendly.,楼上的邻居人很好。,樓上的鄰居人很好。,,,,,
vizinhos,Vizinhos,cartao,useful situation example,536,cartao-vizinhos-preciso-de-um-favor,,,,Preciso de um favor.,I need a favor.,我需要帮个忙。,我需要幫個忙。,,,,,
vizinhos,Vizinhos,cartao,useful situation example,537,cartao-vizinhos-desculpe-incomodar-tao-tarde,,,,Desculpe incomodar tão tarde.,Sorry to bother you so late.,抱歉这么晚打扰。,抱歉這麼晚打擾。,,,,,
