situacao,tipo,conjunto,pt,en,zh_hant,zh_hans,notas_2026
banco,vocabulário,,abrir uma conta à ordem,to open a current account,開一個活期帳戶,开一个活期账户,
banco,vocabulário,,o IBAN,IBAN (bank account number),IBAN（國際銀行帳號）,IBAN（國际银行账号）,"Needed for salary, rent, utilities"
banco,vocabulário,,o cartão multibanco,debit card (Multibanco),多功能提款卡（Multibanco）,多功能提款卡（Multibanco）,
banco,vocabulário,,o cartão de débito / de crédito,debit card / credit card,扣賬卡／信用卡,扣账卡／信用卡,
banco,vocabulário,,o extrato bancário,bank statement,銀行對帳單,银行对账单,Often requested as proof of funds
banco,vocabulário,,a transferência bancária,bank transfer,銀行轉帳,银行转账,
banco,vocabulário,,levantar dinheiro,to withdraw money,提款,提款,
banco,vocabulário,,depositar dinheiro,to deposit money,存款,存款,
banco,vocabulário,,o saldo,account balance,帳戶餘額,账户余额,
banco,vocabulário,,a comissão de manutenção,account maintenance fee,帳戶管理費,账户管理费,
banco,vocabulário,,o comprovativo de morada,proof of address,住址證明,住址证明,"Utility bill, rental contract or junta attestation"
banco,vocabulário,,o titular da conta,account holder,帳戶持有人,账户持有人,
banco,vocabulário,,o homebanking / a app do banco,online banking / banking app,網上銀行／銀行應用程式,网上银行／银行应用程式,
banco,vocabulário,,o código PIN,PIN code,密碼（PIN碼）,密码（PIN码）,
banco,script,diálogo 1,"Boa tarde, queria abrir uma conta à ordem.","Good afternoon, I'd like to open a current account.",下午好，我想開一個活期帳戶。,下午好，我想开一个活期账户。,
banco,script,diálogo 1,"Com certeza. Tem o passaporte, o NIF e um comprovativo de morada?","Of course. Do you have your passport, tax number and proof of address?",當然可以。您有護照、稅號和住址證明嗎？,当然可以。您有护照、税号和住址证明吗？,
banco,script,diálogo 1,"Tenho, está tudo aqui.","Yes, it's all here.",有，都在這裡。,有，都在这里。,
banco,script,diálogo 1,É preciso um depósito inicial. Pode ser em numerário ou por transferência.,An initial deposit is required. It can be in cash or by transfer.,需要一筆開戶存款，可以用現金或轉帳。,需要一笔开户存款，可以用现金或转账。,
banco,script,diálogo 1,Quanto é a comissão de manutenção mensal?,How much is the monthly maintenance fee?,每月的帳戶管理費是多少？,每月的账户管理费是多少？,
banco,script,diálogo 1,O cartão multibanco chega por correio dentro de uma a duas semanas.,The debit card arrives by post within one to two weeks.,提款卡會在一到兩週內郵寄給您。,提款卡会在一到两周内邮寄给您。,
banco,script,diálogo 1,Como ativo o homebanking?,How do I activate online banking?,我怎樣開通網上銀行？,我怎样开通网上银行？,
banco,script,diálogo 1,Recebe um SMS com o código de ativação para a app.,You'll receive an SMS with the activation code for the app.,您會收到一條含應用程式啟用碼的短信。,您会收到一条含应用程式启用码的短信。,
banco,cheat_sheet,,"Queria abrir uma conta, por favor.","I'd like to open an account, please.",我想開個帳戶，麻煩您。,我想开个账户，麻煩您。,
banco,cheat_sheet,,"Trago o passaporte, o NIF e o comprovativo de morada.","I have my passport, NIF and proof of address with me.",我帶了護照、稅號和住址證明。,我带了护照、税号和住址证明。,
banco,cheat_sheet,,Qual é o valor mínimo do depósito inicial?,What is the minimum initial deposit?,開戶最低存款是多少？,开户最低存款是多少？,
banco,cheat_sheet,,Há comissões mensais nesta conta?,Are there monthly fees on this account?,這個帳戶有月費嗎？,这个账户有月费吗？,
banco,cheat_sheet,,Pode dar-me o comprovativo do IBAN?,Could you give me proof of my IBAN?,可以給我一份IBAN證明嗎？,可以给我一份IBAN证明吗？,
banco,cheat_sheet,,Quando chega o cartão?,When will the card arrive?,卡什麼時候寄到？,卡什么时候寄到？,
financas,vocabulário,,o NIF (número de identificação fiscal),NIF (tax identification number),NIF（稅務識別號碼）,NIF（税务识別号码）,First document most newcomers need
financas,vocabulário,,pedir o NIF,to apply for a NIF,申請稅號,申请税号,
financas,vocabulário,,o representante fiscal,tax representative,稅務代表,税务代表,Only required for non-EU residents without PT address
financas,vocabulário,,a Autoridade Tributária (AT),Tax Authority,稅務局,税务局,
financas,vocabulário,,o Portal das Finanças,the Finanças online portal,財政入口網站,财政入口网站,Password sent by post after registration
financas,vocabulário,,a senha de acesso,access password (portal login),登入密碼,登入密码,
financas,vocabulário,,tirar a senha,to take a queue ticket,取號（排隊票）,取号（排队票）,Same word 'senha' = ticket AND password
financas,vocabulário,,a declaração de IRS,income tax return,個人所得稅申報表,个人所得税申報表,
financas,vocabulário,,o domicílio fiscal,registered tax address,稅務登記地址,税务登记地址,
financas,vocabulário,,atualizar a morada,to update one's address,更新地址,更新地址,
financas,vocabulário,,o comprovativo de morada,proof of address,住址證明,住址证明,
financas,vocabulário,,a certidão de residência fiscal,certificate of tax residency,稅務居民證明,税务居民证明,
financas,vocabulário,,as guias de pagamento,payment slips,繳費單,缴费单,
financas,script,diálogo 1,"Bom dia, vim pedir o NIF.","Good morning, I've come to apply for a tax number.",早上好，我來申請稅號。,早上好，我來申请税号。,
financas,script,diálogo 1,Tem passaporte e comprovativo de morada?,Do you have your passport and proof of address?,您有護照和住址證明嗎？,您有护照和住址证明吗？,
financas,script,diálogo 1,"Tenho o passaporte, mas a morada ainda é do estrangeiro.","I have my passport, but my address is still abroad.",我有護照，但地址還是國外的。,我有护照，但地址还是國外的。,
financas,script,diálogo 1,Nesse caso precisa de um representante fiscal ou de uma morada em Portugal.,In that case you need a tax representative or a Portuguese address.,那樣的話，您需要一位稅務代表或一個葡萄牙地址。,那样的话，您需要一位税务代表或一个葡萄牙地址。,
financas,script,diálogo 1,Quanto tempo demora?,How long does it take?,需要多長時間？,需要多长时间？,
financas,script,diálogo 1,O número é atribuído hoje mesmo. A senha do portal chega por carta.,The number is issued today. The portal password arrives by post.,號碼今天就發給您。網站密碼會郵寄到府。,号码今天就发给您。网站密码会邮寄到府。,
financas,script,diálogo 1,Preciso de atualizar a minha morada fiscal.,I need to update my registered tax address.,我需要更新我的稅務登記地址。,我需要更新我的税务登记地址。,
financas,script,diálogo 1,"Pode fazer isso online no Portal das Finanças, com a sua senha.",You can do that online on the Finanças portal with your password.,您可以用密碼在財政網站上在線辦理。,您可以用密码在财政网站上在线办理。,
financas,cheat_sheet,,Vim tratar do NIF.,I'm here to sort out my tax number.,我來辦理稅號。,我來办理税号。,
financas,cheat_sheet,,"Onde tiro a senha, por favor?","Where do I take a queue ticket, please?",請問在哪裡取號？,请问在哪里取号？,
financas,cheat_sheet,,Trago passaporte e comprovativo de morada.,I have my passport and proof of address.,我帶了護照和住址證明。,我带了护照和住址证明。,
financas,cheat_sheet,,Preciso de representante fiscal?,Do I need a tax representative?,我需要稅務代表嗎？,我需要税务代表吗？,
financas,cheat_sheet,,A senha do portal vem por correio?,Does the portal password come by post?,網站密碼是郵寄的嗎？,网站密码是邮寄的吗？,
financas,cheat_sheet,,Quero atualizar o meu domicílio fiscal.,I want to update my tax address.,我想更新我的稅務登記地址。,我想更新我的税务登记地址。,
correios,vocabulário,,os correios / os CTT,the post office / CTT,郵局（CTT）,邮局（CTT）,
correios,vocabulário,,a carta registada,registered letter,掛號信,挂号信,How official documents usually arrive
correios,vocabulário,,o aviso de receção,proof of delivery (return receipt),回執（簽收證明）,回执（签收证明）,
correios,vocabulário,,a encomenda,parcel,包裹,包裹,
correios,vocabulário,,levantar uma encomenda,to collect a parcel,領取包裹,领取包裹,
correios,vocabulário,,o aviso de levantamento,collection notice (left in mailbox),取件通知單,取件通知单,
correios,vocabulário,,o código de rastreio,tracking number,追蹤編號,追踪編号,
correios,vocabulário,,o selo,stamp,郵票,邮票,
correios,vocabulário,,o correio azul,priority mail,藍色優先郵件（快件）,蓝色优先邮件（快件）,
correios,vocabulário,,enviar para o estrangeiro,to send abroad,寄往國外,寄往國外,
correios,vocabulário,,a caixa de correio,mailbox,信箱,信箱,
correios,vocabulário,,o remetente / o destinatário,sender / recipient,寄件人／收件人,寄件人／收件人,
correios,script,diálogo 1,"Boa tarde, queria enviar esta carta registada com aviso de receção.","Good afternoon, I'd like to send this letter registered with proof of delivery.",下午好，我想寄這封掛號信，要帶回執。,下午好，我想寄这封挂号信，要带回执。,
correios,script,diálogo 1,Para Portugal ou para o estrangeiro?,Within Portugal or abroad?,寄葡萄牙國內還是國外？,寄葡萄牙國内还是國外？,
correios,script,diálogo 1,Para a China. Quanto tempo demora?,To China. How long does it take?,寄中國。需要多久？,寄中國。需要多久？,
correios,script,diálogo 1,"Em correio azul, cerca de uma semana. Aqui tem o código de rastreio.","By priority mail, about a week. Here's your tracking number.",用優先郵件大約一週。這是您的追蹤編號。,用优先邮件大约一周。这是您的追踪編号。,
correios,script,diálogo 1,Também vim levantar uma encomenda. Tenho este aviso.,I've also come to collect a parcel. I have this notice.,我還要領一個包裹，我有這張取件通知。,我还要领一个包裹，我有这张取件通知。,
correios,script,diálogo 1,Pode mostrar um documento de identificação?,Could you show me some ID?,可以出示一下證件嗎？,可以出示一下证件吗？,
correios,script,diálogo 1,"Claro, aqui está o meu título de residência.","Of course, here's my residence permit.",當然，這是我的居留證。,当然，这是我的居留证。,
correios,cheat_sheet,,Queria enviar esta carta registada.,I'd like to send this letter by registered mail.,我想寄這封掛號信。,我想寄这封挂号信。,
correios,cheat_sheet,,"Com aviso de receção, por favor.","With proof of delivery, please.",請加回執。,请加回执。,
correios,cheat_sheet,,Vim levantar uma encomenda — tenho o aviso.,I'm here to collect a parcel — I have the notice.,我來取包裹——我有取件通知單。,我來取包裹——我有取件通知单。,
correios,cheat_sheet,,Aqui está o meu documento de identificação.,Here's my ID.,這是我的證件。,这是我的证件。,
correios,cheat_sheet,,Qual é o código de rastreio?,What's the tracking number?,追蹤編號是多少？,追踪編号是多少？,
correios,cheat_sheet,,Quanto custa enviar para o estrangeiro?,How much does it cost to send abroad?,寄國外要多少錢？,寄國外要多少钱？,
junta_de_freguesia,vocabulário,,a junta de freguesia,parish council office,堂區行政委員會（社區辦事處）,堂区行政委员会（社区办事处）,Most local level of government
junta_de_freguesia,vocabulário,,o atestado de residência,certificate of residence,居住證明書,居住证明书,Key doc for SNS number without residence permit
junta_de_freguesia,vocabulário,,as duas testemunhas,two witnesses,兩名證人,两名证人,Neighbours registered in the same freguesia
junta_de_freguesia,vocabulário,,recenseado na freguesia,registered (on the electoral roll) in the parish,在本堂區登記在冊的,在本堂区登记在册的,
junta_de_freguesia,vocabulário,,o agregado familiar,household,家庭成員（同戶）,家庭成员（同户）,
junta_de_freguesia,vocabulário,,a declaração sob compromisso de honra,sworn declaration,誓詞聲明（保證聲明）,誓词声明（保证声明）,
junta_de_freguesia,vocabulário,,o contrato de arrendamento,rental contract,租賃合同,租赁合同,
junta_de_freguesia,vocabulário,,a certidão,certificate / official copy,證明書／正式副本,证明书／正式副本,
junta_de_freguesia,vocabulário,,o carimbo,official stamp,公章,公章,
junta_de_freguesia,vocabulário,,pagar uma taxa,to pay a fee,繳納費用,缴納费用,
junta_de_freguesia,script,diálogo 1,"Bom dia, preciso de um atestado de residência.","Good morning, I need a certificate of residence.",早上好，我需要一份居住證明。,早上好，我需要一份居住证明。,
junta_de_freguesia,script,diálogo 1,Mora nesta freguesia há quanto tempo?,How long have you lived in this parish?,您在本堂區住了多久？,您在本堂区住了多久？,
junta_de_freguesia,script,diálogo 1,Há quatro meses. É para pedir o número de utente.,Four months. It's to apply for my health service number.,四個月了。是為了申請醫療用戶號。,四个月了。是为了申请医疗用户号。,
junta_de_freguesia,script,diálogo 1,Tem contrato de arrendamento ou duas testemunhas recenseadas aqui?,Do you have a rental contract or two witnesses registered here?,您有租賃合同，或兩位在此登記的證人嗎？,您有租赁合同，或两位在此登记的证人吗？,
junta_de_freguesia,script,diálogo 1,Tenho o contrato de arrendamento e uma fatura da luz.,I have the rental contract and an electricity bill.,我有租賃合同和一張電費單。,我有租赁合同和一张电费单。,
junta_de_freguesia,script,diálogo 1,"Ótimo. Preencha este formulário e pague a taxa, por favor.","Great. Fill in this form and pay the fee, please.",很好。請填寫這張表格並繳費。,很好。请填写这张表格并缴费。,
junta_de_freguesia,script,diálogo 1,Quando fica pronto?,When will it be ready?,什麼時候可以拿？,什么时候可以拿？,
junta_de_freguesia,script,diálogo 1,"Fica pronto hoje, com o carimbo da junta.","It'll be ready today, with the parish stamp.",今天就好，會蓋上堂區公章。,今天就好，会盖上堂区公章。,
junta_de_freguesia,cheat_sheet,,"Preciso de um atestado de residência, por favor.","I need a certificate of residence, please.",我需要一份居住證明，麻煩您。,我需要一份居住证明，麻煩您。,
junta_de_freguesia,cheat_sheet,,Moro nesta freguesia há X meses.,I've lived in this parish for X months.,我在本堂區住了X個月。,我在本堂区住了X个月。,
junta_de_freguesia,cheat_sheet,,Trago o contrato de arrendamento.,I have my rental contract with me.,我帶了租賃合同。,我带了租赁合同。,
junta_de_freguesia,cheat_sheet,,"Posso trazer duas testemunhas, se for preciso.",I can bring two witnesses if necessary.,如有需要，我可以帶兩位證人來。,如有需要，我可以带两位证人來。,
junta_de_freguesia,cheat_sheet,,Quanto custa e quando fica pronto?,How much is it and when will it be ready?,多少錢？什麼時候能拿？,多少钱？什么时候能拿？,
saude,vocabulário,,o número de utente,SNS user number,醫療用戶號（Utente號）,医疗用户号（Utente号）,Assigned at your local centro de saúde
saude,vocabulário,,inscrever-se no centro de saúde,to register at the health centre,在衛生中心登記,在卫生中心登记,
saude,vocabulário,,o médico de família,family doctor (GP),家庭醫生,家庭医生,"May be waitlisted; you're assigned, not chosen"
saude,vocabulário,,marcar uma consulta,to book an appointment,預約門診,预约门诊,
saude,vocabulário,,a receita (eletrónica),(electronic) prescription,（電子）處方,（电子）处方,Sent by SMS; show code at pharmacy
saude,vocabulário,,a urgência,A&E / emergency department,急診,急诊,
saude,vocabulário,,o SNS 24 — 808 24 24 24,SNS 24 health line,SNS 24健康熱線（808 24 24 24）,SNS 24健康热线（808 24 24 24）,Call BEFORE going to A&E for triage advice
saude,vocabulário,,o 112,112 (emergency number),112（緊急救援電話）,112（紧急救援电话）,
saude,vocabulário,,a triagem (pulseira),triage (coloured wristband),分診（顏色手環）,分诊（颜色手环）,"Wristband colour = urgency level, sets your wait"
saude,vocabulário,,a baixa médica,sick leave certificate,病假證明,病假证明,
saude,vocabulário,,a farmácia,pharmacy,藥房,药房,
saude,vocabulário,,o boletim de vacinas,vaccination record,疫苗接種記錄,疫苗接种记录,
saude,vocabulário,,Dói-me…,… hurts / I have pain in…,我……痛,我……痛,
saude,vocabulário,,sou alérgico/a a…,I'm allergic to…,我對……過敏,我对……过敏,
saude,script,diálogo 1,"Boa tarde, queria inscrever-me no centro de saúde e pedir o número de utente.","Good afternoon, I'd like to register at the health centre and get my SNS number.",下午好，我想在衛生中心登記並申請醫療用戶號。,下午好，我想在卫生中心登记并申请医疗用户号。,
saude,script,diálogo 1,Tem autorização de residência e NIF?,Do you have a residence permit and tax number?,您有居留許可和稅號嗎？,您有居留許可和税号吗？,
saude,script,diálogo 1,"Ainda não tenho autorização, mas tenho um atestado de residência da junta.","I don't have a permit yet, but I have a residence certificate from the parish council.",我還沒有居留許可，但我有堂區開的居住證明。,我还没有居留許可，但我有堂区开的居住证明。,
saude,script,diálogo 1,Serve. O número de utente é atribuído já hoje.,That works. Your user number is issued today.,可以。用戶號今天就發給您。,可以。用户号今天就发给您。,
saude,script,diálogo 1,Queria marcar uma consulta com o médico de família.,I'd like to book an appointment with the family doctor.,我想預約家庭醫生。,我想预约家庭医生。,
saude,script,diálogo 1,De momento está em lista de espera para médico de família.,At the moment you're on the waiting list for a family doctor.,目前您在家庭醫生的等候名單上。,目前您在家庭医生的等候名单上。,
saude,script,diálogo 1,E se ficar doente entretanto?,And if I get sick in the meantime?,那期間生病了怎麼辦？,那期间生病了怎么办？,
saude,script,diálogo 1,Ligue para o SNS 24 — 808 24 24 24 — antes de ir à urgência.,Call SNS 24 — 808 24 24 24 — before going to A&E.,去急診前先打SNS 24熱線——808 24 24 24。,去急诊前先打SNS 24热线——808 24 24 24。,
saude,cheat_sheet,,Queria inscrever-me e pedir o número de utente.,I'd like to register and get my SNS number.,我想登記並申請醫療用戶號。,我想登记并申请医疗用户号。,
saude,cheat_sheet,,Tenho atestado de residência e NIF.,I have a residence certificate and tax number.,我有居住證明和稅號。,我有居住证明和税号。,
saude,cheat_sheet,,"Queria marcar uma consulta, por favor.","I'd like to book an appointment, please.",我想預約門診，麻煩您。,我想预约门诊，麻煩您。,
saude,cheat_sheet,,É urgente — dói-me muito o/a…,It's urgent — my … hurts badly.,很緊急——我的……很痛。,很紧急——我的……很痛。,
saude,cheat_sheet,,Sou alérgico/a a penicilina.,I'm allergic to penicillin.,我對青黴素過敏。,我对青霉素过敏。,
saude,cheat_sheet,,SNS 24: 808 24 24 24 · Emergência: 112,SNS 24: 808 24 24 24 · Emergency: 112,健康熱線：808 24 24 24 · 緊急救援：112,健康热线：808 24 24 24 · 紧急救援：112,
aima,vocabulário,,a AIMA,"AIMA (Agency for Integration, Migration and Asylum)",移民與庇護融合署（AIMA）,移民与庇护融合署（AIMA）,Replaced SEF in Oct 2023
aima,vocabulário,,a autorização de residência (AR),residence permit,居留許可,居留許可,
aima,vocabulário,,o título de residência,residence card (the physical document),居留證（實體證件）,居留证（实体证件）,
aima,vocabulário,,a renovação,renewal,續期,续期,"Apply from 90 days, up to 30 days before expiry"
aima,vocabulário,,o Portal das Renovações,the online Renewals Portal,線上續期平台,线上续期平台,portal-renovacoes.aima.gov.pt; opened month by month
aima,vocabulário,,a marcação / o agendamento,appointment / booking,預約,预约,
aima,vocabulário,,a recolha de dados biométricos,biometric data collection,採集生物識別資料（按指紋等）,採集生物识別资料（按指紋等）,
aima,vocabulário,,o comprovativo de meios de subsistência,proof of means of subsistence,生活來源證明,生活來源证明,"Work contract, payslips or bank statement"
aima,vocabulário,,o registo criminal,criminal record (check),無犯罪記錄,无犯罪记录,Consent for lookup usually given at the counter
aima,vocabulário,,o reagrupamento familiar,family reunification,家庭團聚,家庭团聚,
aima,vocabulário,,o processo pendente,pending case/process,待處理的申請,待处理的申请,
aima,vocabulário,,caducado/a,expired,已過期,已过期,AR expired <6 months can still renew
aima,vocabulário,,as taxas,fees,費用,费用,
aima,script,diálogo 1,"Bom dia, tenho uma marcação para renovar a autorização de residência.","Good morning, I have an appointment to renew my residence permit.",早上好，我有續居留許可的預約。,早上好，我有续居留許可的预约。,
aima,script,diálogo 1,Pode mostrar o título de residência e o passaporte?,Can you show me your residence card and passport?,可以出示您的居留證和護照嗎？,可以出示您的居留证和护照吗？,
aima,script,diálogo 1,Aqui estão. Também trouxe o comprovativo de morada e os recibos de vencimento.,Here they are. I also brought proof of address and my payslips.,在這裡。我還帶了住址證明和工資單。,在这里。我还带了住址证明和工资单。,
aima,script,diálogo 1,Autoriza a consulta do seu registo criminal?,Do you authorise us to check your criminal record?,您授權我們查詢您的無犯罪記錄嗎？,您授权我们查询您的无犯罪记录吗？,
aima,script,diálogo 1,"Sim, autorizo.","Yes, I do.",是的，我授權。,是的，我授权。,
aima,script,diálogo 1,Vamos agora recolher os dados biométricos.,We'll now collect your biometric data.,現在我們採集您的生物識別資料。,现在我们採集您的生物识別资料。,
aima,script,diálogo 1,Quando recebo o novo título?,When will I receive the new card?,新證件什麼時候能拿到？,新证件什么时候能拿到？,
aima,script,diálogo 1,É enviado por correio para a sua morada. Guarde o comprovativo do pedido.,It's sent by post to your address. Keep the proof of application.,會郵寄到您的地址。請保存好申請憑證。,会邮寄到您的地址。请保存好申请憑证。,
aima,cheat_sheet,,"Tenho marcação às [hora], em nome de [nome].","I have an appointment at [time], under the name [name].",我有[時間]的預約，名字是[姓名]。,我有[时间]的预约，名字是[姓名]。,
aima,cheat_sheet,,Venho renovar a autorização de residência.,I'm here to renew my residence permit.,我來續居留許可。,我來续居留許可。,
aima,cheat_sheet,,"Trago passaporte, título, comprovativo de morada e recibos.","I have my passport, residence card, proof of address and payslips.",我帶了護照、居留證、住址證明和工資單。,我带了护照、居留证、住址证明和工资单。,
aima,cheat_sheet,,Autorizo a consulta do registo criminal.,I authorise the criminal record check.,我授權查詢無犯罪記錄。,我授权查询无犯罪记录。,
aima,cheat_sheet,,O meu processo está pendente — este é o comprovativo.,My case is pending — here's the proof.,我的申請還在處理中——這是憑證。,我的申请还在处理中——这是憑证。,
aima,cheat_sheet,,Podem confirmar a minha morada no sistema?,Can you confirm my address in the system?,可以確認一下系統裡我的地址嗎？,可以确认一下系统里我的地址吗？,
escola,vocabulário,,a matrícula,enrolment,入學註冊,入学註册,
escola,vocabulário,,o Portal das Matrículas,the online enrolment portal,入學註冊網站,入学註册网站,portaldasmatriculas.edu.gov.pt
escola,vocabulário,,o encarregado de educação,legal guardian (for school purposes),教育監護人,教育监护人,Usually a parent; the school's official contact
escola,vocabulário,,o agrupamento de escolas,school cluster,學校群（校區聯盟）,学校群（校区联盟）,
escola,vocabulário,,a escola da área de residência,the school for your home address,居住地劃片學校,居住地划片学校,
escola,vocabulário,,o ano letivo,school year,學年,学年,
escola,vocabulário,,o boletim de vacinas,vaccination record,疫苗接種記錄,疫苗接种记录,
escola,vocabulário,,a Ação Social Escolar (ASE),school social support (meals/books subsidy),學校社會援助（餐費/教材補助）,学校社会援助（餐费/教材补助）,Linked to abono de família escalão; needs NISS
escola,vocabulário,,o abono de família,family allowance,家庭津貼,家庭津贴,
escola,vocabulário,,os manuais escolares,textbooks,教科書,教科书,Free in public schooling
escola,vocabulário,,o horário,timetable,課程表,课程表,
escola,vocabulário,,a reunião de pais,parents' meeting,家長會,家长会,
escola,vocabulário,,o ATL,after-school care,課後託管,课后託管,
escola,vocabulário,,a cantina / o refeitório,school canteen,學校食堂,学校食堂,
escola,script,diálogo 1,"Bom dia, queria matricular a minha filha na escola.","Good morning, I'd like to enrol my daughter in school.",早上好，我想給女兒辦理入學註冊。,早上好，我想给女儿办理入学註册。,
escola,script,diálogo 1,"A matrícula faz-se online, no Portal das Matrículas. Precisa de ajuda?","Enrolment is done online, on the enrolment portal. Do you need help?",註冊在入學網站上在線辦理。需要幫忙嗎？,註册在入学网站上在线办理。需要帮忙吗？,
escola,script,diálogo 1,"Sim, por favor. Que documentos são precisos?","Yes, please. What documents are needed?",好的，麻煩您。需要哪些文件？,好的，麻煩您。需要哪些文件？,
escola,script,diálogo 1,"Documento de identificação da criança, número de utente, boletim de vacinas e comprovativo de morada.","The child's ID, health number, vaccination record and proof of address.",孩子的身份證件、醫療用戶號、疫苗記錄和住址證明。,孩子的身份证件、医疗用户号、疫苗记录和住址证明。,
escola,script,diálogo 1,Ela pode ter apoio para as refeições?,Can she get support for school meals?,她可以申請餐費補助嗎？,她可以申请餐费补助吗？,
escola,script,diálogo 1,"Sim, através da Ação Social Escolar — precisa do NISS e do escalão do abono.","Yes, through school social support — you need her NISS and the family allowance bracket.",可以，通過學校社會援助——需要她的社保號和家庭津貼等級。,可以，通过学校社会援助——需要她的社保号和家庭津贴等级。,
escola,script,diálogo 1,Quando começam as aulas?,When do classes start?,什麼時候開學？,什么时候开学？,
escola,script,diálogo 1,Em setembro. A lista de turmas sai no portal e na escola.,In September. Class lists are published on the portal and at the school.,九月。班級名單會在網站和學校公佈。,九月。班级名单会在网站和学校公佈。,
escola,cheat_sheet,,Venho matricular o meu filho / a minha filha.,I'm here to enrol my son / daughter.,我來給兒子／女兒辦入學註冊。,我來给儿子／女儿办入学註册。,
escola,cheat_sheet,,Sou o encarregado / a encarregada de educação.,I'm the legal guardian.,我是教育監護人。,我是教育监护人。,
escola,cheat_sheet,,Trago o boletim de vacinas e o número de utente.,I have the vaccination record and health number.,我帶了疫苗記錄和醫療用戶號。,我带了疫苗记录和医疗用户号。,
escola,cheat_sheet,,Queria pedir a Ação Social Escolar.,I'd like to apply for school social support.,我想申請學校社會援助。,我想申请学校社会援助。,
escola,cheat_sheet,,Qual é a escola da nossa área de residência?,Which is the school for our home address?,我們住址對應的學校是哪一所？,我们住址对应的学校是哪一所？,
escola,cheat_sheet,,Quando sai a lista de turmas?,When is the class list published?,班級名單什麼時候公佈？,班级名单什么时候公佈？,
iefp,vocabulário,,o IEFP / o centro de emprego,IEFP / job centre,就業與職業培訓局（就業中心）,就业与职业培训局（就业中心）,
iefp,vocabulário,,inscrever-se como candidato a emprego,to register as a jobseeker,登記為求職者,登记为求职者,Online via iefponline or in person
iefp,vocabulário,,o iefponline,the IEFP online portal,IEFP線上平台,IEFP线上平台,
iefp,vocabulário,,o subsídio de desemprego,unemployment benefit,失業救濟金,失业救济金,Register within 90 days of losing your job
iefp,vocabulário,,a declaração da entidade empregadora,employer's declaration (of dismissal),僱主解僱聲明,雇主解雇声明,
iefp,vocabulário,,o Plano Pessoal de Emprego,Personal Employment Plan,個人就業計劃,个人就业计划,
iefp,vocabulário,,o gestor pessoal,personal case officer,個人專員,个人专员,
iefp,vocabulário,,a oferta de emprego,job offer / vacancy,職位空缺,职位空缺,
iefp,vocabulário,,a formação profissional,vocational training,職業培訓,职业培训,"Free courses, some with allowance"
iefp,vocabulário,,o NISS (segurança social),social security number,社會保障號碼（NISS）,社会保障号码（NISS）,
iefp,vocabulário,,a convocatória,summons / official call-in,（官方）約談通知,（官方）约谈通知,Missing one can suspend your benefit
iefp,vocabulário,,apresentar-se no centro de emprego,to report to the job centre,到就業中心報到,到就业中心報到,
iefp,vocabulário,,o certificado de habilitações,qualifications certificate,學歷證明,学历证明,
iefp,script,diálogo 1,"Bom dia, queria inscrever-me como candidato a emprego.","Good morning, I'd like to register as a jobseeker.",早上好，我想登記為求職者。,早上好，我想登记为求职者。,
iefp,script,diálogo 1,"Tem documento de identificação, NIF, NISS e comprovativo de morada?","Do you have ID, tax number, social security number and proof of address?",您有身份證件、稅號、社保號和住址證明嗎？,您有身份证件、税号、社保号和住址证明吗？,
iefp,script,diálogo 1,Tenho tudo. Também perdi o emprego há duas semanas.,I have everything. I also lost my job two weeks ago.,都有。另外我兩週前失業了。,都有。另外我两周前失业了。,
iefp,script,diálogo 1,Então pode pedir o subsídio de desemprego — o prazo é de 90 dias.,Then you can apply for unemployment benefit — the deadline is 90 days.,那您可以申請失業救濟金——期限是90天。,那您可以申请失业救济金——期限是90天。,
iefp,script,diálogo 1,Que documentos preciso para o subsídio?,What documents do I need for the benefit?,申請救濟金需要哪些文件？,申请救济金需要哪些文件？,
iefp,script,diálogo 1,A declaração da entidade empregadora e o IBAN.,The employer's declaration and your IBAN.,僱主的解僱聲明和您的IBAN。,雇主的解雇声明和您的IBAN。,
iefp,script,diálogo 1,Há cursos de formação disponíveis?,Are there training courses available?,有職業培訓課程嗎？,有职业培训课程吗？,
iefp,script,diálogo 1,"Sim, o seu gestor pessoal vai definir isso consigo no Plano Pessoal de Emprego.","Yes, your case officer will set that up with you in your Personal Employment Plan.",有，您的個人專員會在個人就業計劃中和您一起安排。,有，您的个人专员会在个人就业计划中和您一起安排。,
iefp,cheat_sheet,,Queria inscrever-me como candidato a emprego.,I'd like to register as a jobseeker.,我想登記為求職者。,我想登记为求职者。,
iefp,cheat_sheet,,"Trago identificação, NIF, NISS e comprovativo de morada.","I have my ID, tax number, social security number and proof of address.",我帶了證件、稅號、社保號和住址證明。,我带了证件、税号、社保号和住址证明。,
iefp,cheat_sheet,,Quero pedir o subsídio de desemprego.,I want to apply for unemployment benefit.,我想申請失業救濟金。,我想申请失业救济金。,
iefp,cheat_sheet,,Tenho a declaração da entidade empregadora.,I have the employer's declaration.,我有僱主的解僱聲明。,我有雇主的解雇声明。,
iefp,cheat_sheet,,Estou interessado/a em formação profissional.,I'm interested in vocational training.,我對職業培訓有興趣。,我对职业培训有兴趣。,
iefp,cheat_sheet,,Recebi uma convocatória para esta data.,I received a summons for this date.,我收到了這個日期的約談通知。,我收到了这个日期的约谈通知。,
seguranca_social,vocabulário,,a Segurança Social,Social Security,社會保障局,社会保障局,
seguranca_social,vocabulário,,o NISS,social security number (NISS),社會保障號碼（NISS）,社会保障号码（NISS）,Needed to work legally and for benefits
seguranca_social,vocabulário,,pedir o NISS,to apply for a NISS,申請社保號,申请社保号,
seguranca_social,vocabulário,,a Segurança Social Direta,the Social Security online portal,社保線上平台,社保线上平台,
seguranca_social,vocabulário,,os descontos,(social security) contributions,社保供款（扣繳）,社保供款（扣缴）,
seguranca_social,vocabulário,,o trabalhador por conta de outrem,employee (salaried worker),受僱員工,受雇员工,
seguranca_social,vocabulário,,o trabalhador independente,self-employed worker,自僱人士,自雇人士,
seguranca_social,vocabulário,,os recibos verdes,'green receipts' (freelance invoicing),綠色收據（自僱開票制度）,綠色收据（自雇开票制度）,"How cleaners, riders etc. often invoice"
seguranca_social,vocabulário,,o abono de família,family allowance,家庭津貼,家庭津贴,
seguranca_social,vocabulário,,a baixa por doença,paid sick leave,病假津貼,病假津贴,
seguranca_social,vocabulário,,a declaração de situação contributiva,statement of contributions status,供款狀況聲明,供款状况声明,Often requested for AR renewal
seguranca_social,vocabulário,,o comprovativo,proof / receipt (of application),申請憑證,申请憑证,
seguranca_social,script,diálogo 1,"Bom dia, preciso de pedir o NISS para começar a trabalhar.","Good morning, I need to apply for a social security number to start working.",早上好，我需要申請社保號才能開始工作。,早上好，我需要申请社保号才能开始工作。,
seguranca_social,script,diálogo 1,Tem contrato de trabalho ou promessa de contrato?,Do you have a work contract or a contract offer?,您有勞動合同或錄用意向書嗎？,您有劳动合同或录用意向书吗？,
seguranca_social,script,diálogo 1,Tenho o contrato assinado pela empresa.,I have the contract signed by the company.,我有公司簽好的合同。,我有公司签好的合同。,
seguranca_social,script,diálogo 1,Então junte o passaporte e o comprovativo de morada a este formulário.,Then attach your passport and proof of address to this form.,那請把護照和住址證明附在這張表格上。,那请把护照和住址证明附在这张表格上。,
seguranca_social,script,diálogo 1,Quanto tempo demora a atribuição?,How long does it take to be issued?,多久能發下來？,多久能发下來？,
seguranca_social,script,diálogo 1,Alguns dias. Recebe o NISS por email ou carta. Guarde o comprovativo.,A few days. You'll receive the NISS by email or post. Keep the receipt.,幾天。社保號會通過郵件或信件發給您。請保存好憑證。,几天。社保号会通过邮件或信件发给您。请保存好憑证。,
seguranca_social,script,diálogo 1,Depois posso aceder à Segurança Social Direta?,Can I then access the online portal?,之後我可以登入社保線上平台嗎？,之后我可以登入社保线上平台吗？,
seguranca_social,script,diálogo 1,"Sim, regista-se online com o NISS e recebe a senha em casa.","Yes, you register online with your NISS and receive the password at home.",可以，用社保號在線註冊，密碼會寄到家裡。,可以，用社保号在线註册，密码会寄到家里。,
seguranca_social,cheat_sheet,,Venho pedir o NISS — tenho contrato de trabalho.,I'm here to apply for a NISS — I have a work contract.,我來申請社保號——我有勞動合同。,我來申请社保号——我有劳动合同。,
seguranca_social,cheat_sheet,,Trago passaporte e comprovativo de morada.,I have my passport and proof of address.,我帶了護照和住址證明。,我带了护照和住址证明。,
seguranca_social,cheat_sheet,,Preciso de uma declaração de situação contributiva.,I need a statement of my contributions status.,我需要一份供款狀況聲明。,我需要一份供款状况声明。,
seguranca_social,cheat_sheet,,Trabalho a recibos verdes.,I work freelance (green receipts).,我是開綠色收據的自僱人士。,我是开綠色收据的自雇人士。,
seguranca_social,cheat_sheet,,Como peço o abono de família?,How do I apply for the family allowance?,家庭津貼怎麼申請？,家庭津贴怎么申请？,
arrendamento,vocabulário,,arrendar um quarto / um apartamento,to rent a room / a flat,租一個房間／一套公寓,租一个房间／一套公寓,
arrendamento,vocabulário,,o T0 / T1 / T2,studio / 1-bed / 2-bed flat,開間／一房／兩房公寓,开间／一房／两房公寓,T = number of bedrooms
arrendamento,vocabulário,,o senhorio / a senhoria,landlord / landlady,房東,房东,
arrendamento,vocabulário,,o inquilino / a inquilina,tenant,房客,房客,
arrendamento,vocabulário,,a renda,the rent,租金,租金,
arrendamento,vocabulário,,a caução,deposit,押金,押金,Usually 1–2 months' rent
arrendamento,vocabulário,,o fiador,guarantor,擔保人,担保人,Often asked of newcomers without payslips
arrendamento,vocabulário,,o contrato de arrendamento,rental contract,租賃合同,租赁合同,Needed as proof of address everywhere
arrendamento,vocabulário,,o recibo de renda (eletrónico),(electronic) rent receipt,（電子）租金收據,（电子）租金收据,Ask for it — proves address and protects you
arrendamento,vocabulário,,despesas incluídas,bills included,包水電雜費,包水电杂费,
arrendamento,vocabulário,,mobilado / sem mobília,furnished / unfurnished,帶傢俬／不帶傢俬,带家私／不带家私,
arrendamento,vocabulário,,o condomínio,building service charge,大廈管理費,大厦管理费,
arrendamento,vocabulário,,rescindir o contrato,to terminate the contract,解除合同,解除合同,
arrendamento,vocabulário,,a visita (ao imóvel),viewing,看房,看房,
arrendamento,script,diálogo 1,"Boa tarde, venho ver o T1 anunciado. Ainda está disponível?","Good afternoon, I've come to see the advertised one-bed flat. Is it still available?",下午好，我來看廣告上的一房公寓。還在出租嗎？,下午好，我來看广告上的一房公寓。还在出租吗？,
arrendamento,script,diálogo 1,"Está, sim. A renda é de 850 euros, com um mês de caução.","It is. The rent is 850 euros, with one month's deposit.",還在。租金850歐元，押金一個月。,还在。租金850欧元，押金一个月。,
arrendamento,script,diálogo 1,As despesas estão incluídas?,Are bills included?,包水電雜費嗎？,包水电杂费吗？,
arrendamento,script,diálogo 1,A água sim; a luz e a internet são à parte.,Water yes; electricity and internet are separate.,包水費；電費和網費另算。,包水费；电费和网费另算。,
arrendamento,script,diálogo 1,Precisa de fiador? Ainda não tenho recibos de vencimento cá.,Do you need a guarantor? I don't have payslips here yet.,需要擔保人嗎？我在這裡還沒有工資單。,需要担保人吗？我在这里还没有工资单。,
arrendamento,script,diálogo 1,"Nesse caso pedia dois meses de caução, com contrato e recibos de renda.","In that case I'd ask for two months' deposit, with a contract and rent receipts.",那樣的話押金要兩個月，會簽合同、開租金收據。,那样的话押金要两个月，会签合同、开租金收据。,
arrendamento,script,diálogo 1,Combinado. Quando posso assinar o contrato?,Agreed. When can I sign the contract?,可以。什麼時候可以簽合同？,可以。什么时候可以签合同？,
arrendamento,cheat_sheet,,Vi o anúncio — posso marcar uma visita?,I saw the listing — can I book a viewing?,我看到了廣告——可以約看房嗎？,我看到了广告——可以约看房吗？,
arrendamento,cheat_sheet,,A renda inclui despesas?,Does the rent include bills?,租金包水電雜費嗎？,租金包水电杂费吗？,
arrendamento,cheat_sheet,,Quanto é a caução?,How much is the deposit?,押金是多少？,押金是多少？,
arrendamento,cheat_sheet,,Faz contrato e recibos de renda?,Do you provide a contract and rent receipts?,會簽合同、開租金收據嗎？,会签合同、开租金收据吗？,
arrendamento,cheat_sheet,,Preciso do contrato como comprovativo de morada.,I need the contract as proof of address.,我需要合同做住址證明。,我需要合同做住址证明。,
arrendamento,cheat_sheet,,Com quanto tempo devo avisar antes de sair?,How much notice must I give before leaving?,退租前需要提前多久通知？,退租前需要提前多久通知？,
transportes,vocabulário,,o passe (navegante),travel pass (navegante),月票（navegante卡）,月票（navegante卡）,Lisbon area system; Porto uses Andante
transportes,vocabulário,,carregar o passe,to top up the pass,給月票充值,给月票充值,
transportes,vocabulário,,validar o bilhete,to validate the ticket,打卡驗票,打卡验票,Always validate — fines are heavy
transportes,vocabulário,,a máquina de venda,ticket machine,售票機,售票机,
transportes,vocabulário,,a carreira / a linha,bus route / line,公交線路,公交线路,
transportes,vocabulário,,a paragem,stop,車站（站點）,车站（站点）,
transportes,vocabulário,,a estação,station,車站（火車/地鐵站）,车站（火车/地铁站）,
transportes,vocabulário,,o fiscal,ticket inspector,查票員,查票员,
transportes,vocabulário,,a multa,fine,罰款,罚款,
transportes,vocabulário,,o horário,timetable,時刻表,时刻表,
transportes,vocabulário,,a zona,fare zone,票價區,票价区,
transportes,vocabulário,,o elétrico,tram,有軌電車,有轨电车,
transportes,script,diálogo 1,"Boa tarde, queria fazer o passe navegante.","Good afternoon, I'd like to get a navegante pass.",下午好，我想辦一張navegante月票。,下午好，我想办一张navegante月票。,
transportes,script,diálogo 1,Precisa de uma fotografia e de um documento de identificação.,You need a photo and an ID document.,需要一張照片和一份身份證件。,需要一张照片和一份身份证件。,
transportes,script,diálogo 1,Posso carregar o passe mensal já hoje?,Can I load the monthly pass today?,今天就可以充值月票嗎？,今天就可以充值月票吗？,
transportes,script,diálogo 1,"Sim, na máquina ou aqui ao balcão.","Yes, at the machine or here at the counter.",可以，在售票機或這個櫃檯都行。,可以，在售票机或这个柜台都行。,
transportes,script,diálogo 1,Este autocarro vai para o centro?,Does this bus go to the city centre?,這班公交去市中心嗎？,这班公交去市中心吗？,
transportes,script,diálogo 1,"Vai, sim. Não se esqueça de validar o cartão ao entrar.",It does. Don't forget to validate your card when boarding.,去的。上車別忘了打卡。,去的。上车別忘了打卡。,
transportes,script,diálogo 1,Onde fica a paragem para o sentido contrário?,Where is the stop for the opposite direction?,反方向的車站在哪裡？,反方向的车站在哪里？,
transportes,cheat_sheet,,"Queria fazer o passe, por favor.","I'd like to get a travel pass, please.",我想辦一張月票，麻煩您。,我想办一张月票，麻煩您。,
transportes,cheat_sheet,,Queria carregar o passe mensal.,I'd like to top up the monthly pass.,我想給月票充值。,我想给月票充值。,
transportes,cheat_sheet,,Este autocarro / metro vai para…?,Does this bus / metro go to…?,這班公交／地鐵去……嗎？,这班公交／地铁去……吗？,
transportes,cheat_sheet,,Onde valido o bilhete?,Where do I validate the ticket?,在哪裡打卡驗票？,在哪里打卡验票？,
transportes,cheat_sheet,,A que horas passa o último?,What time is the last one?,末班車幾點？,末班车几点？,
trabalho_hotelaria,vocabulário,,o turno (da manhã / da tarde / da noite),shift (morning / afternoon / night),班次（早班／午班／夜班）,班次（早班／午班／夜班）,
trabalho_hotelaria,vocabulário,,a governanta,head housekeeper,客房部主管,客房部主管,
trabalho_hotelaria,vocabulário,,arrumar os quartos,to make up the rooms,整理客房,整理客房,
trabalho_hotelaria,vocabulário,,mudar os lençóis / as toalhas,to change the sheets / towels,更換床單／毛巾,更换床单／毛巾,
trabalho_hotelaria,vocabulário,,o carrinho de limpeza,housekeeping cart,清潔工作車,清洁工作车,
trabalho_hotelaria,vocabulário,,o hóspede,guest,住客,住客,
trabalho_hotelaria,vocabulário,,a receção,reception / front desk,前台,前台,
trabalho_hotelaria,vocabulário,,o check-in / o check-out,check-in / check-out,入住／退房,入住／退房,
trabalho_hotelaria,vocabulário,,o cartão do quarto,room key card,房卡,房卡,
trabalho_hotelaria,vocabulário,,a folga,day off,休息日,休息日,
trabalho_hotelaria,vocabulário,,as horas extra,overtime,加班,加班,
trabalho_hotelaria,vocabulário,,o uniforme,uniform,制服,制服,
trabalho_hotelaria,vocabulário,,o andar,floor (storey),樓層,楼层,
trabalho_hotelaria,script,diálogo 1,Bom dia! Hoje fazes os quartos do terceiro andar.,Good morning! Today you're doing the third-floor rooms.,早上好！今天你負責三樓的客房。,早上好！今天你负责三楼的客房。,
trabalho_hotelaria,script,diálogo 1,Está bem. Quantos check-outs há?,Alright. How many check-outs are there?,好的。有幾間退房？,好的。有几间退房？,
trabalho_hotelaria,script,diálogo 1,Seis. Os quartos 302 e 305 são só arrumação.,Six. Rooms 302 and 305 are tidy-up only.,六間。302和305只需整理。,六间。302和305只需整理。,
trabalho_hotelaria,script,diálogo 1,Faltam toalhas no carrinho — onde vou buscar?,The cart is out of towels — where do I get more?,工作車上毛巾不夠了——去哪裡拿？,工作车上毛巾不够了——去哪里拿？,
trabalho_hotelaria,script,diálogo 1,"Na rouparia, ao fundo do corredor.","In the linen room, at the end of the corridor.",在走廊盡頭的布草房。,在走廊尽头的布草房。,
trabalho_hotelaria,script,diálogo 1,Um hóspede pediu mais uma almofada para o 310.,A guest asked for an extra pillow for room 310.,有位住客要求給310房加一個枕頭。,有位住客要求给310房加一个枕头。,
trabalho_hotelaria,script,diálogo 1,"Eu levo. A tua folga esta semana é na quinta, pode ser?","I'll take it. Your day off this week is Thursday, is that okay?",我送過去。你這週四休息，可以嗎？,我送过去。你这周四休息，可以吗？,
trabalho_hotelaria,cheat_sheet,,A que horas começa o meu turno?,What time does my shift start?,我的班幾點開始？,我的班几点开始？,
trabalho_hotelaria,cheat_sheet,,O quarto está pronto.,The room is ready.,房間已經整理好了。,房间已经整理好了。,
trabalho_hotelaria,cheat_sheet,,Faltam toalhas / lençóis / amenities.,We're out of towels / sheets / amenities.,毛巾／床單／客用品不夠了。,毛巾／床单／客用品不够了。,
trabalho_hotelaria,cheat_sheet,,O hóspede do [n.º] pediu…,The guest in [room no.] asked for…,[房號]的住客要求……,[房号]的住客要求……,
trabalho_hotelaria,cheat_sheet,,Posso trocar a folga esta semana?,Can I swap my day off this week?,這週的休息日可以調換嗎？,这周的休息日可以调换吗？,
trabalho_hotelaria,cheat_sheet,,Fiz duas horas extra hoje.,I did two hours of overtime today.,我今天加了兩個小時的班。,我今天加了两个小时的班。,
trabalho_restauracao,vocabulário,,o empregado / a empregada de mesa,waiter / waitress,服務員,服务员,
trabalho_restauracao,vocabulário,,o ajudante de cozinha,kitchen assistant,廚房幫工,厨房帮工,
trabalho_restauracao,vocabulário,,a ementa / o menu,menu,菜單,菜单,
trabalho_restauracao,vocabulário,,o prato do dia,dish of the day,今日特餐,今日特餐,
trabalho_restauracao,vocabulário,,anotar o pedido,to take the order,記錄點單,记录点单,
trabalho_restauracao,vocabulário,,a esplanada,outdoor terrace,露天座位,露天座位,
trabalho_restauracao,vocabulário,,o balcão,the counter / bar,吧台／櫃檯,吧台／柜台,
trabalho_restauracao,vocabulário,,os talheres / o guardanapo,cutlery / napkin,餐具／餐巾,餐具／餐巾,
trabalho_restauracao,vocabulário,,a conta,the bill,賬單,账单,
trabalho_restauracao,vocabulário,,a gorjeta,tip,小費,小费,
trabalho_restauracao,vocabulário,,lavar a loiça,to wash the dishes,洗碗,洗碗,
trabalho_restauracao,vocabulário,,a comanda,order slip,點菜單,点菜单,
trabalho_restauracao,vocabulário,,Bom proveito!,Enjoy your meal!,請慢用！,请慢用！,
trabalho_restauracao,script,diálogo 1,Boa tarde! Mesa para dois?,Good afternoon! Table for two?,下午好！兩位嗎？,下午好！两位吗？,
trabalho_restauracao,script,diálogo 1,Posso anotar o pedido?,May I take your order?,可以點單了嗎？,可以点单了吗？,
trabalho_restauracao,script,diálogo 1,O que é o prato do dia?,What's the dish of the day?,今日特餐是什麼？,今日特餐是什么？,
trabalho_restauracao,script,diálogo 1,Hoje é bacalhau à Brás. Vem com salada.,Today it's cod 'à Brás'. It comes with salad.,今天是布拉斯式馬介休，配沙拉。,今天是布拉斯式马介休，配沙拉。,
trabalho_restauracao,script,diálogo 1,Marchar duas doses de bacalhau para a mesa cinco!,"Two portions of cod for table five, fire away!",五號桌兩份馬介休，起菜！,五号桌两份马介休，起菜！,
trabalho_restauracao,script,diálogo 1,"A conta, por favor. — Com certeza, já trago.","The bill, please. — Of course, right away.",麻煩結賬。——好的，馬上來。,麻煩结账。——好的，马上來。,
trabalho_restauracao,script,diálogo 1,Podes fechar a esplanada e limpar as mesas?,Can you close the terrace and clean the tables?,你可以收露天座位、擦一下桌子嗎？,你可以收露天座位、擦一下桌子吗？,
trabalho_restauracao,cheat_sheet,,Bem-vindos! Mesa para quantas pessoas?,Welcome! A table for how many?,歡迎光臨！幾位？,欢迎光临！几位？,
trabalho_restauracao,cheat_sheet,,Posso anotar o pedido?,May I take your order?,可以點單了嗎？,可以点单了吗？,
trabalho_restauracao,cheat_sheet,,Recomendo o prato do dia.,I recommend the dish of the day.,我推薦今日特餐。,我推荐今日特餐。,
trabalho_restauracao,cheat_sheet,,Bom proveito!,Enjoy your meal!,請慢用！,请慢用！,
trabalho_restauracao,cheat_sheet,,Desejam mais alguma coisa?,Would you like anything else?,還需要別的嗎？,还需要別的吗？,
trabalho_restauracao,cheat_sheet,,Aqui está a conta. Pagam junto ou separado?,Here's the bill. Together or separately?,這是賬單。一起付還是分開付？,这是账单。一起付还是分开付？,
trabalho_limpezas,vocabulário,,a empregada / o empregado de limpeza,cleaner,清潔工,清洁工,
trabalho_limpezas,vocabulário,,o produto de limpeza,cleaning product,清潔劑,清洁剂,
trabalho_limpezas,vocabulário,,a lixívia,bleach,漂白水,漂白水,
trabalho_limpezas,vocabulário,,a esfregona e o balde,mop and bucket,拖把和水桶,拖把和水桶,
trabalho_limpezas,vocabulário,,aspirar,to vacuum,吸塵,吸塵,
trabalho_limpezas,vocabulário,,limpar o pó,to dust,擦灰塵,擦灰塵,
trabalho_limpezas,vocabulário,,esfregar o chão,to mop/scrub the floor,拖地／擦地,拖地／擦地,
trabalho_limpezas,vocabulário,,o lixo / a reciclagem,rubbish / recycling,垃圾／回收,垃圾／回收,
trabalho_limpezas,vocabulário,,as luvas,gloves,手套,手套,
trabalho_limpezas,vocabulário,,à hora / por horas,paid by the hour,按小時計酬,按小时计酬,
trabalho_limpezas,vocabulário,,a patroa / o patrão,employer (informal),僱主（東家）,雇主（东家）,
trabalho_limpezas,vocabulário,,os recibos verdes,freelance receipts,綠色收據（自僱開票）,綠色收据（自雇开票）,Very common in domestic cleaning
trabalho_limpezas,script,diálogo 1,Bom dia. Procuro alguém para limpezas duas vezes por semana.,Good morning. I'm looking for someone to clean twice a week.,早上好。我想找人一週打掃兩次。,早上好。我想找人一周打扫两次。,
trabalho_limpezas,script,diálogo 1,Eu tenho disponibilidade às terças e sextas de manhã.,I'm available Tuesday and Friday mornings.,我週二和週五上午有空。,我周二和周五上午有空。,
trabalho_limpezas,script,diálogo 1,Quanto cobra à hora?,How much do you charge per hour?,您每小時收多少錢？,您每小时收多少钱？,
trabalho_limpezas,script,diálogo 1,"Doze euros à hora, com recibo verde.","Twelve euros an hour, with a freelance receipt.",每小時十二歐元，開綠色收據。,每小时十二欧元，开綠色收据。,
trabalho_limpezas,script,diálogo 1,Está bem. O material de limpeza fica cá em casa.,Alright. The cleaning supplies are kept here at the house.,好的。清潔用品放在家裡。,好的。清洁用品放在家里。,
trabalho_limpezas,script,diálogo 1,Prefere que aspire primeiro e depois esfregue o chão?,Do you prefer I vacuum first and then mop?,您希望我先吸塵再拖地嗎？,您希望我先吸塵再拖地吗？,
trabalho_limpezas,script,diálogo 1,"Sim, e atenção: não use lixívia no chão de madeira.","Yes, and careful: don't use bleach on the wooden floor.",對，注意：木地板不要用漂白水。,对，注意：木地板不要用漂白水。,
trabalho_limpezas,cheat_sheet,,Cobro X euros à hora.,I charge X euros per hour.,我每小時收X歐元。,我每小时收X欧元。,
trabalho_limpezas,cheat_sheet,,Passo recibo verde.,I issue a freelance receipt.,我開綠色收據。,我开綠色收据。,
trabalho_limpezas,cheat_sheet,,Tenho disponibilidade às [dias] de [manhã/tarde].,I'm available on [days] in the [morning/afternoon].,我[星期幾][上午/下午]有空。,我[星期几][上午/下午]有空。,
trabalho_limpezas,cheat_sheet,,O material fica em casa ou trago eu?,Are supplies kept at the house or do I bring them?,清潔用品放在家裡還是我自帶？,清洁用品放在家里还是我自带？,
trabalho_limpezas,cheat_sheet,,Terminei — está tudo limpo.,I'm done — everything is clean.,做完了——都打掃乾淨了。,做完了——都打扫干净了。,
trabalho_construcao,vocabulário,,a obra / o estaleiro,building site,工地,工地,
trabalho_construcao,vocabulário,,o servente,labourer,小工（雜工）,小工（杂工）,
trabalho_construcao,vocabulário,,o pedreiro,bricklayer / mason,泥瓦工,泥瓦工,
trabalho_construcao,vocabulário,,o encarregado da obra,site foreman,工地領班,工地领班,
trabalho_construcao,vocabulário,,o capacete,hard hat,安全帽,安全帽,
trabalho_construcao,vocabulário,,as botas de proteção,safety boots,安全鞋,安全鞋,
trabalho_construcao,vocabulário,,o colete refletor,hi-vis vest,反光背心,反光背心,
trabalho_construcao,vocabulário,,o EPI (equipamento de proteção individual),PPE (personal protective equipment),個人防護裝備,个人防护装備,Mandatory; refusing unsafe work is your right
trabalho_construcao,vocabulário,,o andaime,scaffolding,腳手架,腳手架,
trabalho_construcao,vocabulário,,o cimento / o betão,cement / concrete,水泥／混凝土,水泥／混凝土,
trabalho_construcao,vocabulário,,o tijolo,brick,磚,砖,
trabalho_construcao,vocabulário,,a betoneira,cement mixer,攪拌機,搅拌机,
trabalho_construcao,vocabulário,,o contrato de trabalho,work contract,勞動合同,劳动合同,Insist on one — protects wages and NISS
trabalho_construcao,script,diálogo 1,Bom dia. Hoje ficas a ajudar o pedreiro no segundo piso.,Good morning. Today you're helping the mason on the second floor.,早上好。今天你在二樓給泥瓦工打下手。,早上好。今天你在二楼给泥瓦工打下手。,
trabalho_construcao,script,diálogo 1,Entendido. Onde estão os capacetes?,Understood. Where are the hard hats?,明白。安全帽在哪裡？,明白。安全帽在哪里？,
trabalho_construcao,script,diálogo 1,No contentor. O EPI é obrigatório em toda a obra.,In the container. PPE is mandatory on the whole site.,在集裝箱裡。整個工地都必須穿戴防護裝備。,在集装箱里。整个工地都必须穿戴防护装備。,
trabalho_construcao,script,diálogo 1,Precisamos de mais cimento para a betoneira.,We need more cement for the mixer.,攪拌機需要再加水泥。,搅拌机需要再加水泥。,
trabalho_construcao,script,diálogo 1,Cuidado com o andaime — ainda não está fixo.,Careful with the scaffolding — it's not secured yet.,小心腳手架——還沒固定好。,小心腳手架——还没固定好。,
trabalho_construcao,script,diálogo 1,A que horas é a pausa para almoço?,What time is the lunch break?,午飯休息是幾點？,午饭休息是几点？,
trabalho_construcao,script,diálogo 1,Ao meio-dia. E não te esqueças de assinar a folha de presença.,At noon. And don't forget to sign the attendance sheet.,中午十二點。別忘了在考勤表上簽名。,中午十二点。別忘了在考勤表上签名。,
trabalho_construcao,cheat_sheet,,Onde está o meu EPI?,Where's my PPE?,我的防護裝備在哪裡？,我的防护装備在哪里？,
trabalho_construcao,cheat_sheet,,Isto não é seguro — o andaime não está fixo.,This isn't safe — the scaffolding isn't secured.,這不安全——腳手架沒固定。,这不安全——腳手架没固定。,
trabalho_construcao,cheat_sheet,,Preciso de mais cimento / tijolos.,We need more cement / bricks.,需要再來些水泥／磚。,需要再來些水泥／砖。,
trabalho_construcao,cheat_sheet,,A que horas é a pausa?,What time is the break?,休息是幾點？,休息是几点？,
trabalho_construcao,cheat_sheet,,Quando assinamos o contrato de trabalho?,When do we sign the work contract?,什麼時候簽勞動合同？,什么时候签劳动合同？,
trabalho_construcao,cheat_sheet,,Magoei-me — preciso do kit de primeiros socorros.,I've hurt myself — I need the first-aid kit.,我受傷了——需要急救箱。,我受伤了——需要急救箱。,
trabalho_entregas,vocabulário,,o estafeta,delivery rider/courier,外賣員／快遞員,外卖员／快递员,
trabalho_entregas,vocabulário,,a entrega,delivery,配送,配送,
trabalho_entregas,vocabulário,,o pedido,the order,訂單,订单,
trabalho_entregas,vocabulário,,a mochila térmica,thermal delivery bag,保溫配送箱,保溫配送箱,
trabalho_entregas,vocabulário,,a aplicação / a app,the app,應用程式,应用程式,
trabalho_entregas,vocabulário,,a morada,address,地址,地址,
trabalho_entregas,vocabulário,,o código da porta,door/entry code,門禁密碼,门禁密码,
trabalho_entregas,vocabulário,,o interfone / a campainha,intercom / doorbell,對講機／門鈴,对讲机／门鈴,
trabalho_entregas,vocabulário,,ligar ao cliente,to call the customer,給顧客打電話,给顾客打电话,
trabalho_entregas,vocabulário,,o rés-do-chão / o andar,ground floor / floor,一樓（地面層）／樓層,一楼（地面层）／楼层,
trabalho_entregas,vocabulário,,a mota / a bicicleta,motorbike / bicycle,摩托車／自行車,摩托车／自行车,
trabalho_entregas,vocabulário,,o trânsito,traffic,交通（堵車）,交通（堵车）,
trabalho_entregas,script,diálogo 1,"Boa noite, tenho uma entrega para o João.","Good evening, I have a delivery for João.",晚上好，有João的外賣。,晚上好，有João的外卖。,
trabalho_entregas,script,diálogo 1,É no terceiro andar. O código da porta é 1530.,It's on the third floor. The door code is 1530.,在三樓。門禁密碼是1530。,在三楼。门禁密码是1530。,
trabalho_entregas,script,diálogo 1,O interfone não funciona — pode descer para levantar o pedido?,The intercom isn't working — can you come down to collect the order?,對講機壞了——您可以下來取餐嗎？,对讲机坏了——您可以下來取餐吗？,
trabalho_entregas,script,diálogo 1,"Estou na entrada, com a mochila vermelha.","I'm at the entrance, with the red delivery bag.",我在門口，背紅色保溫箱。,我在门口，背紅色保溫箱。,
trabalho_entregas,script,diálogo 1,"Desculpe o atraso, havia muito trânsito.","Sorry for the delay, there was a lot of traffic.",抱歉來晚了，路上很堵。,抱歉來晚了，路上很堵。,
trabalho_entregas,script,diálogo 1,"Confirma o pedido na app, por favor. Boa noite!",Please confirm the order in the app. Good night!,請在應用裡確認收餐。晚安！,请在应用里确认收餐。晚安！,
trabalho_entregas,cheat_sheet,,Tenho uma entrega para [nome].,I have a delivery for [name].,有[姓名]的外賣。,有[姓名]的外卖。,
trabalho_entregas,cheat_sheet,,Qual é o código da porta?,What's the door code?,門禁密碼是多少？,门禁密码是多少？,
trabalho_entregas,cheat_sheet,,Pode descer para levantar o pedido?,Can you come down to collect the order?,您可以下來取餐嗎？,您可以下來取餐吗？,
trabalho_entregas,cheat_sheet,,Estou na entrada do prédio.,I'm at the building entrance.,我在樓門口。,我在楼门口。,
trabalho_entregas,cheat_sheet,,Desculpe o atraso — muito trânsito.,Sorry for the delay — heavy traffic.,抱歉來晚了——路上很堵。,抱歉來晚了——路上很堵。,
banco,vocabulário,,a conta poupança,savings account,儲蓄帳戶,储蓄账户,
banco,vocabulário,,o empréstimo,loan,貸款,貸款,
banco,vocabulário,,o crédito habitação,mortgage,房屋貸款,房屋貸款,
banco,vocabulário,,a taxa de juro,interest rate,利率,利率,
banco,vocabulário,,a prestação,monthly instalment,每月分期還款,每月分期还款,
banco,vocabulário,,o MB Way,MB Way (mobile payment app),MB Way（手機支付應用）,MB Way（手机支付应用）,Ubiquitous in PT; ask the bank to activate it
banco,vocabulário,,o multibanco / a caixa automática,ATM,自動櫃員機（ATM）,自动柜员机（ATM）,
banco,vocabulário,,o talão,receipt slip (from ATM),（櫃員機）憑條,（柜员机）憑条,
banco,vocabulário,,o movimento,account transaction,帳戶交易記錄,账户交易记录,
banco,vocabulário,,o débito direto,direct debit,自動扣款,自动扣款,How utilities are usually paid
banco,vocabulário,,a transferência imediata,instant transfer,即時轉帳,即时转账,
banco,vocabulário,,o pagamento sem contacto / contactless,contactless payment,感應式支付,感应式支付,
banco,vocabulário,,o limite de levantamento,withdrawal limit,提款限額,提款限额,
banco,vocabulário,,bloquear o cartão,to block the card,掛失／凍結銀行卡,挂失／冻结银行卡,
banco,vocabulário,,o cartão foi retido,the card was retained (by the ATM),卡被櫃員機吞了,卡被柜员机吞了,
banco,vocabulário,,a assinatura,signature,簽名,签名,
banco,vocabulário,,o gestor de conta,account manager,客戶經理,客户经理,
banco,vocabulário,,a agência / o balcão,branch / counter,分行／櫃檯,分行／柜台,
banco,vocabulário,,a comissão,fee / charge,手續費,手续费,
banco,vocabulário,,levantar sem cartão (MB Way),cardless withdrawal,無卡提款,无卡提款,
banco,script,diálogo 2,"Boa tarde, o multibanco reteve o meu cartão.","Good afternoon, the ATM retained my card.",下午好，櫃員機把我的卡吞了。,下午好，柜员机把我的卡吞了。,
banco,script,diálogo 2,Foi nesta agência? Tem um documento de identificação?,Was it at this branch? Do you have ID?,是在這家分行嗎？您有身份證件嗎？,是在这家分行吗？您有身份证件吗？,
banco,script,diálogo 2,"Foi, sim. Aqui está o meu título de residência.","Yes, it was. Here's my residence permit.",是的。這是我的居留證。,是的。这是我的居留证。,
banco,script,diálogo 2,"Vou verificar. Entretanto, quer bloquear o cartão por segurança?","I'll check. Meanwhile, do you want to block the card for safety?",我查一下。這期間，為安全起見要凍結卡片嗎？,我查一下。这期间，为安全起见要冻结卡片吗？,
banco,script,diálogo 2,"Sim, por favor. E posso levantar dinheiro sem cartão?","Yes, please. And can I withdraw money without the card?",好的，麻煩您。那我可以無卡取款嗎？,好的，麻煩您。那我可以无卡取款吗？,
banco,script,diálogo 2,"Pode, pelo MB Way, com o telemóvel.","You can, via MB Way, with your phone.",可以，用手機通過MB Way操作。,可以，用手机通过MB Way操作。,
banco,script,diálogo 3,Queria ativar o débito direto para a conta da luz.,I'd like to set up a direct debit for the electricity bill.,我想給電費設置自動扣款。,我想给电费设置自动扣款。,
banco,script,diálogo 3,Trouxe a fatura? Precisamos da entidade e da referência.,Did you bring the bill? We need the entity and reference numbers.,您帶賬單了嗎？我們需要單位代碼和繳費編號。,您带账单了吗？我们需要单位代码和缴费編号。,
banco,script,diálogo 3,Está aqui. Também queria ativar o MB Way.,Here it is. I'd also like to activate MB Way.,在這裡。我還想開通MB Way。,在这里。我还想开通MB Way。,
banco,script,diálogo 3,Com certeza. Associa-se ao seu número de telemóvel.,Certainly. It's linked to your mobile number.,當然可以。它會綁定您的手機號碼。,当然可以。它会绑定您的手机号码。,
banco,script,diálogo 3,Há alguma comissão mensal?,Is there a monthly fee?,有月費嗎？,有月费吗？,
banco,script,diálogo 3,"Não, o serviço é gratuito no nosso banco.","No, the service is free at our bank.",沒有，我們銀行這項服務免費。,没有，我们银行这项服务免费。,
banco,cheat_sheet,,O multibanco reteve o meu cartão.,The ATM retained my card.,櫃員機把我的卡吞了。,柜员机把我的卡吞了。,
banco,cheat_sheet,,Quero bloquear o cartão — perdi-o / foi roubado.,I want to block my card — I lost it / it was stolen.,我要掛失銀行卡——卡丟了／被偷了。,我要挂失银行卡——卡丟了／被偷了。,
banco,cheat_sheet,,Queria ativar o MB Way / o débito direto.,I'd like to activate MB Way / direct debit.,我想開通MB Way／自動扣款。,我想开通MB Way／自动扣款。,
banco,cheat_sheet,,Qual é o limite de levantamento diário?,What's the daily withdrawal limit?,每日提款限額是多少？,每日提款限额是多少？,
banco,cheat_sheet,,Posso falar com o meu gestor de conta?,May I speak with my account manager?,我可以和我的客戶經理談談嗎？,我可以和我的客户经理谈谈吗？,
financas,vocabulário,,o IRS,personal income tax,個人所得稅（IRS）,个人所得税（IRS）,
financas,vocabulário,,a fatura com NIF / com contribuinte,receipt with your tax number,帶稅號的發票,带税号的发票,Asked at every shop: 'Quer fatura com contribuinte?'
financas,vocabulário,,o e-Fatura,e-Fatura (invoice portal),電子發票平台（e-Fatura）,电子发票平台（e-Fatura）,
financas,vocabulário,,o reembolso,tax refund,退稅,退税,
financas,vocabulário,,pagar em prestações,to pay in instalments,分期繳納,分期缴納,
financas,vocabulário,,a dívida fiscal,tax debt,稅務欠款,税务欠款,
financas,vocabulário,,o IMI,property tax,房產稅（IMI）,房产税（IMI）,
financas,vocabulário,,o IUC,road tax,車輛稅（IUC）,车辆税（IUC）,
financas,vocabulário,,o IVA,VAT,增值稅（IVA）,增值税（IVA）,
financas,vocabulário,,a isenção,exemption,免稅／豁免,免税／豁免,
financas,vocabulário,,o escalão,income bracket,收入級距,收入级距,
financas,vocabulário,,o rendimento,income,收入,收入,
financas,vocabulário,,abrir atividade,to register as self-employed,開業登記（自僱）,开业登记（自雇）,Required before issuing recibos verdes
financas,vocabulário,,cessar atividade,to close self-employed activity,停業登記,停业登记,
financas,vocabulário,,a categoria B,category B (self-employment income),B類收入（自僱所得）,B类收入（自雇所得）,
financas,vocabulário,,a retenção na fonte,withholding tax,源頭扣繳（預扣稅）,源头扣缴（预扣税）,
financas,vocabulário,,o recibo verde eletrónico,electronic freelance receipt,電子綠色收據,电子綠色收据,
financas,vocabulário,,a Chave Móvel Digital (CMD),Digital Mobile Key (gov. login),數字移動密鑰（政府通用登錄）,数字移动密钥（政府通用登录）,"One login for Finanças, SS, SNS portals"
financas,vocabulário,,o certificado digital,digital certificate,數字證書,数字证书,
financas,vocabulário,,a nota de liquidação,tax assessment notice,稅款結算單,税款结算单,Proof of income for AR renewals
financas,script,diálogo 2,"Bom dia, quero abrir atividade como trabalhador independente.","Good morning, I want to register as self-employed.",早上好，我想登記自僱開業。,早上好，我想登记自雇开业。,
financas,script,diálogo 2,Que atividade vai exercer?,What activity will you carry out?,您要從事什麼行業？,您要从事什么行业？,
financas,script,diálogo 2,Limpezas domésticas. É a minha primeira vez.,Domestic cleaning. It's my first time.,家庭保潔。這是我第一次登記。,家庭保洁。这是我第一次登记。,
financas,script,diálogo 2,No primeiro ano tem isenção de IVA se ficar abaixo do limite.,In the first year you're VAT-exempt if you stay under the threshold.,第一年收入低於門檻可以免增值稅。,第一年收入低于门檻可以免增值税。,
financas,script,diálogo 2,E como passo os recibos?,And how do I issue receipts?,那我怎麼開收據？,那我怎么开收据？,
financas,script,diálogo 2,"No Portal das Finanças, recibos verdes eletrónicos, com a sua senha.","On the Finanças portal, electronic green receipts, with your password.",在財政網站上用您的密碼開電子綠色收據。,在财政网站上用您的密码开电子綠色收据。,
financas,script,diálogo 3,Recebi uma nota para pagar. Posso pagar em prestações?,I received a payment notice. Can I pay in instalments?,我收到一張繳費通知。可以分期付款嗎？,我收到一张缴费通知。可以分期付款吗？,
financas,script,diálogo 3,Pode pedir um plano prestacional no portal ou aqui ao balcão.,You can request an instalment plan on the portal or here at the counter.,您可以在網站上或在這個櫃檯申請分期計劃。,您可以在网站上或在这个柜台申请分期计划。,
financas,script,diálogo 3,Quantas prestações são possíveis?,How many instalments are possible?,最多可以分幾期？,最多可以分几期？,
financas,script,diálogo 3,Depende do valor. Sem juros até certo montante.,It depends on the amount. Interest-free up to a certain sum.,取決於金額。一定額度內免利息。,取决于金额。一定额度内免利息。,
financas,script,diálogo 3,E se eu atrasar uma prestação?,And if I'm late on an instalment?,如果我逾期一期會怎樣？,如果我逾期一期会怎样？,
financas,script,diálogo 3,O plano pode ser anulado — convém pagar a tempo.,The plan can be cancelled — best to pay on time.,計劃可能被取消——最好按時繳納。,计划可能被取消——最好按时缴納。,
financas,cheat_sheet,,Quero abrir atividade como independente.,I want to register as self-employed.,我想登記自僱開業。,我想登记自雇开业。,
financas,cheat_sheet,,"Fatura com contribuinte, por favor.","Receipt with my tax number, please.",請開帶稅號的發票。,请开带税号的发票。,
financas,cheat_sheet,,Posso pagar em prestações?,Can I pay in instalments?,可以分期付款嗎？,可以分期付款吗？,
financas,cheat_sheet,,Como ativo a Chave Móvel Digital?,How do I activate the Digital Mobile Key?,怎麼開通數字移動密鑰？,怎么开通数字移动密钥？,
financas,cheat_sheet,,Preciso da nota de liquidação para a AIMA.,I need the tax assessment notice for AIMA.,我需要稅款結算單交給移民局。,我需要税款结算单交给移民局。,
correios,vocabulário,,o envelope,envelope,信封,信封,
correios,vocabulário,,a caixa / a embalagem,box / packaging,紙箱／包裝,纸箱／包装,
correios,vocabulário,,pesar,to weigh,稱重,稱重,
correios,vocabulário,,o peso,weight,重量,重量,
correios,vocabulário,,frágil,fragile,易碎,易碎,
correios,vocabulário,,o correio normal,standard mail,平郵,平邮,
correios,vocabulário,,o correio expresso,express mail,快遞,快递,
correios,vocabulário,,o prazo de entrega,delivery time,送達時間,送达时间,
correios,vocabulário,,a alfândega,customs,海關,海关,Parcels from outside the EU often get held here
correios,vocabulário,,a taxa alfandegária,customs fee,關稅,关税,
correios,vocabulário,,o formulário aduaneiro,customs form,報關單,報关单,
correios,vocabulário,,a segunda tentativa de entrega,second delivery attempt,第二次派送,第二次派送,
correios,vocabulário,,o cacifo / o locker,parcel locker,快遞櫃,快递柜,
correios,vocabulário,,reencaminhar,to forward (mail),轉寄,转寄,
correios,vocabulário,,devolver ao remetente,to return to sender,退回寄件人,退回寄件人,
correios,vocabulário,,a entrega ao domicílio,home delivery,送貨上門,送货上门,
correios,vocabulário,,a assinatura na entrega,signature on delivery,簽收,签收,
correios,vocabulário,,o vale postal,postal money order,郵政匯票,邮政汇票,
correios,vocabulário,,levantar na loja,to collect in store,到店自取,到店自取,
correios,vocabulário,,o horário de funcionamento,opening hours,營業時間,營业时间,
correios,script,diálogo 2,"Boa tarde, a minha encomenda está retida na alfândega.","Good afternoon, my parcel is held at customs.",下午好，我的包裹被海關扣了。,下午好，我的包裹被海关扣了。,
correios,script,diálogo 2,Tem o número de rastreio e a notificação?,Do you have the tracking number and the notification?,您有追蹤編號和通知單嗎？,您有追踪編号和通知单吗？,
correios,script,diálogo 2,Tenho. Quanto tenho de pagar de taxa?,I do. How much do I have to pay in fees?,有。我需要繳多少費用？,有。我需要缴多少费用？,
correios,script,diálogo 2,São 15 euros de taxa alfandegária mais o IVA.,It's 15 euros customs fee plus VAT.,關稅15歐元，另加增值稅。,关税15欧元，另加增值税。,
correios,script,diálogo 2,Posso pagar online ou tem de ser aqui?,Can I pay online or does it have to be here?,可以在線繳費還是必須來這裡？,可以在线缴费还是必须來这里？,
correios,script,diálogo 2,Pode pagar online — depois a entrega segue normalmente.,You can pay online — then delivery proceeds normally.,可以在線繳費——之後正常派送。,可以在线缴费——之后正常派送。,
correios,script,diálogo 3,Perdi a entrega de ontem. O que faço?,I missed yesterday's delivery. What do I do?,我昨天沒趕上派送。該怎麼辦？,我昨天没赶上派送。该怎么办？,
correios,script,diálogo 3,"Há uma segunda tentativa amanhã, ou pode levantar na loja.","There's a second attempt tomorrow, or you can collect in store.",明天有第二次派送，或者您可以到店自取。,明天有第二次派送，或者您可以到店自取。,
correios,script,diálogo 3,Prefiro o cacifo — é possível?,I'd prefer the locker — is that possible?,我更想用快遞櫃——可以嗎？,我更想用快递柜——可以吗？,
correios,script,diálogo 3,"Sim, altere na app com o código de rastreio.","Yes, change it in the app with the tracking number.",可以，在應用裡用追蹤編號修改。,可以，在应用里用追踪編号修改。,
correios,script,diálogo 3,Quanto tempo fica no cacifo?,How long does it stay in the locker?,包裹在快遞櫃裡放多久？,包裹在快递柜里放多久？,
correios,script,diálogo 3,Três dias úteis. Recebe um código por SMS.,Three working days. You'll get a code by SMS.,三個工作日。您會收到短信取件碼。,三个工作日。您会收到短信取件码。,
correios,cheat_sheet,,A encomenda está na alfândega — quanto pago?,My parcel is at customs — how much do I pay?,包裹在海關——我要繳多少錢？,包裹在海关——我要缴多少钱？,
correios,cheat_sheet,,Pode reencaminhar para esta morada?,Can you forward it to this address?,可以轉寄到這個地址嗎？,可以转寄到这个地址吗？,
correios,cheat_sheet,,"É frágil, por favor.","It's fragile, please.",易碎品，請小心。,易碎品，请小心。,
correios,cheat_sheet,,Quando é a segunda tentativa de entrega?,When is the second delivery attempt?,第二次派送是什麼時候？,第二次派送是什么时候？,
correios,cheat_sheet,,Prefiro levantar no cacifo.,I'd rather collect it from the locker.,我想到快遞櫃取件。,我想到快递柜取件。,
junta_de_freguesia,vocabulário,,o Espaço Cidadão,Citizen's Desk (one-stop services),公民服務站,公民服务站,"Renew CC, CMD activation, IRS help — often inside the junta"
junta_de_freguesia,vocabulário,,o recenseamento eleitoral,electoral registration,選民登記,选民登记,
junta_de_freguesia,vocabulário,,a prova de vida,proof of life (for pensions),生存證明（領養老金用）,生存证明（领养老金用）,
junta_de_freguesia,vocabulário,,o atestado de agregado familiar,household certificate,家庭成員證明,家庭成员证明,Often needed for family reunification
junta_de_freguesia,vocabulário,,a fotocópia autenticada,certified photocopy,認證副本,认证副本,
junta_de_freguesia,vocabulário,,o reconhecimento de assinatura,signature certification,簽名認證,签名认证,
junta_de_freguesia,vocabulário,,a taxa de emissão,issuance fee,辦理費用,办理费用,
junta_de_freguesia,vocabulário,,o horário de atendimento,office hours,辦公時間,办公时间,
junta_de_freguesia,vocabulário,,a senha de atendimento,queue ticket,排隊取號,排队取号,
junta_de_freguesia,vocabulário,,válido por três meses,valid for three months,三個月有效,三个月有效,Most junta certificates expire quickly
junta_de_freguesia,vocabulário,,a declaração,declaration / statement,聲明書,声明书,
junta_de_freguesia,vocabulário,,morar / residir,to live / to reside,居住,居住,
junta_de_freguesia,vocabulário,,a freguesia,parish (administrative area),堂區（行政區）,堂区（行政区）,
junta_de_freguesia,vocabulário,,o munícipe / o morador,resident,居民,居民,
junta_de_freguesia,vocabulário,,a câmara municipal,city hall,市政廳,市政厅,
junta_de_freguesia,vocabulário,,o formulário,form,表格,表格,
junta_de_freguesia,vocabulário,,preencher,to fill in,填寫,填写,
junta_de_freguesia,vocabulário,,assinar,to sign,簽名,签名,
junta_de_freguesia,vocabulário,,o comprovativo de pagamento,proof of payment,繳費憑證,缴费憑证,
junta_de_freguesia,vocabulário,,levantar o documento,to collect the document,領取文件,领取文件,
junta_de_freguesia,script,diálogo 2,"Bom dia, há Espaço Cidadão aqui na junta?","Good morning, is there a Citizen's Desk here at the junta?",早上好，這裡有公民服務站嗎？,早上好，这里有公民服务站吗？,
junta_de_freguesia,script,diálogo 2,"Há, sim. O que precisa de tratar?","Yes, there is. What do you need to do?",有的。您需要辦什麼？,有的。您需要办什么？,
junta_de_freguesia,script,diálogo 2,Queria ativar a Chave Móvel Digital.,I'd like to activate the Digital Mobile Key.,我想開通數字移動密鑰。,我想开通数字移动密钥。,
junta_de_freguesia,script,diálogo 2,Traga o título de residência e o telemóvel. Demora dez minutos.,Bring your residence permit and phone. It takes ten minutes.,帶居留證和手機來。十分鐘就好。,带居留证和手机來。十分钟就好。,
junta_de_freguesia,script,diálogo 2,Também fazem renovação do cartão de cidadão?,Do you also renew citizen cards?,你們也辦公民卡續期嗎？,你们也办公民卡续期吗？,
junta_de_freguesia,script,diálogo 2,"Fazemos, com marcação prévia.","We do, by prior appointment.",可以，需要提前預約。,可以，需要提前预约。,
junta_de_freguesia,script,diálogo 3,Preciso de um atestado de agregado familiar para o reagrupamento.,I need a household certificate for family reunification.,我需要一份家庭成員證明辦家庭團聚。,我需要一份家庭成员证明办家庭团聚。,
junta_de_freguesia,script,diálogo 3,Quem faz parte do agregado?,Who is part of the household?,家庭成員有哪些人？,家庭成员有哪些人？,
junta_de_freguesia,script,diálogo 3,"Eu, a minha mulher e os nossos dois filhos.","Me, my wife and our two children.",我、我妻子和我們的兩個孩子。,我、我妻子和我们的两个孩子。,
junta_de_freguesia,script,diálogo 3,Traga os documentos de todos e o contrato de arrendamento.,Bring everyone's documents and the rental contract.,帶上所有人的證件和租賃合同。,带上所有人的证件和租赁合同。,
junta_de_freguesia,script,diálogo 3,O atestado é válido por quanto tempo?,How long is the certificate valid?,證明有效期多久？,证明有效期多久？,
junta_de_freguesia,script,diálogo 3,Três meses a partir da emissão.,Three months from issuance.,自簽發起三個月。,自签发起三个月。,
junta_de_freguesia,cheat_sheet,,Há Espaço Cidadão aqui?,Is there a Citizen's Desk here?,這裡有公民服務站嗎？,这里有公民服务站吗？,
junta_de_freguesia,cheat_sheet,,Qual é o horário de atendimento?,What are the office hours?,辦公時間是什麼時候？,办公时间是什么时候？,
junta_de_freguesia,cheat_sheet,,Preciso do atestado de agregado familiar.,I need a household certificate.,我需要家庭成員證明。,我需要家庭成员证明。,
junta_de_freguesia,cheat_sheet,,Quero ativar a Chave Móvel Digital.,I want to activate the Digital Mobile Key.,我想開通數字移動密鑰。,我想开通数字移动密钥。,
junta_de_freguesia,cheat_sheet,,O documento é válido por quanto tempo?,How long is the document valid?,文件有效期多久？,文件有效期多久？,
saude,vocabulário,,a consulta aberta / do dia,same-day walk-in appointment,當日門診,当日门诊,
saude,vocabulário,,a dor de cabeça / de garganta / de dentes,headache / sore throat / toothache,頭痛／喉嚨痛／牙痛,头痛／喉咙痛／牙痛,
saude,vocabulário,,a gripe / a constipação,flu / cold,流感／感冒,流感／感冒,
saude,vocabulário,,a tensão alta,high blood pressure,高血壓,高血压,
saude,vocabulário,,a diabetes,diabetes,糖尿病,糖尿病,
saude,vocabulário,,estar grávida,to be pregnant,懷孕,懷孕,
saude,vocabulário,,a vacina,vaccine,疫苗,疫苗,
saude,vocabulário,,o raio-X,X-ray,X光,X光,
saude,vocabulário,,a análise ao sangue,blood test,驗血,验血,
saude,vocabulário,,em jejum,fasting (before a test),空腹,空腹,Blood tests usually require it
saude,vocabulário,,o resultado,result,結果,结果,
saude,vocabulário,,o médico especialista,specialist doctor,專科醫生,专科医生,
saude,vocabulário,,o encaminhamento / a referenciação,referral,轉診,转诊,GP referral needed for SNS specialists
saude,vocabulário,,o seguro de saúde,health insurance,醫療保險,医疗保险,
saude,vocabulário,,tomar o medicamento,to take the medicine,服藥,服药,
saude,vocabulário,,de 8 em 8 horas,every 8 hours,每8小時一次,每8小时一次,
saude,vocabulário,,a dose,dose,劑量,剂量,
saude,vocabulário,,o medicamento genérico,generic medicine,仿製藥（平價替代藥）,仿制药（平价替代药）,Cheaper; ask 'há genérico?' at the pharmacy
saude,vocabulário,,o atestado médico,medical certificate,醫生證明,医生证明,
saude,vocabulário,,a urgência pediátrica,paediatric A&E,兒科急診,儿科急诊,
saude,script,diálogo 2,"Boa noite, o meu filho tem febre alta há dois dias.","Good evening, my son has had a high fever for two days.",晚上好，我兒子高燒兩天了。,晚上好，我儿子高燒两天了。,
saude,script,diálogo 2,Vamos fazer a triagem. Que idade tem a criança?,We'll do triage. How old is the child?,我們先分診。孩子多大？,我们先分诊。孩子多大？,
saude,script,diálogo 2,Tem quatro anos. Também tem tosse e não come.,He's four. He also has a cough and isn't eating.,四歲。還咳嗽，不肯吃東西。,四岁。还咳嗽，不肯吃东西。,
saude,script,diálogo 2,Tome esta pulseira amarela e aguarde ser chamado.,Take this yellow wristband and wait to be called.,拿好這個黃色手環，等叫號。,拿好这个黄色手环，等叫号。,
saude,script,diálogo 2,É alérgico a algum medicamento?,Is he allergic to any medicine?,他對什麼藥物過敏嗎？,他对什么药物过敏吗？,
saude,script,diálogo 2,"Sim, à penicilina. Está escrito no boletim.","Yes, to penicillin. It's written in his health booklet.",對，對青黴素過敏。健康手冊上有寫。,对，对青霉素过敏。健康手册上有写。,
saude,script,diálogo 3,"Boa tarde, venho aviar esta receita.","Good afternoon, I've come to fill this prescription.",下午好，我來取這個處方的藥。,下午好，我來取这个处方的药。,
saude,script,diálogo 3,Tem o código da receita no telemóvel?,Do you have the prescription code on your phone?,您手機上有處方碼嗎？,您手机上有处方码吗？,
saude,script,diálogo 3,"Tenho, chegou por SMS. Há genérico?","I do, it came by SMS. Is there a generic?",有，短信收到的。有仿製藥嗎？,有，短信收到的。有仿制药吗？,
saude,script,diálogo 3,"Há, e fica mais barato. Toma um comprimido de 8 em 8 horas.","There is, and it's cheaper. Take one tablet every 8 hours.",有，而且更便宜。每8小時服一片。,有，而且更便宜。每8小时服一片。,
saude,script,diálogo 3,Com ou sem comida?,With or without food?,飯前還是飯後服？,饭前还是饭后服？,
saude,script,diálogo 3,De preferência depois das refeições.,Preferably after meals.,最好飯後服用。,最好饭后服用。,
saude,cheat_sheet,,Há consulta aberta hoje?,Is there a walk-in appointment today?,今天有當日門診嗎？,今天有当日门诊吗？,
saude,cheat_sheet,,Estou grávida de 12 semanas.,I'm 12 weeks pregnant.,我懷孕12週了。,我懷孕12周了。,
saude,cheat_sheet,,Tenho de vir em jejum?,Do I need to come fasting?,需要空腹來嗎？,需要空腹來吗？,
saude,cheat_sheet,,Há medicamento genérico?,Is there a generic version?,有仿製藥嗎？,有仿制药吗？,
saude,cheat_sheet,,Preciso de um atestado médico para o trabalho.,I need a medical certificate for work.,我需要一份醫生證明交給公司。,我需要一份医生证明交给公司。,
aima,vocabulário,,o pedido de nacionalidade,citizenship application,入籍申請,入籍申请,
aima,vocabulário,,a apostila (de Haia),(Hague) apostille,海牙認證,海牙认证,Foreign documents must be apostilled
aima,vocabulário,,a tradução certificada,certified translation,認證翻譯,认证翻译,
aima,vocabulário,,a certidão de nascimento,birth certificate,出生證明,出生证明,
aima,vocabulário,,o registo criminal do país de origem,criminal record from home country,原籍國無犯罪記錄,原籍國无犯罪记录,
aima,vocabulário,,o visto de trabalho / de estudo,work / study visa,工作簽證／學生簽證,工作签证／学生签证,
aima,vocabulário,,a prorrogação de permanência,extension of stay,延期居留,延期居留,
aima,vocabulário,,o comprovativo de agendamento,proof of appointment,預約憑證,预约憑证,
aima,vocabulário,,o número de processo,case number,案件編號,案件編号,
aima,vocabulário,,o estado do processo,case status,案件狀態,案件状态,
aima,vocabulário,,a notificação,official notification,官方通知,官方通知,
aima,vocabulário,,o prazo,deadline,期限,期限,
aima,vocabulário,,em análise,under review,審核中,审核中,
aima,vocabulário,,deferido / indeferido,approved / rejected,獲批／被拒,获批／被拒,
aima,vocabulário,,o vínculo laboral,employment relationship,勞動關係（在職證明）,劳动关係（在职证明）,
aima,vocabulário,,o seguro de viagem / de saúde,travel / health insurance,旅行保險／醫療保險,旅行保险／医疗保险,
aima,vocabulário,,a declaração da entidade patronal,employer's declaration,僱主聲明,雇主声明,
aima,vocabulário,,o agregado familiar,household / family unit,家庭成員,家庭成员,
aima,vocabulário,,a residência legal,legal residence,合法居留,合法居留,
aima,vocabulário,,o atendimento presencial,in-person service,現場辦理,现场办理,
aima,script,diálogo 2,"Bom dia, queria saber o estado do meu processo.","Good morning, I'd like to know the status of my case.",早上好，我想查詢我的案件狀態。,早上好，我想查询我的案件状态。,
aima,script,diálogo 2,Tem o número de processo?,Do you have the case number?,您有案件編號嗎？,您有案件編号吗？,
aima,script,diálogo 2,"Tenho, está neste comprovativo.","Yes, it's on this receipt.",有，在這張憑證上。,有，在这张憑证上。,
aima,script,diálogo 2,O processo está em análise. Falta um documento: o registo criminal apostilado.,The case is under review. One document is missing: the apostilled criminal record.,案件正在審核。缺一份文件：經海牙認證的無犯罪記錄。,案件正在审核。缺一份文件：经海牙认证的无犯罪记录。,
aima,script,diálogo 2,Posso entregar por email ou tem de ser presencial?,Can I submit it by email or must it be in person?,可以郵件提交還是必須到場？,可以邮件提交还是必须到场？,
aima,script,diálogo 2,"Pode carregar no portal, com o número de processo.","You can upload it on the portal, with your case number.",可以用案件編號在網站上上傳。,可以用案件編号在网站上上传。,
aima,script,diálogo 3,Quero pedir a nacionalidade. Que documentos preciso?,I want to apply for citizenship. What documents do I need?,我想申請入籍。需要哪些文件？,我想申请入籍。需要哪些文件？,
aima,script,diálogo 3,"Certidão de nascimento apostilada e traduzida, e registo criminal.","Apostilled and translated birth certificate, and criminal record.",經海牙認證並翻譯的出生證明，以及無犯罪記錄。,经海牙认证并翻译的出生证明，以及无犯罪记录。,
aima,script,diálogo 3,A tradução tem de ser certificada?,Does the translation have to be certified?,翻譯必須是認證的嗎？,翻译必须是认证的吗？,
aima,script,diálogo 3,"Sim, feita por tradutor certificado ou notário.","Yes, done by a certified translator or notary.",是的，由認證翻譯或公證處出具。,是的，由认证翻译或公证处出具。,
aima,script,diálogo 3,E preciso de prova de residência legal de cinco anos?,And do I need proof of five years' legal residence?,還需要五年合法居留證明嗎？,还需要五年合法居留证明吗？,
aima,script,diálogo 3,"Sim, contam os anos com autorização de residência válida.","Yes, years with a valid residence permit count.",是的，持有效居留許可的年份都計算在內。,是的，持有效居留許可的年份都计算在内。,
aima,cheat_sheet,,Qual é o estado do meu processo? Número: […],What's my case status? Number: […],我的案件狀態如何？編號：……,我的案件状态如何？編号：……,
aima,cheat_sheet,,Recebi esta notificação — o que devo fazer?,I received this notification — what should I do?,我收到這份通知——該怎麼辦？,我收到这份通知——该怎么办？,
aima,cheat_sheet,,Os documentos estão apostilados e traduzidos.,The documents are apostilled and translated.,文件已做海牙認證並翻譯。,文件已做海牙认证并翻译。,
aima,cheat_sheet,,Posso carregar o documento no portal?,Can I upload the document on the portal?,可以在網站上上傳文件嗎？,可以在网站上上传文件吗？,
aima,cheat_sheet,,Quero atualizar a morada no processo.,I want to update the address on my case.,我想更新案件中的地址。,我想更新案件中的地址。,
escola,vocabulário,,a creche,nursery (0-3),託兒所,託儿所,
escola,vocabulário,,o jardim de infância / o pré-escolar,kindergarten / preschool,幼兒園,幼儿园,
escola,vocabulário,,o 1.º / 2.º / 3.º ciclo,primary / middle school cycles,小學低／中／高年級段,小学低／中／高年级段,
escola,vocabulário,,o ensino secundário,secondary school,高中,高中,
escola,vocabulário,,a turma,class (group),班級,班级,
escola,vocabulário,,o diretor de turma,form tutor / homeroom teacher,班主任,班主任,Your main contact at the school
escola,vocabulário,,a caderneta do aluno,student's home-school book,學生聯絡手冊,学生联络手册,Where school-home messages are written
escola,vocabulário,,o intervalo / o recreio,break / playground,課間休息／操場,课间休息／操场,
escola,vocabulário,,a visita de estudo,school trip,校外教學,校外教学,
escola,vocabulário,,a autorização,permission slip,家長同意書,家长同意书,
escola,vocabulário,,a falta,absence,缺勤,缺勤,
escola,vocabulário,,justificar a falta,to justify an absence,為缺勤提交說明,为缺勤提交说明,"Must be done within days, via caderneta or portal"
escola,vocabulário,,o teste / a avaliação,test / assessment,測驗／評估,测验／评估,
escola,vocabulário,,as notas,grades,成績,成绩,
escola,vocabulário,,o apoio ao estudo,study support,課後輔導,课后輔导,
escola,vocabulário,,o PLNM (Português Língua Não Materna),Portuguese as a non-native language,葡語非母語課程（PLNM）,葡语非母语课程（PLNM）,Extra Portuguese support — ask for it
escola,vocabulário,,a equivalência de estudos,recognition of foreign studies,學歷同等認證,学历同等认证,For children schooled abroad
escola,vocabulário,,o cartão do aluno,student card,學生卡,学生卡,
escola,vocabulário,,carregar o cartão,to top up the card (canteen),給學生卡充值,给学生卡充值,
escola,vocabulário,,o transporte escolar,school transport,校車,校车,
escola,script,diálogo 2,"Boa tarde, sou a mãe do Wei, da turma 5.ºB.","Good afternoon, I'm Wei's mother, from class 5B.",下午好，我是5年級B班Wei的媽媽。,下午好，我是5年级B班Wei的媽媽。,
escola,script,diálogo 2,Muito prazer. O Wei está a adaptar-se bem.,Nice to meet you. Wei is adapting well.,幸會。Wei適應得不錯。,幸会。Wei适应得不错。,
escola,script,diálogo 2,Ele ainda tem dificuldades com o português.,He still struggles with Portuguese.,他葡語還是有困難。,他葡语还是有困难。,
escola,script,diálogo 2,Vou propor apoio de PLNM — aulas extra de língua.,I'll propose PLNM support — extra language classes.,我會申請PLNM輔導——額外的語言課。,我会申请PLNM輔导——额外的语言课。,
escola,script,diálogo 2,Como acompanho os trabalhos de casa?,How do I follow his homework?,我怎麼了解他的作業情況？,我怎么了解他的作业情况？,
escola,script,diálogo 2,Pela caderneta do aluno e pelo portal da escola.,Through the student book and the school portal.,通過學生聯絡手冊和學校網站。,通过学生联络手册和学校网站。,
escola,script,diálogo 3,"Bom dia, venho justificar a falta da minha filha.","Good morning, I've come to justify my daughter's absence.",早上好，我來為女兒的缺勤提交說明。,早上好，我來为女儿的缺勤提交说明。,
escola,script,diálogo 3,Qual foi o motivo?,What was the reason?,缺勤原因是什麼？,缺勤原因是什么？,
escola,script,diálogo 3,Esteve doente. Trago o atestado médico.,She was ill. I have the medical certificate.,她生病了。我帶了醫生證明。,她生病了。我带了医生证明。,
escola,script,diálogo 3,Perfeito. Entregue ao diretor de turma ou registe no portal.,Perfect. Give it to the form tutor or log it on the portal.,好的。交給班主任或在網站上登記。,好的。交给班主任或在网站上登记。,
escola,script,diálogo 3,Aproveito para carregar o cartão do almoço.,"While I'm here, I'll top up her lunch card.",順便給她的餐卡充值。,顺便给她的餐卡充值。,
escola,script,diálogo 3,Pode carregar aqui na secretaria ou por multibanco.,You can top up here at the office or by ATM reference.,可以在教務處充，也可以通過櫃員機繳費。,可以在教务处充，也可以通过柜员机缴费。,
escola,cheat_sheet,,Venho justificar a falta do meu filho / da minha filha.,I've come to justify my son's / daughter's absence.,我來為兒子／女兒的缺勤提交說明。,我來为儿子／女儿的缺勤提交说明。,
escola,cheat_sheet,,A minha filha precisa de apoio de PLNM.,My daughter needs PLNM support.,我女兒需要葡語非母語課程輔導。,我女儿需要葡语非母语课程輔导。,
escola,cheat_sheet,,Como peço a equivalência dos estudos do estrangeiro?,How do I apply for recognition of foreign studies?,如何申請國外學歷的同等認證？,如何申请國外学历的同等认证？,
escola,cheat_sheet,,Assino a autorização da visita de estudo.,I'm signing the school-trip permission slip.,我來簽校外教學同意書。,我來签校外教学同意书。,
escola,cheat_sheet,,Queria falar com o diretor de turma.,I'd like to speak with the form tutor.,我想和班主任談談。,我想和班主任谈谈。,
iefp,vocabulário,,o salário mínimo,minimum wage,最低工資,最低工资,
iefp,vocabulário,,o recibo de vencimento,payslip,工資單,工资单,
iefp,vocabulário,,o contrato a termo / sem termo,fixed-term / permanent contract,固定期限合同／無固定期限合同,固定期限合同／无固定期限合同,
iefp,vocabulário,,o período experimental,probation period,試用期,试用期,
iefp,vocabulário,,as férias pagas,paid holidays,帶薪年假,带薪年假,
iefp,vocabulário,,o subsídio de férias / de Natal,holiday / Christmas bonus (13th/14th month),假期津貼／聖誕津貼（雙糧）,假期津贴／圣诞津贴（双粮）,Legally owed — 14 payments per year is standard
iefp,vocabulário,,as horas extraordinárias,overtime,加班,加班,
iefp,vocabulário,,o despedimento,dismissal,解僱,解雇,
iefp,vocabulário,,a rescisão do contrato,contract termination,解除合同,解除合同,
iefp,vocabulário,,o pré-aviso,notice period,預先通知期,预先通知期,
iefp,vocabulário,,a indemnização / a compensação,severance / compensation,賠償金／補償金,赔偿金／补偿金,
iefp,vocabulário,,a ACT (Autoridade para as Condições do Trabalho),Labour Conditions Authority,勞動監察局（ACT）,劳动监察局（ACT）,Where to report unpaid wages or abuse
iefp,vocabulário,,apresentar queixa,to file a complaint,投訴／申訴,投诉／申诉,
iefp,vocabulário,,o sindicato,trade union,工會,工会,
iefp,vocabulário,,a agência de trabalho temporário,temp agency,勞務派遣公司,劳务派遣公司,
iefp,vocabulário,,a candidatura espontânea,unsolicited application,主動求職申請,主动求职申请,
iefp,vocabulário,,a entrevista de emprego,job interview,求職面試,求职面试,
iefp,vocabulário,,o estágio profissional,professional internship (IEFP measure),職業實習（IEFP項目）,职业实习（IEFP项目）,
iefp,vocabulário,,o curso de português para estrangeiros,Portuguese course for foreigners,對外葡語課程,对外葡语课程,Free via IEFP/schools — ask to enrol
iefp,vocabulário,,o certificado de formação,training certificate,培訓證書,培训证书,
iefp,script,diálogo 2,"Bom dia, o meu patrão não me pagou o último mês.","Good morning, my boss didn't pay me last month's wages.",早上好，老闆沒付我上個月的工資。,早上好，老板没付我上个月的工资。,
iefp,script,diálogo 2,Tem contrato de trabalho e recibos de vencimento?,Do you have a work contract and payslips?,您有勞動合同和工資單嗎？,您有劳动合同和工资单吗？,
iefp,script,diálogo 2,"Tenho contrato, mas nunca recebi recibos.","I have a contract, but I never received payslips.",有合同，但從沒拿到過工資單。,有合同，但从没拿到过工资单。,
iefp,script,diálogo 2,Isso é irregular. Pode apresentar queixa na ACT.,That's irregular. You can file a complaint with the ACT.,這不合規。您可以向勞動監察局投訴。,这不合规。您可以向劳动监察局投诉。,
iefp,script,diálogo 2,A queixa é anónima? Tenho medo de perder o emprego.,Is the complaint anonymous? I'm afraid of losing my job.,投訴是匿名的嗎？我怕丟了工作。,投诉是匿名的吗？我怕丟了工作。,
iefp,script,diálogo 2,Pode pedir confidencialidade. E o despedimento por queixa é ilegal.,You can request confidentiality. And dismissal for complaining is illegal.,可以要求保密。而且因投訴而解僱是違法的。,可以要求保密。而且因投诉而解雇是违法的。,
iefp,script,diálogo 3,Queria inscrever-me num curso de formação.,I'd like to enrol in a training course.,我想報名參加培訓課程。,我想報名參加培训课程。,
iefp,script,diálogo 3,"Há vagas em restauração, limpeza industrial e português para estrangeiros.","There are places in catering, industrial cleaning and Portuguese for foreigners.",餐飲、工業清潔和對外葡語課程都有名額。,餐饮、工业清洁和对外葡语课程都有名额。,
iefp,script,diálogo 3,O curso de português é pago?,Is the Portuguese course paid?,葡語課程收費嗎？,葡语课程收费吗？,
iefp,script,diálogo 3,"É gratuito, e pode dar acesso a uma bolsa de formação.","It's free, and may include a training allowance.",免費，還可能有培訓補貼。,免费，还可能有培训补贴。,
iefp,script,diálogo 3,Que horário tem? Trabalho durante o dia.,What's the schedule? I work during the day.,上課時間是什麼？我白天要上班。,上课时间是什么？我白天要上班。,
iefp,script,diálogo 3,"Há turmas pós-laborais, à noite.","There are after-work classes, in the evening.",有晚間的下班後班次。,有晚间的下班后班次。,
iefp,cheat_sheet,,Qual é o salário mínimo atual?,What's the current minimum wage?,現在的最低工資是多少？,现在的最低工资是多少？,
iefp,cheat_sheet,,Tenho direito a subsídio de férias e de Natal.,I'm entitled to holiday and Christmas bonuses.,我有權領取假期津貼和聖誕津貼。,我有权领取假期津贴和圣诞津贴。,
iefp,cheat_sheet,,O contrato é a termo ou sem termo?,Is the contract fixed-term or permanent?,合同是固定期限還是無固定期限？,合同是固定期限还是无固定期限？,
iefp,cheat_sheet,,Quero apresentar queixa na ACT.,I want to file a complaint with the ACT.,我要向勞動監察局投訴。,我要向劳动监察局投诉。,
iefp,cheat_sheet,,Quero inscrever-me no curso de português.,I want to enrol in the Portuguese course.,我想報名葡語課程。,我想報名葡语课程。,
seguranca_social,vocabulário,,a pensão / a reforma,pension / retirement,養老金／退休,养老金／退休,
seguranca_social,vocabulário,,o subsídio de doença,sickness benefit,疾病津貼,疾病津贴,
seguranca_social,vocabulário,,a licença de maternidade / paternidade,maternity / paternity leave,產假／陪產假,产假／陪产假,
seguranca_social,vocabulário,,o subsídio parental,parental benefit,育兒津貼,育儿津贴,
seguranca_social,vocabulário,,o abono pré-natal,prenatal allowance,產前津貼,产前津贴,
seguranca_social,vocabulário,,a prestação social,social benefit / welfare payment,社會福利金,社会福利金,
seguranca_social,vocabulário,,o escalão de rendimentos,income bracket,收入級距,收入级距,
seguranca_social,vocabulário,,a declaração trimestral,quarterly declaration (self-employed),季度申報（自僱）,季度申報（自雇）,"Due in Jan, Apr, Jul, Oct"
seguranca_social,vocabulário,,a taxa contributiva,contribution rate,供款費率,供款费率,
seguranca_social,vocabulário,,a isenção de contribuições,contributions exemption,供款豁免,供款豁免,First 12 months for new freelancers
seguranca_social,vocabulário,,o primeiro ano de atividade,first year of activity,開業第一年,开业第一年,
seguranca_social,vocabulário,,a dívida à Segurança Social,social security debt,社保欠款,社保欠款,
seguranca_social,vocabulário,,o plano prestacional,instalment plan,分期還款計劃,分期还款计划,
seguranca_social,vocabulário,,atualizar o IBAN,to update the IBAN (for payments),更新收款帳戶（IBAN）,更新收款账户（IBAN）,
seguranca_social,vocabulário,,o requerimento,application form,申請表,申请表,
seguranca_social,vocabulário,,submeter online,to submit online,在線提交,在线提交,
seguranca_social,vocabulário,,a certidão de nascimento do bebé,baby's birth certificate,嬰兒出生證明,婴儿出生证明,
seguranca_social,vocabulário,,o registo do nascimento,birth registration,出生登記,出生登记,
seguranca_social,vocabulário,,a morada registada,registered address,登記地址,登记地址,
seguranca_social,vocabulário,,o balcão da Segurança Social,Social Security counter,社保局櫃檯,社保局柜台,
seguranca_social,script,diálogo 2,"Bom dia, a minha filha nasceu na semana passada. Quero pedir a licença parental.","Good morning, my daughter was born last week. I want to apply for parental leave.",早上好，我女兒上週出生了。我想申請育兒假。,早上好，我女儿上周出生了。我想申请育儿假。,
seguranca_social,script,diálogo 2,Parabéns! O nascimento já está registado?,Congratulations! Is the birth already registered?,恭喜！出生已經登記了嗎？,恭喜！出生已经登记了吗？,
seguranca_social,script,diálogo 2,"Já, foi registado na maternidade.","Yes, it was registered at the maternity hospital.",登記了，在婦產醫院辦的。,登记了，在妇产医院办的。,
seguranca_social,script,diálogo 2,Então pode submeter o requerimento na Segurança Social Direta.,Then you can submit the application on the online portal.,那您可以在社保線上平台提交申請。,那您可以在社保线上平台提交申请。,
seguranca_social,script,diálogo 2,Quanto tempo de licença temos?,How much leave do we get?,我們有多長的假期？,我们有多长的假期？,
seguranca_social,script,diálogo 2,Depende da partilha entre os pais — o simulador do portal mostra as opções.,It depends on how parents share it — the portal's simulator shows the options.,取決於父母如何分配——平台的模擬器會顯示各種方案。,取决于父母如何分配——平台的模擬器会显示各种方案。,
seguranca_social,script,diálogo 3,Sou trabalhadora independente. Quando entrego a declaração trimestral?,I'm self-employed. When do I file the quarterly declaration?,我是自僱人士。季度申報什麼時候交？,我是自雇人士。季度申報什么时候交？,
seguranca_social,script,diálogo 3,"Em janeiro, abril, julho e outubro, na Segurança Social Direta.","In January, April, July and October, on the online portal.",一月、四月、七月和十月，在社保線上平台。,一月、四月、七月和十月，在社保线上平台。,
seguranca_social,script,diálogo 3,Comecei a atividade há três meses. Já pago contribuições?,I started my activity three months ago. Do I pay contributions already?,我三個月前開業。現在就要交供款嗎？,我三个月前开业。现在就要交供款吗？,
seguranca_social,script,diálogo 3,No primeiro ano tem isenção. Começa a pagar depois.,In the first year you're exempt. You start paying afterwards.,第一年豁免。之後才開始繳納。,第一年豁免。之后才开始缴納。,
seguranca_social,script,diálogo 3,E se um mês não tiver rendimentos?,And if one month I have no income?,如果某個月沒有收入呢？,如果某个月没有收入呢？,
seguranca_social,script,diálogo 3,Declara na mesma — o valor ajusta-se ao que declarar.,You still declare — the amount adjusts to what you report.,照樣申報——金額按您申報的收入調整。,照样申報——金额按您申報的收入调整。,
seguranca_social,cheat_sheet,,Quero pedir a licença parental.,I want to apply for parental leave.,我想申請育兒假。,我想申请育儿假。,
seguranca_social,cheat_sheet,,Quando entrego a declaração trimestral?,When do I file the quarterly declaration?,季度申報什麼時候交？,季度申報什么时候交？,
seguranca_social,cheat_sheet,,Tenho isenção no primeiro ano de atividade?,Am I exempt in my first year of activity?,開業第一年可以豁免供款嗎？,开业第一年可以豁免供款吗？,
seguranca_social,cheat_sheet,,Quero atualizar o IBAN para os pagamentos.,I want to update my IBAN for payments.,我想更新收款的IBAN。,我想更新收款的IBAN。,
seguranca_social,cheat_sheet,,Como peço o abono de família para o meu filho?,How do I apply for family allowance for my child?,怎麼給孩子申請家庭津貼？,怎么给孩子申请家庭津贴？,
arrendamento,vocabulário,,o anúncio,listing / advert,租房廣告,租房广告,
arrendamento,vocabulário,,a imobiliária,real estate agency,房產中介公司,房产中介公司,
arrendamento,vocabulário,,o agente imobiliário,real estate agent,房產中介,房产中介,
arrendamento,vocabulário,,o quarto individual / duplo,single / double room,單人房／雙人房,单人房／双人房,
arrendamento,vocabulário,,o aquecimento,heating,暖氣,暖气,
arrendamento,vocabulário,,o esquentador,gas water heater,燃氣熱水器,燃气热水器,Very common in PT flats; learn this word
arrendamento,vocabulário,,a caldeira,boiler,鍋爐,锅炉,
arrendamento,vocabulário,,o eletrodoméstico,household appliance,家用電器,家用电器,
arrendamento,vocabulário,,a máquina de lavar roupa / loiça,washing machine / dishwasher,洗衣機／洗碗機,洗衣机／洗碗机,
arrendamento,vocabulário,,avariado/a,broken / out of order,壞了／故障,坏了／故障,
arrendamento,vocabulário,,a reparação / o arranjo,repair,維修,维修,
arrendamento,vocabulário,,a humidade,damp,潮濕,潮湿,Chronic issue in Portuguese housing
arrendamento,vocabulário,,o bolor / o mofo,mould,霉菌,霉菌,
arrendamento,vocabulário,,a renda em atraso,overdue rent,拖欠租金,拖欠租金,
arrendamento,vocabulário,,o aumento da renda,rent increase,租金上漲,租金上涨,
arrendamento,vocabulário,,a vistoria / o inventário,inspection / inventory,驗房／物品清單,验房／物品清单,
arrendamento,vocabulário,,entregar as chaves,to hand over the keys,交還鑰匙,交还钥匙,
arrendamento,vocabulário,,a denúncia do contrato,termination notice (of tenancy),解約通知,解约通知,
arrendamento,vocabulário,,a devolução da caução,return of the deposit,退還押金,退还押金,
arrendamento,vocabulário,,o colega de casa,flatmate,室友,室友,
arrendamento,script,diálogo 2,"Boa tarde, o esquentador está avariado. Não temos água quente.","Good afternoon, the water heater is broken. We have no hot water.",下午好，熱水器壞了。我們沒有熱水。,下午好，热水器坏了。我们没有热水。,
arrendamento,script,diálogo 2,Desde quando?,Since when?,從什麼時候開始的？,从什么时候开始的？,
arrendamento,script,diálogo 2,"Desde ontem. E também há bolor no quarto, na parede da janela.","Since yesterday. And there's also mould in the bedroom, on the window wall.",從昨天開始。另外臥室窗邊牆上還有霉菌。,从昨天开始。另外臥室窗边墙上还有霉菌。,
arrendamento,script,diálogo 2,Vou mandar lá o técnico esta semana.,I'll send the technician this week.,我這週安排技師過去。,我这周安排技師过去。,
arrendamento,script,diálogo 2,"A reparação é por conta do senhorio, certo?","The repair is at the landlord's expense, right?",維修費由房東承擔，對吧？,维修费由房东承担，对吧？,
arrendamento,script,diálogo 2,"Sim, avarias do equipamento são responsabilidade minha.","Yes, equipment failures are my responsibility.",對，設備故障由我負責。,对，设備故障由我负责。,
arrendamento,script,diálogo 3,Queria avisar que vou sair da casa no fim do contrato.,I'd like to give notice that I'm leaving at the end of the contract.,我想通知您，合同到期後我要退租。,我想通知您，合同到期后我要退租。,
arrendamento,script,diálogo 3,Está bem. Tem de enviar a denúncia por carta registada.,Alright. You must send the termination notice by registered letter.,好的。您需要用掛號信寄解約通知。,好的。您需要用挂号信寄解约通知。,
arrendamento,script,diálogo 3,Com quanto tempo de antecedência?,With how much notice?,要提前多久？,要提前多久？,
arrendamento,script,diálogo 3,Depende da duração do contrato — verifique a cláusula.,It depends on the contract length — check the clause.,取決於合同期限——請查看相關條款。,取决于合同期限——请查看相关条款。,
arrendamento,script,diálogo 3,E a caução? Quando é devolvida?,And the deposit? When is it returned?,那押金什麼時候退？,那押金什么时候退？,
arrendamento,script,diálogo 3,"Depois da vistoria, se a casa estiver como no inventário.","After the inspection, if the flat matches the inventory.",驗房之後，如果房子和物品清單一致就退。,验房之后，如果房子和物品清单一致就退。,
arrendamento,cheat_sheet,,O esquentador está avariado — pode mandar arranjar?,The water heater is broken — can you have it repaired?,熱水器壞了——可以安排維修嗎？,热水器坏了——可以安排维修吗？,
arrendamento,cheat_sheet,,Há humidade e bolor no quarto.,There's damp and mould in the bedroom.,臥室裡有潮濕和霉菌。,臥室里有潮湿和霉菌。,
arrendamento,cheat_sheet,,A reparação é por conta do senhorio.,The repair is at the landlord's expense.,維修費由房東承擔。,维修费由房东承担。,
arrendamento,cheat_sheet,,Quando é devolvida a caução?,When is the deposit returned?,押金什麼時候退還？,押金什么时候退还？,
arrendamento,cheat_sheet,,Envio a denúncia por carta registada.,I'll send the termination notice by registered letter.,我會用掛號信寄解約通知。,我会用挂号信寄解约通知。,
transportes,vocabulário,,o passe mensal,monthly pass,月票,月票,
transportes,vocabulário,,o carregamento,top-up,充值,充值,
transportes,vocabulário,,o comboio urbano / regional / intercidades,suburban / regional / intercity train,市郊火車／區域火車／城際火車,市郊火车／区域火车／城际火车,
transportes,vocabulário,,a plataforma / a linha,platform / track,月台／站台,月台／站台,
transportes,vocabulário,,o sentido,direction,方向,方向,
transportes,vocabulário,,o transbordo / a correspondência,transfer / connection,換乘,换乘,
transportes,vocabulário,,a hora de ponta,rush hour,高峰時段,高峰时段,
transportes,vocabulário,,o título de transporte,valid ticket / travel document,有效車票,有效车票,
transportes,vocabulário,,viajar sem título,to travel without a valid ticket,無票乘車,无票乘车,Fines are many times the fare
transportes,vocabulário,,a tarifa reduzida / o desconto,reduced fare / discount,優惠票價／折扣,优惠票价／折扣,
transportes,vocabulário,,pedir paragem,to request the stop,按鈴下車,按鈴下车,Press the button or the bus won't stop
transportes,vocabulário,,"o TVDE (Uber, Bolt…)","ride-hailing (Uber, Bolt…)",網約車,网约车,
transportes,vocabulário,,o táxi,taxi,出租車,出租车,
transportes,vocabulário,,a estação de metro mais próxima,the nearest metro station,最近的地鐵站,最近的地铁站,
transportes,vocabulário,,a última / a primeira circulação,last / first service of the day,末班車／首班車,末班车／首班车,
transportes,vocabulário,,em atraso / suprimido,delayed / cancelled,晚點／取消,晚点／取消,
transportes,vocabulário,,a greve,strike,罷工,罢工,Check for transport strikes before travelling
transportes,vocabulário,,o lugar reservado,reserved seat,預留座位,预留座位,
transportes,vocabulário,,o bilhete de bordo,ticket bought on board,車上購票,车上购票,
transportes,vocabulário,,a app do operador,the operator's app,運營商應用程式,运營商应用程式,
transportes,script,diálogo 2,"Desculpe, de que linha parte o comboio para o Porto?","Excuse me, which platform does the Porto train leave from?",請問去波爾圖的火車從哪個站台出發？,请问去波爾图的火车从哪个站台出发？,
transportes,script,diálogo 2,Da linha 5. Mas está com dez minutos de atraso.,From platform 5. But it's ten minutes delayed.,5號站台。不過晚點十分鐘。,5号站台。不过晚点十分钟。,
transportes,script,diálogo 2,Tenho de fazer transbordo?,Do I need to change trains?,我需要換乘嗎？,我需要换乘吗？,
transportes,script,diálogo 2,"Não, este é direto. Tem lugar reservado?","No, this one is direct. Do you have a reserved seat?",不用，這班是直達。您有預留座位嗎？,不用，这班是直达。您有预留座位吗？,
transportes,script,diálogo 2,"Tenho, carruagem 3, lugar 42.","Yes, carriage 3, seat 42.",有，3號車廂42座。,有，3号车廂42座。,
transportes,script,diálogo 3,"Boa tarde, os títulos de transporte, por favor.","Good afternoon, tickets please.",下午好，請出示車票。,下午好，请出示车票。,
transportes,script,diálogo 3,Aqui está o meu passe.,Here's my pass.,這是我的月票。,这是我的月票。,
transportes,script,diálogo 3,Este passe não foi validado ao entrar.,This pass wasn't validated when you boarded.,這張卡上車時沒有打卡。,这张卡上车时没有打卡。,
transportes,script,diálogo 3,"Desculpe, não sabia que era preciso validar sempre.","Sorry, I didn't know I had to validate every time.",抱歉，我不知道每次都要打卡。,抱歉，我不知道每次都要打卡。,
transportes,script,diálogo 3,"Fica o aviso desta vez. Valide sempre, mesmo com passe mensal.","I'll let you off with a warning this time. Always validate, even with a monthly pass.",這次先警告。即使有月票也要每次打卡。,这次先警告。即使有月票也要每次打卡。,
transportes,cheat_sheet,,De que linha parte o comboio para…?,Which platform does the train to … leave from?,去……的火車從哪個站台出發？,去……的火车从哪个站台出发？,
transportes,cheat_sheet,,Tenho de fazer transbordo?,Do I need to transfer?,我需要換乘嗎？,我需要换乘吗？,
transportes,cheat_sheet,,Aqui está o meu passe — está validado.,Here's my pass — it's validated.,這是我的月票——已經打過卡了。,这是我的月票——已经打过卡了。,
transportes,cheat_sheet,,A que horas é a última circulação?,What time is the last service?,末班車是幾點？,末班车是几点？,
transportes,cheat_sheet,,Há greve hoje?,Is there a strike today?,今天有罷工嗎？,今天有罢工吗？,
trabalho_hotelaria,vocabulário,,a empregada de andares,room attendant / housekeeper,客房服務員,客房服务员,"The PT job title (not 'camareira', which is Brazilian)"
trabalho_hotelaria,vocabulário,,o rececionista,receptionist,前台接待員,前台接待员,
trabalho_hotelaria,vocabulário,,a reserva,reservation,預訂,预订,
trabalho_hotelaria,vocabulário,,o quarto duplo / individual / twin,double / single / twin room,大床房／單人房／雙床房,大床房／单人房／双床房,
trabalho_hotelaria,vocabulário,,a cama extra / o berço,extra bed / cot,加床／嬰兒床,加床／婴儿床,
trabalho_hotelaria,vocabulário,,o serviço de quartos,room service,客房送餐服務,客房送餐服务,
trabalho_hotelaria,vocabulário,,o cofre,safe,保險箱,保险箱,
trabalho_hotelaria,vocabulário,,o ar condicionado,air conditioning,空調,空调,
trabalho_hotelaria,vocabulário,,a reclamação,complaint,投訴,投诉,
trabalho_hotelaria,vocabulário,,reportar uma avaria,to report a fault,報修,報修,
trabalho_hotelaria,vocabulário,,a manutenção,maintenance,維修部,维修部,
trabalho_hotelaria,vocabulário,,o minibar / repor o minibar,minibar / to restock the minibar,迷你吧／補迷你吧,迷你吧／补迷你吧,
trabalho_hotelaria,vocabulário,,os amenities / os produtos de higiene,toiletries,客用洗漱用品,客用洗漱用品,
trabalho_hotelaria,vocabulário,,o letreiro «não incomodar»,'do not disturb' sign,「請勿打擾」牌,「请勿打擾」牌,
trabalho_hotelaria,vocabulário,,o late check-out,late check-out,延遲退房,延迟退房,
trabalho_hotelaria,vocabulário,,guardar a bagagem,to store luggage,寄存行李,寄存行李,
trabalho_hotelaria,vocabulário,,o elevador de serviço,service lift,員工電梯,员工电梯,
trabalho_hotelaria,vocabulário,,a rouparia,linen room,布草房,布草房,
trabalho_hotelaria,vocabulário,,o piso / o andar,floor,樓層,楼层,
trabalho_hotelaria,vocabulário,,a folha de tarefas,task sheet,工作任務單,工作任务单,
trabalho_hotelaria,script,diálogo 2,"Receção? Fala a Ana, do terceiro piso. O ar condicionado do 305 está avariado.","Reception? This is Ana, third floor. The AC in 305 is broken.",前台嗎？我是三樓的Ana。305房的空調壞了。,前台吗？我是三楼的Ana。305房的空调坏了。,
trabalho_hotelaria,script,diálogo 2,O hóspede está no quarto?,Is the guest in the room?,住客在房間嗎？,住客在房间吗？,
trabalho_hotelaria,script,diálogo 2,"Não, saiu agora. Deixou também uma reclamação sobre o barulho.","No, they just left. They also left a complaint about noise.",不在，剛出去。他們還投訴了噪音問題。,不在，刚出去。他们还投诉了噪音问题。,
trabalho_hotelaria,script,diálogo 2,Vou chamar a manutenção e registar a reclamação.,I'll call maintenance and log the complaint.,我叫維修部，並登記這個投訴。,我叫维修部，并登记这个投诉。,
trabalho_hotelaria,script,diálogo 2,Aviso quando o quarto estiver pronto.,I'll let you know when the room is ready.,房間弄好我通知你。,房间弄好我通知你。,
trabalho_hotelaria,script,diálogo 3,"Boa tarde, tenho uma reserva em nome de Chen.","Good afternoon, I have a reservation under Chen.",下午好，我有預訂，名字是Chen。,下午好，我有预订，名字是Chen。,
trabalho_hotelaria,script,diálogo 3,"Bem-vindo! Um quarto duplo, três noites, certo?","Welcome! A double room, three nights, correct?",歡迎！大床房三晚，對嗎？,欢迎！大床房三晚，对吗？,
trabalho_hotelaria,script,diálogo 3,Certo. É possível ter um berço para o bebé?,Correct. Is it possible to have a cot for the baby?,對。可以加一張嬰兒床嗎？,对。可以加一张婴儿床吗？,
trabalho_hotelaria,script,diálogo 3,"Com certeza, colocamos já no quarto.","Of course, we'll put one in the room right away.",當然，馬上給您放到房間。,当然，马上给您放到房间。,
trabalho_hotelaria,script,diálogo 3,E podemos fazer late check-out no domingo?,And can we have a late check-out on Sunday?,週日可以延遲退房嗎？,周日可以延迟退房吗？,
trabalho_hotelaria,script,diálogo 3,"Até às 14h, sem custo, conforme a disponibilidade.","Until 2 pm, free of charge, subject to availability.",視空房情況，可免費延至下午兩點。,视空房情况，可免费延至下午两点。,
trabalho_hotelaria,cheat_sheet,,O hóspede do [n.º] pediu um berço / uma cama extra.,The guest in [room] asked for a cot / extra bed.,[房號]的住客要一張嬰兒床／加床。,[房号]的住客要一张婴儿床／加床。,
trabalho_hotelaria,cheat_sheet,,O ar condicionado do [n.º] está avariado — chamo a manutenção.,The AC in [room] is broken — I'll call maintenance.,[房號]的空調壞了——我叫維修部。,[房号]的空调坏了——我叫维修部。,
trabalho_hotelaria,cheat_sheet,,Posso guardar a sua bagagem.,I can store your luggage.,我可以幫您寄存行李。,我可以帮您寄存行李。,
trabalho_hotelaria,cheat_sheet,,O check-out é até ao meio-dia.,Check-out is by noon.,退房時間是中午十二點前。,退房时间是中午十二点前。,
trabalho_hotelaria,cheat_sheet,,Falta roupa lavada na rouparia.,We're out of clean linen in the linen room.,布草房的乾淨布草不夠了。,布草房的干净布草不够了。,
trabalho_restauracao,vocabulário,,a reserva,reservation,訂位,订位,
trabalho_restauracao,vocabulário,,o couvert,"couvert (bread/olives, charged)",餐前小食（收費）,餐前小食（收费）,Charged if touched — a PT peculiarity to explain to tourists
trabalho_restauracao,vocabulário,,a entrada,starter,前菜,前菜,
trabalho_restauracao,vocabulário,,o prato principal,main course,主菜,主菜,
trabalho_restauracao,vocabulário,,a sobremesa,dessert,甜品,甜品,
trabalho_restauracao,vocabulário,,a dose / a meia dose,full / half portion,整份／半份,整份／半份,PT portion system — meia dose feeds one
trabalho_restauracao,vocabulário,,para partilhar,to share,分享（合吃）,分享（合吃）,
trabalho_restauracao,vocabulário,,a imperial / o fino,draught beer (Lisbon / Porto term),生啤（里斯本叫imperial，波爾圖叫fino）,生啤（里斯本叫imperial，波爾图叫fino）,
trabalho_restauracao,vocabulário,,mal passado / no ponto / bem passado,rare / medium / well done,三分熟／五分熟／全熟,三分熟／五分熟／全熟,
trabalho_restauracao,vocabulário,,vegetariano / sem glúten,vegetarian / gluten-free,素食／無麩質,素食／无麩质,
trabalho_restauracao,vocabulário,,a alergia alimentar,food allergy,食物過敏,食物过敏,
trabalho_restauracao,vocabulário,,a máquina (de pagamento),card machine,刷卡機,刷卡机,
trabalho_restauracao,vocabulário,,pagar em dinheiro / com cartão,to pay cash / by card,現金支付／刷卡,现金支付／刷卡,
trabalho_restauracao,vocabulário,,o troco,change,找零,找零,
trabalho_restauracao,vocabulário,,pagar em separado / junto,to pay separately / together,分開付／一起付,分开付／一起付,
trabalho_restauracao,vocabulário,,o chefe de sala,head waiter,領班,领班,
trabalho_restauracao,vocabulário,,o turno partido,split shift,兩頭班（分段班）,两头班（分段班）,Lunch + dinner service with a break between
trabalho_restauracao,vocabulário,,pôr / levantar a mesa,to set / clear the table,擺桌／收桌,摆桌／收桌,
trabalho_restauracao,vocabulário,,o cliente habitual,regular customer,熟客,熟客,
trabalho_restauracao,vocabulário,,a esplanada cheia,full terrace,露天座位已滿,露天座位已满,
trabalho_restauracao,script,diálogo 2,Boa noite! Alguma alergia alimentar?,Good evening! Any food allergies?,晚上好！有食物過敏嗎？,晚上好！有食物过敏吗？,
trabalho_restauracao,script,diálogo 2,"Sim, sou alérgica a marisco.","Yes, I'm allergic to shellfish.",有，我對海鮮過敏。,有，我对海鲜过敏。,
trabalho_restauracao,script,diálogo 2,Anotado. Como deseja o bife?,Noted. How would you like the steak?,記下了。牛排要幾分熟？,记下了。牛排要几分熟？,
trabalho_restauracao,script,diálogo 2,No ponto. Uma dose chega para dois?,Medium. Is one portion enough for two?,五分熟。一份夠兩個人吃嗎？,五分熟。一份够两个人吃吗？,
trabalho_restauracao,script,diálogo 2,Chega bem — as doses são generosas. Ou pedem meia dose cada.,Plenty — portions are generous. Or order a half portion each.,足夠——份量很大。也可以各點半份。,足够——份量很大。也可以各点半份。,
trabalho_restauracao,script,diálogo 2,Então uma dose para partilhar. E duas imperiais.,Then one portion to share. And two draught beers.,那就一份合吃。再來兩杯生啤。,那就一份合吃。再來两杯生啤。,
trabalho_restauracao,script,diálogo 3,"A conta, por favor. Pode ser em separado?","The bill, please. Can we pay separately?",結賬，麻煩您。可以分開付嗎？,结账，麻煩您。可以分开付吗？,
trabalho_restauracao,script,diálogo 3,Com certeza. Cartão ou dinheiro?,Of course. Card or cash?,當然。刷卡還是現金？,当然。刷卡还是现金？,
trabalho_restauracao,script,diálogo 3,Eu pago com cartão; ela em dinheiro.,I'll pay by card; she'll pay cash.,我刷卡；她付現金。,我刷卡；她付现金。,
trabalho_restauracao,script,diálogo 3,Aqui está a máquina. Quer fatura com contribuinte?,Here's the card machine. Would you like the receipt with your tax number?,這是刷卡機。要開帶稅號的發票嗎？,这是刷卡机。要开带税号的发票吗？,
trabalho_restauracao,script,diálogo 3,"Sim, por favor: 2-4-5…","Yes, please: 2-4-5…",要，麻煩您：2-4-5……,要，麻煩您：2-4-5……,
trabalho_restauracao,script,diálogo 3,Feito. Obrigado e boa noite!,Done. Thank you and good night!,好了。謝謝，晚安！,好了。谢谢，晚安！,
trabalho_restauracao,cheat_sheet,,Desejam o couvert?,Would you like the couvert?,需要餐前小食嗎？（收費）,需要餐前小食吗？（收费）,
trabalho_restauracao,cheat_sheet,,"Como deseja o bife — mal, no ponto ou bem passado?","How would you like the steak — rare, medium or well done?",牛排要幾分熟——三分、五分還是全熟？,牛排要几分熟——三分、五分还是全熟？,
trabalho_restauracao,cheat_sheet,,A meia dose chega para uma pessoa.,A half portion is enough for one person.,半份夠一個人吃。,半份够一个人吃。,
trabalho_restauracao,cheat_sheet,,Pagam junto ou em separado?,Together or separately?,一起付還是分開付？,一起付还是分开付？,
trabalho_restauracao,cheat_sheet,,Quer fatura com contribuinte?,Receipt with your tax number?,要開帶稅號的發票嗎？,要开带税号的发票吗？,
trabalho_limpezas,vocabulário,,passar a ferro,to iron,熨衣服,熨衣服,Often part of domestic cleaning jobs
trabalho_limpezas,vocabulário,,a tábua e o ferro de engomar,ironing board and iron,燙衣板和熨斗,烫衣板和熨斗,
trabalho_limpezas,vocabulário,,dobrar a roupa,to fold the laundry,疊衣服,叠衣服,
trabalho_limpezas,vocabulário,,estender a roupa,to hang out the laundry,晾衣服,晾衣服,
trabalho_limpezas,vocabulário,,a máquina de lavar / de secar,washing machine / dryer,洗衣機／烘乾機,洗衣机／烘干机,
trabalho_limpezas,vocabulário,,o detergente / o amaciador,detergent / fabric softener,洗滌劑／柔順劑,洗滌剂／柔顺剂,
trabalho_limpezas,vocabulário,,o desinfetante,disinfectant,消毒劑,消毒剂,
trabalho_limpezas,vocabulário,,o pano do pó,dust cloth,抹布,抹布,
trabalho_limpezas,vocabulário,,a esponja,sponge,海綿,海綿,
trabalho_limpezas,vocabulário,,limpar os vidros,to clean the windows,擦玻璃,擦玻璃,
trabalho_limpezas,vocabulário,,a limpeza a fundo,deep clean,深度清潔,深度清洁,Quote it higher than regular cleaning
trabalho_limpezas,vocabulário,,semanal / quinzenal,weekly / fortnightly,每週一次／每兩週一次,每周一次／每两周一次,
trabalho_limpezas,vocabulário,,a chave de casa,house key,家門鑰匙,家门钥匙,
trabalho_limpezas,vocabulário,,remarcar,to reschedule,改期,改期,
trabalho_limpezas,vocabulário,,avisar com antecedência,to give advance notice,提前通知,提前通知,
trabalho_limpezas,vocabulário,,o feriado,public holiday,公眾假期,公众假期,
trabalho_limpezas,vocabulário,,o pagamento por transferência,payment by bank transfer,轉帳付款,转账付款,
trabalho_limpezas,vocabulário,,aumentar o preço,to raise the price,漲價,涨价,
trabalho_limpezas,vocabulário,,o material de limpeza,cleaning supplies,清潔用品,清洁用品,
trabalho_limpezas,vocabulário,,a referência (de clientes),reference (from clients),客戶推薦信,客户推荐信,
trabalho_limpezas,script,diálogo 2,"Bom dia, Dona Teresa. Na sexta não posso ir — tenho consulta médica.","Good morning, Dona Teresa. I can't come on Friday — I have a medical appointment.",早上好，Teresa太太。週五我來不了——我有醫生預約。,早上好，Teresa太太。周五我來不了——我有医生预约。,
trabalho_limpezas,script,diálogo 2,Obrigada por avisar com antecedência. Pode vir no sábado?,Thanks for the advance notice. Can you come on Saturday?,謝謝提前通知。週六可以來嗎？,谢谢提前通知。周六可以來吗？,
trabalho_limpezas,script,diálogo 2,"Posso, de manhã. Às nove está bem?","I can, in the morning. Is nine okay?",可以，上午。九點行嗎？,可以，上午。九点行吗？,
trabalho_limpezas,script,diálogo 2,Perfeito. Deixo a chave no sítio do costume.,Perfect. I'll leave the key in the usual place.,好。鑰匙放在老地方。,好。钥匙放在老地方。,
trabalho_limpezas,script,diálogo 2,Combinado. Até sábado!,Agreed. See you Saturday!,說定了。週六見！,说定了。周六见！,
trabalho_limpezas,script,diálogo 3,A senhora também passa a ferro?,Do you also iron?,您也熨衣服嗎？,您也熨衣服吗？,
trabalho_limpezas,script,diálogo 3,"Passo, mas é mais uma hora de trabalho.","I do, but it's one more hour of work.",熨的，但要多算一小時工錢。,熨的，但要多算一小时工钱。,
trabalho_limpezas,script,diálogo 3,"E uma limpeza a fundo à cozinha, quanto custaria?","And a deep clean of the kitchen, how much would that cost?",廚房深度清潔要多少錢？,厨房深度清洁要多少钱？,
trabalho_limpezas,script,diálogo 3,A limpeza a fundo é ao preço de duas horas extra.,A deep clean is priced at two extra hours.,深度清潔按加兩小時計費。,深度清洁按加两小时计费。,
trabalho_limpezas,script,diálogo 3,"Está bem. E nos feriados, trabalha?",Alright. And do you work on public holidays?,好的。公眾假期您上班嗎？,好的。公众假期您上班吗？,
trabalho_limpezas,script,diálogo 3,"Só com combinação prévia, e o valor é a dobrar.","Only by prior arrangement, and the rate is double.",需要提前約定，而且工錢雙倍。,需要提前约定，而且工钱双倍。,
trabalho_limpezas,cheat_sheet,,Também passo a ferro — é mais uma hora.,I also iron — it's one more hour.,我也熨衣服——多算一小時。,我也熨衣服——多算一小时。,
trabalho_limpezas,cheat_sheet,,A limpeza a fundo custa mais.,A deep clean costs more.,深度清潔要加錢。,深度清洁要加钱。,
trabalho_limpezas,cheat_sheet,,Não posso ir na [dia] — podemos remarcar?,I can't come on [day] — can we reschedule?,[星期幾]我來不了——可以改期嗎？,[星期几]我來不了——可以改期吗？,
trabalho_limpezas,cheat_sheet,,Nos feriados o valor é a dobrar.,On public holidays the rate is double.,公眾假期工錢雙倍。,公众假期工钱双倍。,
trabalho_limpezas,cheat_sheet,,Posso dar referências de outros clientes.,I can provide references from other clients.,我可以提供其他客戶的推薦。,我可以提供其他客户的推荐。,
trabalho_construcao,vocabulário,,a ferramenta,tool,工具,工具,
trabalho_construcao,vocabulário,,o martelo,hammer,錘子,錘子,
trabalho_construcao,vocabulário,,o berbequim / a broca,drill / drill bit,電鑽／鑽頭,电钻／钻头,
trabalho_construcao,vocabulário,,a serra,saw,鋸子,锯子,
trabalho_construcao,vocabulário,,a chave de fendas,screwdriver,螺絲刀,螺絲刀,
trabalho_construcao,vocabulário,,a escada,ladder,梯子,梯子,
trabalho_construcao,vocabulário,,o ladrilho / o azulejo,floor tile / wall tile,地磚／瓷磚,地砖／瓷砖,
trabalho_construcao,vocabulário,,o pladur / o gesso,drywall / plaster,石膏板／石膏,石膏板／石膏,
trabalho_construcao,vocabulário,,a tinta / pintar,paint / to paint,油漆／刷漆,油漆／刷漆,
trabalho_construcao,vocabulário,,o rolo / o pincel,roller / brush,滾筒／刷子,滾筒／刷子,
trabalho_construcao,vocabulário,,o eletricista,electrician,電工,电工,
trabalho_construcao,vocabulário,,o canalizador,plumber,水管工,水管工,
trabalho_construcao,vocabulário,,a remodelação,renovation,翻新裝修,翻新装修,Most immigrant construction work is renovations
trabalho_construcao,vocabulário,,o entulho,rubble / construction waste,建築垃圾,建筑垃圾,
trabalho_construcao,vocabulário,,a carrinha,van,貨車（麵包車）,货车（面包车）,
trabalho_construcao,vocabulário,,descarregar o material,to unload materials,卸貨（材料）,卸货（材料）,
trabalho_construcao,vocabulário,,a fita métrica / medir,tape measure / to measure,捲尺／測量,捲尺／测量,
trabalho_construcao,vocabulário,,o nível,spirit level,水平尺,水平尺,
trabalho_construcao,vocabulário,,o orçamento,quote / estimate,報價,報价,
trabalho_construcao,vocabulário,,o seguro de acidentes de trabalho,workplace accident insurance,工傷保險,工伤保险,Employer must have it — ask
trabalho_construcao,script,diálogo 2,Hoje começamos a remodelação da casa de banho.,Today we start the bathroom renovation.,今天我們開始翻新浴室。,今天我们开始翻新浴室。,
trabalho_construcao,script,diálogo 2,Primeiro tiramos os azulejos velhos?,Do we remove the old tiles first?,先把舊瓷磚拆掉嗎？,先把旧瓷砖拆掉吗？,
trabalho_construcao,script,diálogo 2,Sim. O entulho vai para o contentor lá fora.,Yes. The rubble goes in the container outside.,對。建築垃圾放到外面的垃圾箱。,对。建筑垃圾放到外面的垃圾箱。,
trabalho_construcao,script,diálogo 2,Falta material — só temos meio saco de cimento.,We're short on materials — only half a bag of cement left.,材料不夠——水泥只剩半袋。,材料不够——水泥只剩半袋。,
trabalho_construcao,script,diálogo 2,Vou à loja com a carrinha. Precisas de mais alguma coisa?,I'll go to the shop with the van. Do you need anything else?,我開貨車去建材店。還需要別的嗎？,我开货车去建材店。还需要別的吗？,
trabalho_construcao,script,diálogo 2,Traz silicone e uma broca de seis.,Bring silicone and a size-six drill bit.,帶硅膠和一個六毫米鑽頭。,带硅胶和一个六毫米钻头。,
trabalho_construcao,script,diálogo 3,"Chefe, antes de começar: quando é o dia de pagamento?","Boss, before we start: when is payday?",老闆，開工前問一下：發工資是哪天？,老板，开工前问一下：发工资是哪天？,
trabalho_construcao,script,diálogo 3,"Ao dia 5 de cada mês, por transferência.","On the 5th of each month, by bank transfer.",每月5號，轉帳支付。,每月5号，转账支付。,
trabalho_construcao,script,diálogo 3,E temos seguro de acidentes de trabalho?,And do we have workplace accident insurance?,我們有工傷保險嗎？,我们有工伤保险吗？,
trabalho_construcao,script,diálogo 3,"Têm, está no contrato. O EPI também é fornecido.","You do, it's in the contract. PPE is provided too.",有，寫在合同裡。防護裝備也由我們提供。,有，写在合同里。防护装備也由我们提供。,
trabalho_construcao,script,diálogo 3,"Ótimo. E as horas extra, como são pagas?",Great. And how is overtime paid?,好。加班費怎麼算？,好。加班费怎么算？,
trabalho_construcao,script,diálogo 3,"Com acréscimo, conforme a lei.","With a supplement, as the law requires.",按法律規定加成支付。,按法律规定加成支付。,
trabalho_construcao,cheat_sheet,,Quando é o dia de pagamento?,When is payday?,發工資是哪天？,发工资是哪天？,
trabalho_construcao,cheat_sheet,,Temos seguro de acidentes de trabalho?,Do we have workplace accident insurance?,我們有工傷保險嗎？,我们有工伤保险吗？,
trabalho_construcao,cheat_sheet,,Falta material — vou à loja.,We're short on materials — I'll go to the shop.,材料不夠——我去建材店。,材料不够——我去建材店。,
trabalho_construcao,cheat_sheet,,Onde despejamos o entulho?,Where do we dump the rubble?,建築垃圾倒在哪裡？,建筑垃圾倒在哪里？,
trabalho_construcao,cheat_sheet,,As horas extra são pagas com acréscimo.,Overtime is paid at a higher rate.,加班費按加成支付。,加班费按加成支付。,
trabalho_entregas,vocabulário,,recolher / levantar o pedido,to pick up the order (at the restaurant),到店取單,到店取单,
trabalho_entregas,vocabulário,,o pedido ainda não está pronto,the order isn't ready yet,訂單還沒好,订单还没好,
trabalho_entregas,vocabulário,,a demora,delay / wait,等候／延誤,等候／延误,
trabalho_entregas,vocabulário,,o número do pedido,order number,訂單號,订单号,
trabalho_entregas,vocabulário,,a zona de entrega,delivery zone,配送區域,配送区域,
trabalho_entregas,vocabulário,,a taxa de entrega,delivery fee,配送費,配送费,
trabalho_entregas,vocabulário,,os ganhos,earnings,收入,收入,
trabalho_entregas,vocabulário,,o pagamento semanal,weekly payout,週結（每週結算）,周结（每周结算）,
trabalho_entregas,vocabulário,,a avaliação,rating,評分,评分,
trabalho_entregas,vocabulário,,o cliente não atende,the customer isn't answering,顧客不接電話,顾客不接电话,
trabalho_entregas,vocabulário,,cancelar a entrega,to cancel the delivery,取消配送,取消配送,
trabalho_entregas,vocabulário,,o suporte (da app),(app) support,平台客服,平台客服,
trabalho_entregas,vocabulário,,reportar um problema,to report a problem,上報問題,上報问题,
trabalho_entregas,vocabulário,,a morada errada,wrong address,地址錯誤,地址错误,
trabalho_entregas,vocabulário,,o pagamento em dinheiro / já pago,cash payment / already paid,現金支付／已在線支付,现金支付／已在线支付,
trabalho_entregas,vocabulário,,o capacete / o colete,helmet / hi-vis vest,頭盔／反光背心,头盔／反光背心,
trabalho_entregas,vocabulário,,estacionar,to park,停車,停车,
trabalho_entregas,vocabulário,,o elevador está avariado,the lift is broken,電梯壞了,电梯坏了,
trabalho_entregas,vocabulário,,a gorjeta na app,in-app tip,應用內小費,应用内小费,
trabalho_entregas,vocabulário,,a conta bloqueada,blocked account,帳號被封,账号被封,
trabalho_entregas,script,diálogo 2,"Boa noite, venho recolher o pedido 847.","Good evening, I'm here to pick up order 847.",晚上好，我來取847號訂單。,晚上好，我來取847号订单。,
trabalho_entregas,script,diálogo 2,Ainda não está pronto. Faltam dez minutos.,It's not ready yet. Ten more minutes.,還沒好。再等十分鐘。,还没好。再等十分钟。,
trabalho_entregas,script,diálogo 2,"Vou marcar a demora na app, está bem?","I'll log the delay in the app, okay?",我在應用裡標記等候，可以嗎？,我在应用里标记等候，可以吗？,
trabalho_entregas,script,diálogo 2,"Claro. Desculpa, a cozinha está cheia.","Sure. Sorry, the kitchen is slammed.",當然。抱歉，廚房太忙了。,当然。抱歉，厨房太忙了。,
trabalho_entregas,script,diálogo 2,Sem problema. Fico aqui à espera.,No problem. I'll wait here.,沒事。我在這兒等。,没事。我在这儿等。,
trabalho_entregas,script,diálogo 3,O cliente não atende e a morada parece errada.,The customer isn't answering and the address looks wrong.,顧客不接電話，地址好像也是錯的。,顾客不接电话，地址好像也是错的。,
trabalho_entregas,script,diálogo 3,Já ligaste duas vezes?,Have you called twice already?,已經打過兩次了嗎？,已经打过两次了吗？,
trabalho_entregas,script,diálogo 3,Já. Vou reportar ao suporte pela app.,Yes. I'll report it to support via the app.,打了。我通過應用上報客服。,打了。我通过应用上報客服。,
trabalho_entregas,script,diálogo 3,"Se não responderem em dez minutos, a entrega é cancelada.","If there's no answer in ten minutes, the delivery is cancelled.",如果十分鐘內沒回應，配送就取消。,如果十分钟内没回应，配送就取消。,
trabalho_entregas,script,diálogo 3,E o pagamento? Era em dinheiro.,And the payment? It was cash.,那貨款呢？這單是現金支付。,那货款呢？这单是现金支付。,
trabalho_entregas,script,diálogo 3,Segue as instruções do suporte — fica tudo registado.,Follow support's instructions — everything gets logged.,按客服的指示辦——都會有記錄。,按客服的指示办——都会有记录。,
trabalho_entregas,cheat_sheet,,Venho recolher o pedido n.º […],I'm here to pick up order no. […],我來取……號訂單。,我來取……号订单。,
trabalho_entregas,cheat_sheet,,O pedido ainda não está pronto — vou marcar a demora.,The order isn't ready — I'll log the delay.,訂單還沒好——我標記一下等候。,订单还没好——我标记一下等候。,
trabalho_entregas,cheat_sheet,,O cliente não atende — vou reportar ao suporte.,The customer isn't answering — I'll report it to support.,顧客不接電話——我上報客服。,顾客不接电话——我上報客服。,
trabalho_entregas,cheat_sheet,,A morada está errada — pode confirmar?,The address is wrong — can you confirm it?,地址不對——您能確認一下嗎？,地址不对——您能确认一下吗？,
trabalho_entregas,cheat_sheet,,É pagamento em dinheiro — tem troco?,It's a cash payment — do you have change?,現金支付——您有零錢找嗎？,现金支付——您有零钱找吗？,
